order_id,symbol,side_label,side_code,order_event_ts_utc8,order_event_ts_utc,order_stage,order_model,size,entry_price,linked_decision_log_id,linked_decision_stage,linked_decision_ts_utc8,linked_decision_ts_utc,linked_action,linked_reason,linked_selected_over_corrected,match_type
709951351949361395,cmt_ltcusdt,OPEN_LONG,1,2026-01-24T22:39:52.628+08:00,2026-01-24T14:39:52.628Z,Execution,SDM:momentum,0.5,68.74,f8ac7999-1fce-4df4-9669-a1cda9c7eb97,Decision Making,2026-01-24T22:39:51.522+08:00,2026-01-24T14:39:51.522Z,LONG,,,nearest_decision_symbol
710099572831027443,cmt_solusdt,OPEN_SHORT,2,2026-01-25T08:28:51.247+08:00,2026-01-25T00:28:51.247Z,Execution,SDM:momentum,0.2,126.98,f1a056be-1e43-46ec-9cf4-dc08f74b49c6,Decision Making,2026-01-25T08:28:50.081+08:00,2026-01-25T00:28:50.081Z,SHORT,,,nearest_decision_symbol
712689577822781683,cmt_solusdt,OPEN_SHORT,2,2026-02-01T12:00:36.555+08:00,2026-02-01T04:00:36.555Z,Execution,SDM:momentum,0.1,104.85,e09e23a0-2c7e-447a-8c78-890a9dbe5f6f,Decision Making,2026-02-01T12:00:35.413+08:00,2026-02-01T04:00:35.413Z,SHORT,,,nearest_decision_symbol
713032482416492787,cmt_xrpusdt,OPEN_SHORT,2,2026-02-02T10:43:11.379+08:00,2026-02-02T02:43:11.379Z,Execution,SDM:momentum,10.0,1.5949,c556ca1b-8b70-4bae-9e39-3fb935e915b5,Decision Making,2026-02-02T10:43:10.807+08:00,2026-02-02T02:43:10.807Z,SHORT,,,nearest_decision_symbol
713032496761012467,cmt_adausdt,OPEN_SHORT,2,2026-02-02T10:43:14.799+08:00,2026-02-02T02:43:14.799Z,Execution,SDM:momentum,40.0,0.2889,e299421b-e0c7-41a7-b227-a82a9ab6bb18,Decision Making,2026-02-02T10:43:14.234+08:00,2026-02-02T02:43:14.234Z,SHORT,,,nearest_decision_symbol
713032510975508723,cmt_bnbusdt,OPEN_SHORT,2,2026-02-02T10:43:18.188+08:00,2026-02-02T02:43:18.188Z,Execution,SDM:momentum,0.1,762.97,e2406a91-9b81-43c0-86db-d958936f93cf,Decision Making,2026-02-02T10:43:17.599+08:00,2026-02-02T02:43:17.599Z,SHORT,,,nearest_decision_symbol
713032525169033459,cmt_ltcusdt,OPEN_SHORT,2,2026-02-02T10:43:21.572+08:00,2026-02-02T02:43:21.572Z,Execution,SDM:momentum,0.2,59.1,de2b45ba-c21d-4826-9104-b79e12608168,Decision Making,2026-02-02T10:43:21.019+08:00,2026-02-02T02:43:21.019Z,SHORT,,,nearest_decision_symbol
713032539492581619,cmt_btcusdt,OPEN_SHORT,2,2026-02-02T10:43:24.987+08:00,2026-02-02T02:43:24.987Z,Execution,SDM:momentum,0.001,77009.0,af2162cf-eb8a-4ffc-931e-6336e3e4e709,Decision Making,2026-02-02T10:43:24.421+08:00,2026-02-02T02:43:24.421Z,SHORT,,,nearest_decision_symbol
713032553749020915,cmt_ethusdt,OPEN_SHORT,2,2026-02-02T10:43:28.386+08:00,2026-02-02T02:43:28.386Z,Execution,SDM:momentum,0.01,2277.41,aff424cb-69fe-4374-a946-2df57c709f94,Decision Making,2026-02-02T10:43:27.813+08:00,2026-02-02T02:43:27.813Z,SHORT,,,nearest_decision_symbol
713032568525553907,cmt_dogeusdt,OPEN_SHORT,2,2026-02-02T10:43:31.913+08:00,2026-02-02T02:43:31.913Z,Execution,SDM:momentum,100.0,0.10412,cec39060-c383-4bad-91eb-8d7ba21dda3a,Decision Making,2026-02-02T10:43:31.310+08:00,2026-02-02T02:43:31.310Z,SHORT,,,nearest_decision_symbol
715027400227816179,cmt_solusdt,OPEN_SHORT,2,2026-02-07T22:50:16.846+08:00,2026-02-07T14:50:16.846Z,Execution,SDM:momentum,0.3,85.68,a5cacbcc-a488-4f0d-ac71-03a503624b91,Decision Making,2026-02-07T22:50:16.265+08:00,2026-02-07T14:50:16.265Z,SHORT,,,nearest_decision_symbol
715027414538781427,cmt_dogeusdt,OPEN_SHORT,2,2026-02-07T22:50:20.258+08:00,2026-02-07T14:50:20.258Z,Execution,SDM:momentum,300.0,0.0956,87fb93d3-0e66-476f-b92a-61562d7a5cab,Decision Making,2026-02-07T22:50:19.688+08:00,2026-02-07T14:50:19.688Z,SHORT,,,nearest_decision_symbol
715027428916855539,cmt_xrpusdt,OPEN_SHORT,2,2026-02-07T22:50:23.687+08:00,2026-02-07T14:50:23.687Z,Execution,SDM:momentum,20.0,1.3963,4f1fef92-d5d1-47ea-9a8b-0e692e53cc98,Decision Making,2026-02-07T22:50:23.104+08:00,2026-02-07T14:50:23.104Z,SHORT,,,nearest_decision_symbol
715027443215237875,cmt_adausdt,OPEN_SHORT,2,2026-02-07T22:50:27.093+08:00,2026-02-07T14:50:27.093Z,Execution,SDM:momentum,110.0,0.269,52ca4fe9-cfaf-467d-a4d1-62cd195baf1c,Decision Making,2026-02-07T22:50:26.517+08:00,2026-02-07T14:50:26.517Z,SHORT,,,nearest_decision_symbol
715027457891107571,cmt_bnbusdt,OPEN_SHORT,2,2026-02-07T22:50:30.607+08:00,2026-02-07T14:50:30.607Z,Execution,SDM:momentum,0.1,635.82,957780c3-2924-4d8e-b48d-e458720aad77,Decision Making,2026-02-07T22:50:30.011+08:00,2026-02-07T14:50:30.011Z,SHORT,,,nearest_decision_symbol
715027472638280435,cmt_ltcusdt,OPEN_SHORT,2,2026-02-07T22:50:34.111+08:00,2026-02-07T14:50:34.111Z,Execution,SDM:momentum,0.5,53.72,6caeafa0-4e73-4a6e-8602-95138ef89b77,Decision Making,2026-02-07T22:50:33.507+08:00,2026-02-07T14:50:33.507Z,SHORT,,,nearest_decision_symbol
715027487242846963,cmt_btcusdt,OPEN_SHORT,2,2026-02-07T22:50:37.591+08:00,2026-02-07T14:50:37.591Z,Execution,SDM:momentum,0.001,68585.3,64b7d1ec-5431-4b2e-8dc8-a875955cac31,Decision Making,2026-02-07T22:50:37.013+08:00,2026-02-07T14:50:37.013Z,SHORT,,,nearest_decision_symbol
715027501583172339,cmt_ethusdt,OPEN_SHORT,2,2026-02-07T22:50:41.011+08:00,2026-02-07T14:50:41.011Z,Execution,SDM:momentum,0.01,2018.55,a2d0b979-5ef9-45e7-8058-5adf89c6d2f5,Decision Making,2026-02-07T22:50:40.443+08:00,2026-02-07T14:50:40.443Z,SHORT,,,nearest_decision_symbol
715028873380627187,cmt_btcusdt,OPEN_SHORT,2,2026-02-07T22:56:08.063+08:00,2026-02-07T14:56:08.063Z,Execution,SDM:momentum,0.001,68532.6,dae10415-7832-40e4-be52-51c63ed369d0,Decision Making,2026-02-07T22:56:07.479+08:00,2026-02-07T14:56:07.479Z,SHORT,,,nearest_decision_symbol
715170389268890355,cmt_solusdt,OPEN_SHORT,2,2026-02-08T08:18:28.093+08:00,2026-02-08T00:18:28.093Z,Order Execution,SDM:momentum,0.3,87.23,8e39f12d-4338-4aeb-862b-1bd5f8e56e65,Decision Making,2026-02-08T08:18:27.509+08:00,2026-02-08T00:18:27.509Z,SHORT,,,nearest_decision_symbol
715170404531962611,cmt_dogeusdt,OPEN_SHORT,2,2026-02-08T08:18:31.735+08:00,2026-02-08T00:18:31.735Z,Order Execution,SDM:momentum,300.0,0.09785,c491d31b-bfc5-4c36-ae2c-566035e46bfb,Decision Making,2026-02-08T08:18:31.097+08:00,2026-02-08T00:18:31.097Z,SHORT,,,nearest_decision_symbol
715170419954418419,cmt_xrpusdt,OPEN_SHORT,2,2026-02-08T08:18:35.412+08:00,2026-02-08T00:18:35.412Z,Order Execution,SDM:momentum,20.0,1.4195,21d3974a-0caa-4da3-9174-eac583655a17,Decision Making,2026-02-08T08:18:34.829+08:00,2026-02-08T00:18:34.829Z,SHORT,,,nearest_decision_symbol
715170435049718515,cmt_adausdt,OPEN_SHORT,2,2026-02-08T08:18:39.022+08:00,2026-02-08T00:18:39.022Z,Order Execution,SDM:momentum,110.0,0.2716,4b25a9f2-b1fd-4288-b980-1cd0b0bba144,Decision Making,2026-02-08T08:18:38.392+08:00,2026-02-08T00:18:38.392Z,SHORT,,,nearest_decision_symbol
715170450958713587,cmt_bnbusdt,OPEN_SHORT,2,2026-02-08T08:18:42.812+08:00,2026-02-08T00:18:42.812Z,Order Execution,SDM:momentum,0.1,647.32,720c1168-2044-4a47-966b-3500d103af77,Decision Making,2026-02-08T08:18:42.129+08:00,2026-02-08T00:18:42.129Z,SHORT,,,nearest_decision_symbol
715170466037236467,cmt_ltcusdt,OPEN_SHORT,2,2026-02-08T08:18:46.398+08:00,2026-02-08T00:18:46.398Z,Order Execution,SDM:momentum,0.5,55.02,dc2b872f-7dbc-42e7-9c79-8ca35bd41be6,Exit Decision,2026-02-08T08:18:47.841+08:00,2026-02-08T00:18:47.841Z,,,,exact_order_id
715170466037236467,cmt_ltcusdt,UNKNOWN,,2026-02-08T08:18:47.841+08:00,2026-02-08T00:18:47.841Z,Exit Decision,PositionMonitor,0.5,55.02,dc2b872f-7dbc-42e7-9c79-8ca35bd41be6,Exit Decision,2026-02-08T08:18:47.841+08:00,2026-02-08T00:18:47.841Z,,,,exact_order_id
715170482030117619,cmt_btcusdt,OPEN_SHORT,2,2026-02-08T08:18:50.209+08:00,2026-02-08T00:18:50.209Z,Order Execution,SDM:momentum,0.001,69206.8,b63d8b05-55b4-4b2e-ae21-e6b4203a896b,Decision Making,2026-02-08T08:18:49.587+08:00,2026-02-08T00:18:49.587Z,SHORT,,,nearest_decision_symbol
715170497272218355,cmt_ethusdt,OPEN_SHORT,2,2026-02-08T08:18:53.854+08:00,2026-02-08T00:18:53.854Z,Order Execution,SDM:momentum,0.01,2084.81,43b5d7a7-bd12-418c-9bf0-22ab6a470850,Decision Making,2026-02-08T08:18:53.237+08:00,2026-02-08T00:18:53.237Z,SHORT,,,nearest_decision_symbol
715171894172582643,cmt_ltcusdt,OPEN_SHORT,2,2026-02-08T08:24:26.895+08:00,2026-02-08T00:24:26.895Z,Order Execution,SDM:momentum,0.5,54.94,08e8020b-19f8-459e-bbd7-f7fa2b8fbdef,Decision Making,2026-02-08T08:24:26.292+08:00,2026-02-08T00:24:26.292Z,SHORT,,,nearest_decision_symbol
715272238252688115,cmt_solusdt,OPEN_SHORT,2,2026-02-08T15:03:10.796+08:00,2026-02-08T07:03:10.796Z,Order Execution,SDM:momentum,0.3,87.17,1ea1f520-672a-45b9-9584-67e6566c0abf,Decision Making,2026-02-08T15:03:10.164+08:00,2026-02-08T07:03:10.164Z,SHORT,,,nearest_decision_symbol
715272253784195827,cmt_dogeusdt,OPEN_SHORT,2,2026-02-08T15:03:14.500+08:00,2026-02-08T07:03:14.500Z,Order Execution,SDM:momentum,300.0,0.0969,2cfd42e6-eeac-4046-a367-70dce5e73fe9,Decision Making,2026-02-08T15:03:13.848+08:00,2026-02-08T07:03:13.848Z,SHORT,,,nearest_decision_symbol
715272269177291507,cmt_xrpusdt,OPEN_SHORT,2,2026-02-08T15:03:18.157+08:00,2026-02-08T07:03:18.157Z,Order Execution,SDM:momentum,20.0,1.4181,e2cc0aac-ace9-4ef6-ab2f-971b50ca27c9,Decision Making,2026-02-08T15:03:17.525+08:00,2026-02-08T07:03:17.525Z,SHORT,,,nearest_decision_symbol
715272284327117555,cmt_adausdt,OPEN_SHORT,2,2026-02-08T15:03:21.780+08:00,2026-02-08T07:03:21.780Z,Order Execution,SDM:momentum,110.0,0.2704,41c9af2c-f5b3-43b8-9dd2-8383ba399245,Decision Making,2026-02-08T15:03:21.157+08:00,2026-02-08T07:03:21.157Z,SHORT,,,nearest_decision_symbol
715272299976065779,cmt_bnbusdt,OPEN_SHORT,2,2026-02-08T15:03:25.502+08:00,2026-02-08T07:03:25.502Z,Order Execution,SDM:momentum,0.1,640.84,82445ac0-262e-477a-8aa6-deeb25d99df9,Decision Making,2026-02-08T15:03:24.897+08:00,2026-02-08T07:03:24.897Z,SHORT,,,nearest_decision_symbol
715272315910226675,cmt_ltcusdt,OPEN_SHORT,2,2026-02-08T15:03:29.303+08:00,2026-02-08T07:03:29.303Z,Order Execution,SDM:momentum,0.5,55.04,2bfc2b1c-44bd-4ca0-8f12-072d8b03c3b8,Exit Decision,2026-02-08T15:03:30.151+08:00,2026-02-08T07:03:30.151Z,,,,exact_order_id
715272315910226675,cmt_ltcusdt,UNKNOWN,,2026-02-08T15:03:30.151+08:00,2026-02-08T07:03:30.151Z,Exit Decision,PositionMonitor,0.5,55.04,2bfc2b1c-44bd-4ca0-8f12-072d8b03c3b8,Exit Decision,2026-02-08T15:03:30.151+08:00,2026-02-08T07:03:30.151Z,,,,exact_order_id
715272331882136307,cmt_btcusdt,OPEN_SHORT,2,2026-02-08T15:03:33.117+08:00,2026-02-08T07:03:33.117Z,Order Execution,SDM:momentum,0.001,69319.9,582b586c-ed4e-48a7-bf1d-16d0f199db4d,Decision Making,2026-02-08T15:03:32.477+08:00,2026-02-08T07:03:32.477Z,SHORT,,,nearest_decision_symbol
715272347971486451,cmt_ethusdt,OPEN_SHORT,2,2026-02-08T15:03:36.946+08:00,2026-02-08T07:03:36.946Z,Order Execution,SDM:momentum,0.01,2080.13,7daa0ecb-863b-4007-aae0-94fd1fd8b461,Decision Making,2026-02-08T15:03:36.309+08:00,2026-02-08T07:03:36.309Z,SHORT,,,nearest_decision_symbol
715273745278698227,cmt_ltcusdt,OPEN_SHORT,2,2026-02-08T15:09:10.092+08:00,2026-02-08T07:09:10.092Z,Order Execution,SDM:momentum,0.5,54.91,98fbf97c-ef48-4b24-a401-05651d945889,Decision Making,2026-02-08T15:09:09.467+08:00,2026-02-08T07:09:09.467Z,SHORT,,,nearest_decision_symbol
715347959645995763,cmt_solusdt,OPEN_SHORT,2,2026-02-08T20:04:04.168+08:00,2026-02-08T12:04:04.168Z,Order Execution,SDM:momentum,0.3,88.03,db4f2bcc-20d2-4e28-aa0e-b435f0053a6a,Decision Making,2026-02-08T20:04:03.592+08:00,2026-02-08T12:04:03.592Z,SHORT,,,nearest_decision_symbol
715347975378830067,cmt_dogeusdt,OPEN_SHORT,2,2026-02-08T20:04:07.926+08:00,2026-02-08T12:04:07.926Z,Order Execution,SDM:momentum,300.0,0.09805,dff9b466-43d3-443b-bc1c-3454c8a10f93,Decision Making,2026-02-08T20:04:07.318+08:00,2026-02-08T12:04:07.318Z,SHORT,,,nearest_decision_symbol
715347990289580787,cmt_xrpusdt,OPEN_SHORT,2,2026-02-08T20:04:11.481+08:00,2026-02-08T12:04:11.481Z,Order Execution,SDM:momentum,20.0,1.4496,d16f7356-420c-451b-aa52-bae75ae9f404,Decision Making,2026-02-08T20:04:10.882+08:00,2026-02-08T12:04:10.882Z,SHORT,,,nearest_decision_symbol
715348005913363187,cmt_adausdt,OPEN_SHORT,2,2026-02-08T20:04:15.213+08:00,2026-02-08T12:04:15.213Z,Order Execution,SDM:momentum,110.0,0.2737,dcf670db-1781-4071-b78f-2527bf92f5ed,Decision Making,2026-02-08T20:04:14.581+08:00,2026-02-08T12:04:14.581Z,SHORT,,,nearest_decision_symbol
715348021222572787,cmt_bnbusdt,OPEN_SHORT,2,2026-02-08T20:04:18.856+08:00,2026-02-08T12:04:18.856Z,Order Execution,SDM:momentum,0.1,644.4,01a6c273-a8a8-4d14-937e-377cd8f987b6,Decision Making,2026-02-08T20:04:18.253+08:00,2026-02-08T12:04:18.253Z,SHORT,,,nearest_decision_symbol
715348036561142515,cmt_ltcusdt,OPEN_SHORT,2,2026-02-08T20:04:22.510+08:00,2026-02-08T12:04:22.510Z,Order Execution,SDM:momentum,0.5,55.33,b105db72-c5af-46e9-8dbf-da8d97eb5dea,Exit Decision,2026-02-08T20:04:24.060+08:00,2026-02-08T12:04:24.060Z,,,,exact_order_id
715348036561142515,cmt_ltcusdt,UNKNOWN,,2026-02-08T20:04:24.060+08:00,2026-02-08T12:04:24.060Z,Exit Decision,PositionMonitor,0.5,55.33,b105db72-c5af-46e9-8dbf-da8d97eb5dea,Exit Decision,2026-02-08T20:04:24.060+08:00,2026-02-08T12:04:24.060Z,,,,exact_order_id
715350872187470579,cmt_ltcusdt,OPEN_SHORT,2,2026-02-08T20:15:38.580+08:00,2026-02-08T12:15:38.580Z,Order Execution,SDM:momentum,0.5,55.24,1ed36bc2-432a-4443-84c3-6ac867799351,Decision Making,2026-02-08T20:15:37.970+08:00,2026-02-08T12:15:37.970Z,SHORT,,,nearest_decision_symbol
715375924081591027,cmt_solusdt,OPEN_SHORT,2,2026-02-08T21:55:11.422+08:00,2026-02-08T13:55:11.422Z,Order Execution,SDM:momentum,0.3,88.36,faf1810d-252a-4ea8-8e97-f796b6aa06cd,Decision Making,2026-02-08T21:55:10.793+08:00,2026-02-08T13:55:10.793Z,SHORT,,,nearest_decision_symbol
715375942314230515,cmt_dogeusdt,OPEN_SHORT,2,2026-02-08T21:55:15.761+08:00,2026-02-08T13:55:15.761Z,Order Execution,SDM:momentum,300.0,0.09818,d79fbd7b-9603-42aa-9977-1fb3128ec537,Decision Making,2026-02-08T21:55:15.171+08:00,2026-02-08T13:55:15.171Z,SHORT,,,nearest_decision_symbol
715375960483955443,cmt_xrpusdt,OPEN_SHORT,2,2026-02-08T21:55:20.092+08:00,2026-02-08T13:55:20.092Z,Order Execution,SDM:momentum,20.0,1.4595,9bfd9cf5-4e3d-46a1-8358-0940e984c358,Decision Making,2026-02-08T21:55:19.487+08:00,2026-02-08T13:55:19.487Z,SHORT,,,nearest_decision_symbol
715375978808869619,cmt_adausdt,OPEN_SHORT,2,2026-02-08T21:55:24.460+08:00,2026-02-08T13:55:24.460Z,Order Execution,SDM:momentum,110.0,0.2736,6fe99d54-664b-4df9-a704-4d89c22ae9e1,Decision Making,2026-02-08T21:55:23.832+08:00,2026-02-08T13:55:23.832Z,SHORT,,,nearest_decision_symbol
715375997238641395,cmt_bnbusdt,OPEN_SHORT,2,2026-02-08T21:55:28.865+08:00,2026-02-08T13:55:28.865Z,Order Execution,SDM:momentum,0.1,644.02,8ab47e15-e783-419e-9bd2-29d0a119a50b,Decision Making,2026-02-08T21:55:28.221+08:00,2026-02-08T13:55:28.221Z,SHORT,,,nearest_decision_symbol
715376015446115059,cmt_ltcusdt,OPEN_SHORT,2,2026-02-08T21:55:33.205+08:00,2026-02-08T13:55:33.205Z,Order Execution,SDM:momentum,0.5,55.16,36d35a3b-d6b7-457a-af05-92cdfbd62bc8,Exit Decision,2026-02-08T21:55:37.024+08:00,2026-02-08T13:55:37.024Z,,,,exact_order_id
715376015446115059,cmt_ltcusdt,UNKNOWN,,2026-02-08T21:55:37.024+08:00,2026-02-08T13:55:37.024Z,Exit Decision,PositionMonitor,0.5,55.16,36d35a3b-d6b7-457a-af05-92cdfbd62bc8,Exit Decision,2026-02-08T21:55:37.024+08:00,2026-02-08T13:55:37.024Z,,,,exact_order_id
715377510069568243,cmt_btcusdt,OPEN_SHORT,2,2026-02-08T22:01:29.543+08:00,2026-02-08T14:01:29.543Z,Order Execution,SDM:momentum,0.001,71397.6,1b404f36-3beb-4606-9008-d514326ad1a2,Decision Making,2026-02-08T22:01:28.954+08:00,2026-02-08T14:01:28.954Z,SHORT,,,nearest_decision_symbol
715378947751150323,cmt_ltcusdt,OPEN_SHORT,2,2026-02-08T22:07:12.323+08:00,2026-02-08T14:07:12.323Z,Order Execution,SDM:momentum,0.5,55.29,711dddfd-ab53-49e1-875f-041c1893a100,Exit Decision,2026-02-08T22:07:13.704+08:00,2026-02-08T14:07:13.704Z,,,,exact_order_id
715378947751150323,cmt_ltcusdt,UNKNOWN,,2026-02-08T22:07:13.704+08:00,2026-02-08T14:07:13.704Z,Exit Decision,PositionMonitor,0.5,55.29,711dddfd-ab53-49e1-875f-041c1893a100,Exit Decision,2026-02-08T22:07:13.704+08:00,2026-02-08T14:07:13.704Z,,,,exact_order_id
715380320941114099,cmt_ltcusdt,OPEN_SHORT,2,2026-02-08T22:12:39.706+08:00,2026-02-08T14:12:39.706Z,Order Execution,SDM:momentum,0.5,55.33,675b219e-e915-4709-a3f5-8c79daf7562b,Decision Making,2026-02-08T22:12:39.115+08:00,2026-02-08T14:12:39.115Z,SHORT,,,nearest_decision_symbol
715399055668151027,cmt_ethusdt,OPEN_SHORT,2,2026-02-08T23:27:06.422+08:00,2026-02-08T15:27:06.422Z,Order Execution,SDM:momentum,0.01,2102.29,c8b5345f-28bb-4f0d-a229-770a8a0b260a,Decision Making,2026-02-08T23:27:05.788+08:00,2026-02-08T15:27:05.788Z,SHORT,,,nearest_decision_symbol
715433173080605427,cmt_solusdt,OPEN_SHORT,2,2026-02-09T01:42:40.649+08:00,2026-02-08T17:42:40.649Z,Order Execution,SDM:momentum,0.3,86.86,25e62313-a25e-4405-bb41-82ea5deba2c2,Decision Making,2026-02-09T01:42:39.973+08:00,2026-02-08T17:42:39.973Z,SHORT,,,nearest_decision_symbol
715433189073486579,cmt_dogeusdt,OPEN_SHORT,2,2026-02-09T01:42:44.453+08:00,2026-02-08T17:42:44.453Z,Order Execution,SDM:momentum,300.0,0.09631,a845b466-8ed9-44af-8924-29cc2cd8875e,Decision Making,2026-02-09T01:42:43.806+08:00,2026-02-08T17:42:43.806Z,SHORT,,,nearest_decision_symbol
715433214381916915,cmt_adausdt,OPEN_SHORT,2,2026-02-09T01:42:50.484+08:00,2026-02-08T17:42:50.484Z,Order Execution,SDM:momentum,110.0,0.2704,4310ab12-f189-4c0e-873e-f8a7ef4c6a4d,Decision Making,2026-02-09T01:42:49.898+08:00,2026-02-08T17:42:49.898Z,SHORT,,,nearest_decision_symbol
715433229942784755,cmt_bnbusdt,OPEN_SHORT,2,2026-02-09T01:42:54.198+08:00,2026-02-08T17:42:54.198Z,Order Execution,SDM:momentum,0.1,638.69,416e4c78-2ed1-4b44-9fec-24d1674c5d3f,Decision Making,2026-02-09T01:42:53.586+08:00,2026-02-08T17:42:53.586Z,SHORT,,,nearest_decision_symbol
715433245717562099,cmt_ltcusdt,OPEN_SHORT,2,2026-02-09T01:42:57.966+08:00,2026-02-08T17:42:57.966Z,Order Execution,SDM:momentum,0.5,54.28,abad82b0-386e-436b-8036-35abf91d697b,Exit Decision,2026-02-09T01:42:59.095+08:00,2026-02-08T17:42:59.095Z,,,,exact_order_id
715433245717562099,cmt_ltcusdt,UNKNOWN,,2026-02-09T01:42:59.095+08:00,2026-02-08T17:42:59.095Z,Exit Decision,PositionMonitor,0.5,54.28,abad82b0-386e-436b-8036-35abf91d697b,Exit Decision,2026-02-09T01:42:59.095+08:00,2026-02-08T17:42:59.095Z,,,,exact_order_id
715434692601447155,cmt_ltcusdt,OPEN_SHORT,2,2026-02-09T01:48:42.920+08:00,2026-02-08T17:48:42.920Z,Order Execution,SDM:momentum,0.5,54.31,b0af4f95-603b-43b3-9c84-4721ad6e93f3,Decision Making,2026-02-09T01:48:42.288+08:00,2026-02-08T17:48:42.288Z,SHORT,,,nearest_decision_symbol
715461678073905907,cmt_solusdt,OPEN_SHORT,2,2026-02-09T03:35:56.767+08:00,2026-02-08T19:35:56.767Z,Order Execution,SDM:momentum,0.3,88.02,2fcf9290-a06a-484c-92f9-f19b7ea5472e,Decision Making,2026-02-09T03:35:56.087+08:00,2026-02-08T19:35:56.087Z,SHORT,,,nearest_decision_symbol
715461695849366259,cmt_dogeusdt,OPEN_SHORT,2,2026-02-09T03:36:00.997+08:00,2026-02-08T19:36:00.997Z,Order Execution,SDM:momentum,300.0,0.0973,2ca3afc5-0a92-4fbb-b8ff-43d619b944c2,Decision Making,2026-02-09T03:36:00.413+08:00,2026-02-08T19:36:00.413Z,SHORT,,,nearest_decision_symbol
715461727675745011,cmt_adausdt,OPEN_SHORT,2,2026-02-09T03:36:08.593+08:00,2026-02-08T19:36:08.593Z,Order Execution,SDM:momentum,110.0,0.2736,ddaa6531-7e2a-4e08-9e8c-2076a4b16e83,Decision Making,2026-02-09T03:36:07.954+08:00,2026-02-08T19:36:07.954Z,SHORT,,,nearest_decision_symbol
715461746248123123,cmt_bnbusdt,OPEN_SHORT,2,2026-02-09T03:36:13.015+08:00,2026-02-08T19:36:13.015Z,Order Execution,SDM:momentum,0.1,647.25,600daba9-5bc9-4fe8-8096-d37f16abcdef,Decision Making,2026-02-09T03:36:12.369+08:00,2026-02-08T19:36:12.369Z,SHORT,,,nearest_decision_symbol
715461763545432819,cmt_ltcusdt,OPEN_SHORT,2,2026-02-09T03:36:17.133+08:00,2026-02-08T19:36:17.133Z,Order Execution,SDM:momentum,0.5,54.79,044b6f18-7ee4-487d-bc46-08c656ef05de,Decision Making,2026-02-09T03:36:16.547+08:00,2026-02-08T19:36:16.547Z,SHORT,,,nearest_decision_symbol
715488832635536115,cmt_solusdt,OPEN_SHORT,2,2026-02-09T05:23:50.913+08:00,2026-02-08T21:23:50.913Z,Order Execution,SDM:momentum,0.3,87.21,90945336-ce52-414a-a261-622bad52a784,Decision Making,2026-02-09T05:23:50.278+08:00,2026-02-08T21:23:50.278Z,SHORT,,,nearest_decision_symbol
715488850310333171,cmt_dogeusdt,OPEN_SHORT,2,2026-02-09T05:23:55.127+08:00,2026-02-08T21:23:55.127Z,Order Execution,SDM:momentum,300.0,0.09679,a7cc2a4b-05df-446c-a862-1a74e2633c27,Decision Making,2026-02-09T05:23:54.499+08:00,2026-02-08T21:23:54.499Z,SHORT,,,nearest_decision_symbol
715488881037804275,cmt_adausdt,OPEN_SHORT,2,2026-02-09T05:24:02.450+08:00,2026-02-08T21:24:02.450Z,Order Execution,SDM:momentum,110.0,0.2715,f16370e5-6cf9-4f1f-b80b-c7b5946bc52f,Decision Making,2026-02-09T05:24:01.823+08:00,2026-02-08T21:24:01.823Z,SHORT,,,nearest_decision_symbol
715488898687435507,cmt_bnbusdt,OPEN_SHORT,2,2026-02-09T05:24:06.661+08:00,2026-02-08T21:24:06.661Z,Order Execution,SDM:momentum,0.1,646.01,e25059d4-a81c-4149-90a3-940a168b9a6a,Decision Making,2026-02-09T05:24:06.046+08:00,2026-02-08T21:24:06.046Z,SHORT,,,nearest_decision_symbol
715488916811023091,cmt_ltcusdt,OPEN_SHORT,2,2026-02-09T05:24:10.980+08:00,2026-02-08T21:24:10.980Z,Order Execution,SDM:momentum,0.5,54.47,517b3814-90b1-47d6-a7d9-318327149938,Decision Making,2026-02-09T05:24:10.322+08:00,2026-02-08T21:24:10.322Z,SHORT,,,nearest_decision_symbol
715514451524059891,cmt_btcusdt,OPEN_LONG,1,2026-02-09T07:05:38.929+08:00,2026-02-08T23:05:38.929Z,Order Execution,SDM:momentum,0.001,71831.4,23689056-06a0-4f5f-8cf0-4b8029f8510b,Decision Making,2026-02-09T07:05:38.336+08:00,2026-02-08T23:05:38.336Z,LONG,,,nearest_decision_symbol
715515932864152307,cmt_solusdt,OPEN_SHORT,2,2026-02-09T07:11:32.108+08:00,2026-02-08T23:11:32.108Z,Order Execution,SDM:momentum,0.3,87.91,7a48241f-8f0d-4d3f-a1b2-52a1d233a4bc,Exit Decision,2026-02-09T10:51:51.785+08:00,2026-02-09T02:51:51.785Z,,,,exact_order_id
715515950975156979,cmt_dogeusdt,OPEN_SHORT,2,2026-02-09T07:11:36.437+08:00,2026-02-08T23:11:36.437Z,Order Execution,SDM:momentum,300.0,0.09779,acf506a0-70a0-459d-8275-673de5dc41fb,Decision Making,2026-02-09T07:11:35.785+08:00,2026-02-08T23:11:35.785Z,SHORT,,,nearest_decision_symbol
715515982390493939,cmt_adausdt,OPEN_SHORT,2,2026-02-09T07:11:43.917+08:00,2026-02-08T23:11:43.917Z,Order Execution,SDM:momentum,110.0,0.2727,23440a7b-8d2c-44fa-a6d4-5c99828e4134,Decision Making,2026-02-09T07:11:43.238+08:00,2026-02-08T23:11:43.238Z,SHORT,,,nearest_decision_symbol
715516000799294195,cmt_bnbusdt,OPEN_SHORT,2,2026-02-09T07:11:48.316+08:00,2026-02-08T23:11:48.316Z,Order Execution,SDM:momentum,0.1,647.14,3285ddef-38d2-45ad-9d8b-b5ed4d89337d,Decision Making,2026-02-09T07:11:47.648+08:00,2026-02-08T23:11:47.648Z,SHORT,,,nearest_decision_symbol
715516019682050803,cmt_ltcusdt,OPEN_SHORT,2,2026-02-09T07:11:52.806+08:00,2026-02-08T23:11:52.806Z,Order Execution,SDM:momentum,0.5,54.9,1709bddb-197c-429c-bb4e-02fcd04d8271,Decision Making,2026-02-09T07:11:52.191+08:00,2026-02-08T23:11:52.191Z,SHORT,,,nearest_decision_symbol
715542834219844339,cmt_dogeusdt,OPEN_SHORT,2,2026-02-09T08:58:25.892+08:00,2026-02-09T00:58:25.892Z,Order Execution,SDM:momentum,300.0,0.09635,68235ec8-7ada-4f94-81a0-5960ded59ce2,Decision Making,2026-02-09T08:58:25.292+08:00,2026-02-09T00:58:25.292Z,SHORT,,,nearest_decision_symbol
715542877140157171,cmt_bnbusdt,OPEN_SHORT,2,2026-02-09T08:58:36.125+08:00,2026-02-09T00:58:36.125Z,Order Execution,SDM:momentum,0.1,639.71,8f50333e-4110-41c9-875c-cb2f33ed4504,Decision Making,2026-02-09T08:58:35.527+08:00,2026-02-09T00:58:35.527Z,SHORT,,,nearest_decision_symbol
715542895062418163,cmt_ltcusdt,OPEN_SHORT,2,2026-02-09T08:58:40.395+08:00,2026-02-09T00:58:40.395Z,Order Execution,SDM:momentum,0.5,54.38,4875e903-08d6-4270-b1c2-f9f5e9e66e68,Decision Making,2026-02-09T08:58:39.769+08:00,2026-02-09T00:58:39.769Z,SHORT,,,nearest_decision_symbol
715570520036213491,cmt_dogeusdt,OPEN_SHORT,2,2026-02-09T10:48:26.715+08:00,2026-02-09T02:48:26.715Z,Order Execution,SDM:momentum,300.0,0.09698,3583f5ac-6611-47f8-9291-8870a09eca57,Exit Decision,2026-02-09T10:51:53.236+08:00,2026-02-09T02:51:53.236Z,,,,exact_order_id
715570555721351923,cmt_bnbusdt,OPEN_SHORT,2,2026-02-09T10:48:35.222+08:00,2026-02-09T02:48:35.222Z,Order Execution,SDM:momentum,0.1,642.3,a50a4ce7-eb2f-4b4e-ad06-f114457c3730,Exit Decision,2026-02-09T10:51:52.507+08:00,2026-02-09T02:51:52.507Z,,,,exact_order_id
715570574931264243,cmt_ltcusdt,OPEN_SHORT,2,2026-02-09T10:48:39.803+08:00,2026-02-09T02:48:39.803Z,Order Execution,SDM:momentum,0.5,54.73,c23ccde1-f003-4e3c-8c77-a782bc4adfb1,Exit Decision,2026-02-09T10:51:51.060+08:00,2026-02-09T02:51:51.060Z,,,,exact_order_id
715570574931264243,cmt_ltcusdt,UNKNOWN,,2026-02-09T10:51:51.060+08:00,2026-02-09T02:51:51.060Z,Exit Decision,PositionMonitor,0.5,54.73,c23ccde1-f003-4e3c-8c77-a782bc4adfb1,Exit Decision,2026-02-09T10:51:51.060+08:00,2026-02-09T02:51:51.060Z,,,,exact_order_id
715515932864152307,cmt_solusdt,UNKNOWN,,2026-02-09T10:51:51.785+08:00,2026-02-09T02:51:51.785Z,Exit Decision,PositionMonitor,0.3,87.91,7a48241f-8f0d-4d3f-a1b2-52a1d233a4bc,Exit Decision,2026-02-09T10:51:51.785+08:00,2026-02-09T02:51:51.785Z,,,,exact_order_id
715570555721351923,cmt_bnbusdt,UNKNOWN,,2026-02-09T10:51:52.507+08:00,2026-02-09T02:51:52.507Z,Exit Decision,PositionMonitor,0.1,642.3,a50a4ce7-eb2f-4b4e-ad06-f114457c3730,Exit Decision,2026-02-09T10:51:52.507+08:00,2026-02-09T02:51:52.507Z,,,,exact_order_id
715570520036213491,cmt_dogeusdt,UNKNOWN,,2026-02-09T10:51:53.236+08:00,2026-02-09T02:51:53.236Z,Exit Decision,PositionMonitor,300.0,0.09698,3583f5ac-6611-47f8-9291-8870a09eca57,Exit Decision,2026-02-09T10:51:53.236+08:00,2026-02-09T02:51:53.236Z,,,,exact_order_id
715635425103839987,cmt_bnbusdt,OPEN_SHORT,2,2026-02-09T15:06:21.288+08:00,2026-02-09T07:06:21.288Z,Order Execution,SDM:momentum,0.2,635.21,5593b86f-9823-433e-a259-b2e1fc5a49ac,Exit Decision,2026-02-09T16:27:58.305+08:00,2026-02-09T08:27:58.305Z,,,,exact_order_id
715635425103839987,cmt_bnbusdt,UNKNOWN,,2026-02-09T16:27:58.305+08:00,2026-02-09T08:27:58.305Z,Exit Decision,PositionMonitor,0.2,635.21,5593b86f-9823-433e-a259-b2e1fc5a49ac,Exit Decision,2026-02-09T16:27:58.305+08:00,2026-02-09T08:27:58.305Z,,,,exact_order_id
716050597945541363,cmt_ltcusdt,OPEN_SHORT,2,2026-02-10T18:36:06.206+08:00,2026-02-10T10:36:06.206Z,Order Execution,SDM:momentum,4.0,53.27,c02ce38a-0041-4411-b255-526d8b38df1b,Exit Decision,2026-02-10T20:39:40.869+08:00,2026-02-10T12:39:40.869Z,,,,exact_order_id
716057749007368947,cmt_xrpusdt,OPEN_SHORT,2,2026-02-10T19:04:31.151+08:00,2026-02-10T11:04:31.151Z,Order Execution,SDM:momentum,90.0,1.4114,cc3b15e4-32cb-4070-bd1e-d29098446b64,Decision Making,2026-02-10T19:04:30.477+08:00,2026-02-10T11:04:30.477Z,SHORT,,,nearest_decision_symbol
716050597945541363,cmt_ltcusdt,UNKNOWN,,2026-02-10T20:39:40.869+08:00,2026-02-10T12:39:40.869Z,Exit Decision,PositionMonitor,4.0,53.27,c02ce38a-0041-4411-b255-526d8b38df1b,Exit Decision,2026-02-10T20:39:40.869+08:00,2026-02-10T12:39:40.869Z,,,,exact_order_id
716087641975554803,cmt_ethusdt,OPEN_SHORT,2,2026-02-10T21:03:18.192+08:00,2026-02-10T13:03:18.192Z,Order Execution,SDM:momentum,0.1,2008.67,2fbd8c90-7236-4e29-ae26-8f24ba342789,Decision Making,2026-02-10T21:03:17.510+08:00,2026-02-10T13:03:17.510Z,SHORT,,SHORT,nearest_decision_symbol
716090420395770611,cmt_xrpusdt,OPEN_SHORT,2,2026-02-10T21:14:20.619+08:00,2026-02-10T13:14:20.619Z,Order Execution,SDM:momentum,80.0,1.4065,11390b54-68c7-4e02-9959-451a94a3212e,Decision Making,2026-02-10T21:14:19.939+08:00,2026-02-10T13:14:19.939Z,SHORT,,SHORT,nearest_decision_symbol
716113612787155699,cmt_solusdt,OPEN_SHORT,2,2026-02-10T22:46:30.116+08:00,2026-02-10T14:46:30.116Z,Order Execution,SDM:momentum,2.5,83.42,958cf3e1-c0a5-4fd1-a21e-831400abb9d3,Decision Making,2026-02-10T22:46:29.433+08:00,2026-02-10T14:46:29.433Z,SHORT,,SHORT,nearest_decision_symbol
716113655329981171,cmt_ltcusdt,OPEN_SHORT,2,2026-02-10T22:46:40.260+08:00,2026-02-10T14:46:40.260Z,Order Execution,SDM:momentum,4.0,53.14,22ca6c80-30e2-49ad-8e40-9f8971ef7e8d,Decision Making,2026-02-10T22:46:39.569+08:00,2026-02-10T14:46:39.569Z,SHORT,,SHORT,nearest_decision_symbol
716113745595597555,cmt_btcusdt,OPEN_SHORT,2,2026-02-10T22:47:01.779+08:00,2026-02-10T14:47:01.779Z,Order Execution,SDM:momentum,0.001,68035.9,169ab5aa-48d7-4711-9c90-8105ec56f91c,Decision Making,2026-02-10T22:47:01.098+08:00,2026-02-10T14:47:01.098Z,SHORT,,SHORT,nearest_decision_symbol
716113818979140339,cmt_bnbusdt,OPEN_SHORT,2,2026-02-10T22:47:19.276+08:00,2026-02-10T14:47:19.276Z,Order Execution,SDM:momentum,0.2,615.94,eab44f57-6bc4-46d4-84d2-8b7e589e90f1,Decision Making,2026-02-10T22:47:18.594+08:00,2026-02-10T14:47:18.594Z,SHORT,,SHORT,nearest_decision_symbol
716115237928960755,cmt_xrpusdt,OPEN_SHORT,2,2026-02-10T22:52:57.582+08:00,2026-02-10T14:52:57.582Z,Order Execution,SDM:momentum,90.0,1.4017,df07fc44-9d26-4b4c-9bec-3a1d49a9f382,Decision Making,2026-02-10T22:52:56.902+08:00,2026-02-10T14:52:56.902Z,SHORT,,SHORT,nearest_decision_symbol
716139740096627443,cmt_ethusdt,OPEN_SHORT,2,2026-02-11T00:30:19.342+08:00,2026-02-10T16:30:19.342Z,Order Execution,SDM:momentum,0.1,2023.7,67e76306-9692-4d42-b2ac-94c226151817,Decision Making,2026-02-11T00:30:18.758+08:00,2026-02-10T16:30:18.758Z,SHORT,,SHORT,nearest_decision_symbol
716141277254517491,cmt_xrpusdt,OPEN_SHORT,2,2026-02-11T00:36:25.831+08:00,2026-02-10T16:36:25.831Z,Order Execution,SDM:momentum,80.0,1.4128,9220db23-42b9-4de6-890e-62f3dfb0c2c1,Decision Making,2026-02-11T00:36:25.205+08:00,2026-02-10T16:36:25.205Z,SHORT,,SHORT,nearest_decision_symbol
716148100418241267,cmt_btcusdt,OPEN_SHORT,2,2026-02-11T01:03:32.595+08:00,2026-02-10T17:03:32.595Z,Order Execution,SDM:momentum,0.001,69381.6,8e39b00b-6dda-42fa-81aa-21065a3930a1,Decision Making,2026-02-11T01:03:31.967+08:00,2026-02-10T17:03:31.967Z,SHORT,,SHORT,nearest_decision_symbol
716156090860962547,cmt_ltcusdt,OPEN_SHORT,2,2026-02-11T01:35:17.681+08:00,2026-02-10T17:35:17.681Z,Order Execution,SDM:momentum,3.6,53.69,69c26de0-55d1-4a52-913e-0994c8216692,Exit Decision,2026-02-11T16:08:05.009+08:00,2026-02-11T08:08:05.009Z,,,,exact_order_id
716195807006556915,cmt_ethusdt,OPEN_SHORT,2,2026-02-11T04:13:06.747+08:00,2026-02-10T20:13:06.747Z,Order Execution,SDM:momentum,0.1,2009.14,0047b828-f3d4-47d6-aa25-a253c66ef53e,Decision Making,2026-02-11T04:13:06.064+08:00,2026-02-10T20:13:06.064Z,SHORT,,SHORT,nearest_decision_symbol
716195969091240691,cmt_dogeusdt,OPEN_SHORT,2,2026-02-11T04:13:45.389+08:00,2026-02-10T20:13:45.389Z,Order Execution,SDM:momentum,900.0,0.09267,e4bc2405-dabb-4f83-8ec0-27801c61d89b,Decision Making,2026-02-11T04:13:44.665+08:00,2026-02-10T20:13:44.665Z,SHORT,,SHORT,nearest_decision_symbol
716196008106656499,cmt_xrpusdt,OPEN_SHORT,2,2026-02-11T04:13:54.691+08:00,2026-02-10T20:13:54.691Z,Order Execution,SDM:momentum,90.0,1.3968,c754fe50-b450-4304-9279-5e3e628c619f,Decision Making,2026-02-11T04:13:54.008+08:00,2026-02-10T20:13:54.008Z,SHORT,,SHORT,nearest_decision_symbol
716222576493331187,cmt_solusdt,OPEN_SHORT,2,2026-02-11T05:59:29.080+08:00,2026-02-10T21:59:29.080Z,Order Execution,SDM:momentum,2.5,82.37,640a13b0-2923-418c-988a-d1196858655e,Decision Making,2026-02-11T05:59:28.490+08:00,2026-02-10T21:59:28.490Z,SHORT,,SHORT,nearest_decision_symbol
716224136539538163,cmt_xrpusdt,OPEN_SHORT,2,2026-02-11T06:05:41.021+08:00,2026-02-10T22:05:41.021Z,Order Execution,SDM:momentum,80.0,1.3969,9bb2e0c5-fe2a-49c4-9171-7dc135f84692,Decision Making,2026-02-11T06:05:40.423+08:00,2026-02-10T22:05:40.423Z,SHORT,,SHORT,nearest_decision_symbol
716224163588604659,cmt_dogeusdt,OPEN_SHORT,2,2026-02-11T06:05:47.474+08:00,2026-02-10T22:05:47.474Z,Order Execution,SDM:momentum,800.0,0.09269,792d71b7-0424-4576-88a0-7a6995093a53,Decision Making,2026-02-11T06:05:46.836+08:00,2026-02-10T22:05:46.836Z,SHORT,,SHORT,nearest_decision_symbol
716249770624025331,cmt_adausdt,OPEN_SHORT,2,2026-02-11T07:47:32.665+08:00,2026-02-10T23:47:32.665Z,Order Execution,SDM:momentum,460.0,0.2615,e0b3f339-8e36-4bd3-957c-7948ccdc83ee,Decision Making,2026-02-11T07:47:32.074+08:00,2026-02-10T23:47:32.074Z,SHORT,,SHORT,nearest_decision_symbol
716251287519232755,cmt_dogeusdt,OPEN_SHORT,2,2026-02-11T07:53:34.319+08:00,2026-02-10T23:53:34.319Z,Order Execution,SDM:momentum,800.0,0.09266,8099fff5-6d8d-4004-9cfd-db3933453c4d,Decision Making,2026-02-11T07:53:33.737+08:00,2026-02-10T23:53:33.737Z,SHORT,,SHORT,nearest_decision_symbol
716278209418625779,cmt_solusdt,OPEN_SHORT,2,2026-02-11T09:40:33.011+08:00,2026-02-11T01:40:33.011Z,Order Execution,SDM:momentum,2.3,83.46,b51958ff-80ee-42ae-80eb-8ab88a9b4df8,Exit Decision,2026-02-13T13:29:50.675+08:00,2026-02-13T05:29:50.675Z,,,,exact_order_id
716279199039488755,cmt_dogeusdt,OPEN_SHORT,2,2026-02-11T09:44:28.956+08:00,2026-02-11T01:44:28.956Z,Order Execution,SDM:momentum,800.0,0.09302,5517cac1-03f9-4257-8cbc-f8d026236cce,Exit Decision,2026-02-11T16:08:07.757+08:00,2026-02-11T08:08:07.757Z,,,,exact_order_id
716295669463122675,cmt_ethusdt,OPEN_SHORT,2,2026-02-11T10:49:55.809+08:00,2026-02-11T02:49:55.809Z,Order Execution,SDM:momentum,0.09,2013.44,e4aebf60-17bf-440c-a47f-9690be19e2e2,Exit Decision,2026-02-11T18:33:02.592+08:00,2026-02-11T10:33:02.592Z,,,,exact_order_id
716303210565862131,cmt_adausdt,OPEN_SHORT,2,2026-02-11T11:19:53.747+08:00,2026-02-11T03:19:53.747Z,Order Execution,SDM:momentum,440.0,0.2606,06bbff35-1106-496c-9591-50684a15b02a,Exit Decision,2026-02-14T07:55:38.417+08:00,2026-02-13T23:55:38.417Z,,,,exact_order_id
716307454555587315,cmt_bnbusdt,LONG_SIDE,LONG,2026-02-11T11:36:45.594+08:00,2026-02-11T03:36:45.594Z,Exit Execution,SDM:Straddle,0.9438229204113373,616.1,89159cbf-329b-4b03-94e0-3a26e2e66846,Exit Decision,2026-02-11T11:36:44.923+08:00,2026-02-11T03:36:44.923Z,close_hedge,,,nearest_exit_decision_symbol
716307457403519731,cmt_bnbusdt,SHORT_SIDE,SHORT,2026-02-11T11:36:46.275+08:00,2026-02-11T03:36:46.275Z,Exit Execution,SDM:Straddle,0.9438229204113373,616.1,89159cbf-329b-4b03-94e0-3a26e2e66846,Exit Decision,2026-02-11T11:36:44.923+08:00,2026-02-11T03:36:44.923Z,close_hedge,,,nearest_exit_decision_symbol
716308858649182963,cmt_solusdt,SHORT_SIDE,SHORT,2026-02-11T11:42:20.357+08:00,2026-02-11T03:42:20.357Z,Exit Execution,SDM:Straddle,2.3,83.46,3d7f782d-a7c7-4f11-946a-e9e11554722f,Exit Decision,2026-02-11T11:42:19.681+08:00,2026-02-11T03:42:19.681Z,close_short,,,nearest_exit_decision_symbol
716310360944018163,cmt_dogeusdt,SHORT_SIDE,SHORT,2026-02-11T11:48:18.532+08:00,2026-02-11T03:48:18.532Z,Exit Execution,SDM:Straddle,800.0,0.09302,90d3743f-fd02-4b1d-a399-a2f31a6520e0,Exit Decision,2026-02-11T11:48:17.831+08:00,2026-02-11T03:48:17.831Z,close_short,,,nearest_exit_decision_symbol
716312573082862323,cmt_solusdt,SHORT_SIDE,SHORT,2026-02-11T11:57:05.946+08:00,2026-02-11T03:57:05.946Z,Exit Execution,SDM:Straddle,2.3,83.46,be8ff418-bc57-43b0-8815-231391207499,Exit Decision,2026-02-11T11:57:05.265+08:00,2026-02-11T03:57:05.265Z,close_short,,,nearest_exit_decision_symbol
716312651432461043,cmt_dogeusdt,SHORT_SIDE,SHORT,2026-02-11T11:57:24.626+08:00,2026-02-11T03:57:24.626Z,Exit Execution,SDM:Straddle,800.0,0.09302,b88582e7-9f14-4b58-a6a9-443889f3ffe4,Exit Decision,2026-02-11T11:57:23.940+08:00,2026-02-11T03:57:23.940Z,close_short,,,nearest_exit_decision_symbol
716316149737849587,cmt_ltcusdt,SHORT_SIDE,SHORT,2026-02-11T12:11:18.688+08:00,2026-02-11T04:11:18.688Z,Exit Execution,SDM:Straddle,3.6,53.69,259985df-bf0e-4bb6-a4e1-817a39d2867f,Exit Decision,2026-02-11T12:11:15.092+08:00,2026-02-11T04:11:15.092Z,close_runner,,,nearest_exit_decision_symbol
716317618696356595,cmt_solusdt,SHORT_SIDE,SHORT,2026-02-11T12:17:08.915+08:00,2026-02-11T04:17:08.915Z,Exit Execution,SDM:Straddle,2.3,83.46,8a6a5ff0-c8af-4f19-a217-cbcabbcdd514,Exit Decision,2026-02-11T12:17:08.248+08:00,2026-02-11T04:17:08.248Z,close_short,,,nearest_exit_decision_symbol
716317674317021939,cmt_dogeusdt,SHORT_SIDE,SHORT,2026-02-11T12:17:22.177+08:00,2026-02-11T04:17:22.177Z,Exit Execution,SDM:Straddle,800.0,0.09302,90e0f84f-4019-464b-96ce-12cd3886a9f9,Exit Decision,2026-02-11T12:17:21.508+08:00,2026-02-11T04:17:21.508Z,close_short,,,nearest_exit_decision_symbol
716320633943753459,cmt_bnbusdt,LONG_SIDE,LONG,2026-02-11T12:29:07.806+08:00,2026-02-11T04:29:07.806Z,Exit Execution,SDM:Straddle,0.9316953259548013,617.0,3d1e32a2-69da-47c2-bac8-6005d104bc6c,Exit Decision,2026-02-11T12:29:07.115+08:00,2026-02-11T04:29:07.115Z,close_hedge,,,nearest_exit_decision_symbol
716320636833628915,cmt_bnbusdt,SHORT_SIDE,SHORT,2026-02-11T12:29:08.495+08:00,2026-02-11T04:29:08.495Z,Exit Execution,SDM:Straddle,0.9316953259548013,617.0,3d1e32a2-69da-47c2-bac8-6005d104bc6c,Exit Decision,2026-02-11T12:29:07.115+08:00,2026-02-11T04:29:07.115Z,close_hedge,,,nearest_exit_decision_symbol
716325123526755059,cmt_bnbusdt,LONG_SIDE,LONG,2026-02-11T12:46:58.207+08:00,2026-02-11T04:46:58.207Z,Exit Execution,SDM:Straddle,0.9327785833916354,613.9,48a0157b-4956-4b3d-970f-4edf7b7f425e,Exit Decision,2026-02-11T12:46:57.527+08:00,2026-02-11T04:46:57.527Z,close_hedge,,,nearest_exit_decision_symbol
716325126345327347,cmt_bnbusdt,SHORT_SIDE,SHORT,2026-02-11T12:46:58.877+08:00,2026-02-11T04:46:58.877Z,Exit Execution,SDM:Straddle,0.9327785833916354,613.9,48a0157b-4956-4b3d-970f-4edf7b7f425e,Exit Decision,2026-02-11T12:46:57.527+08:00,2026-02-11T04:46:57.527Z,close_hedge,,,nearest_exit_decision_symbol
716326607127577331,cmt_ethusdt,SHORT_SIDE,SHORT,2026-02-11T12:52:51.924+08:00,2026-02-11T04:52:51.924Z,Exit Execution,SDM:Straddle,0.09,2013.44,5f10f3a6-b80b-4f39-b070-c7e89a81424f,Exit Decision,2026-02-11T12:52:51.230+08:00,2026-02-11T04:52:51.230Z,close_short,,,nearest_exit_decision_symbol
716329695771099891,cmt_bnbusdt,LONG_SIDE,LONG,2026-02-11T13:05:08.314+08:00,2026-02-11T05:05:08.314Z,Exit Execution,SDM:Straddle,0.9363580035743722,611.52,1e0bb764-8722-48f7-815f-22d482491d67,Exit Decision,2026-02-11T13:05:07.627+08:00,2026-02-11T05:05:07.627Z,close_hedge,,,nearest_exit_decision_symbol
716329698732278515,cmt_bnbusdt,SHORT_SIDE,SHORT,2026-02-11T13:05:09.019+08:00,2026-02-11T05:05:09.019Z,Exit Execution,SDM:Straddle,0.9363580035743722,611.52,1e0bb764-8722-48f7-815f-22d482491d67,Exit Decision,2026-02-11T13:05:07.627+08:00,2026-02-11T05:05:07.627Z,close_hedge,,,nearest_exit_decision_symbol
716334308238820083,cmt_bnbusdt,LONG_SIDE,LONG,2026-02-11T13:23:28.011+08:00,2026-02-11T05:23:28.011Z,Exit Execution,SDM:Straddle,0.9379105036731015,611.52,5ec195a8-fee1-482d-b6fe-704197a91543,Exit Decision,2026-02-11T13:23:27.345+08:00,2026-02-11T05:23:27.345Z,close_hedge,,,nearest_exit_decision_symbol
716334311107724019,cmt_bnbusdt,SHORT_SIDE,SHORT,2026-02-11T13:23:28.696+08:00,2026-02-11T05:23:28.696Z,Exit Execution,SDM:Straddle,0.9379105036731015,611.52,5ec195a8-fee1-482d-b6fe-704197a91543,Exit Decision,2026-02-11T13:23:27.345+08:00,2026-02-11T05:23:27.345Z,close_hedge,,,nearest_exit_decision_symbol
716334338819490547,cmt_adausdt,SHORT_SIDE,SHORT,2026-02-11T13:23:35.302+08:00,2026-02-11T05:23:35.302Z,Exit Execution,SDM:Straddle,440.0,0.2606,d7b86287-d9df-4129-8197-618251e86498,Exit Decision,2026-02-11T13:23:34.635+08:00,2026-02-11T05:23:34.635Z,close_short,,,nearest_exit_decision_symbol
716339035177485043,cmt_bnbusdt,LONG_SIDE,LONG,2026-02-11T13:42:15.003+08:00,2026-02-11T05:42:15.003Z,Exit Execution,SDM:Straddle,0.938110262373483,611.38,16422d68-ee8b-4703-9e17-c39040b6e0d1,Exit Decision,2026-02-11T13:42:14.326+08:00,2026-02-11T05:42:14.326Z,close_hedge,,,nearest_exit_decision_symbol
716339038079943411,cmt_bnbusdt,SHORT_SIDE,SHORT,2026-02-11T13:42:15.693+08:00,2026-02-11T05:42:15.693Z,Exit Execution,SDM:Straddle,0.938110262373483,611.38,16422d68-ee8b-4703-9e17-c39040b6e0d1,Exit Decision,2026-02-11T13:42:14.326+08:00,2026-02-11T05:42:14.326Z,close_hedge,,,nearest_exit_decision_symbol
716345858517369587,cmt_ltcusdt,SHORT_SIDE,SHORT,2026-02-11T14:09:21.812+08:00,2026-02-11T06:09:21.812Z,Exit Execution,SDM:Straddle,3.6,53.69,e61b060f-3957-4de0-8674-972f96ed4c77,Exit Decision,2026-02-11T14:09:18.238+08:00,2026-02-11T06:09:18.238Z,close_runner,,,nearest_exit_decision_symbol
716345894957482739,cmt_xrpusdt,OPEN_SHORT,2,2026-02-11T14:09:30.500+08:00,2026-02-11T06:09:30.500Z,Order Execution,SDM:momentum,80.0,1.3699,0b5462f1-8c7c-45ef-bdb1-ff6d01e68e2a,Decision Making,2026-02-11T14:09:29.821+08:00,2026-02-11T06:09:29.821Z,SHORT,,SHORT,nearest_decision_symbol
716345951135990515,cmt_btcusdt,OPEN_SHORT,2,2026-02-11T14:09:43.895+08:00,2026-02-11T06:09:43.895Z,Order Execution,SDM:momentum,0.001,67121.3,41abb36b-26e6-45f6-b1b6-6b2e6e98a2e6,Decision Making,2026-02-11T14:09:43.208+08:00,2026-02-11T06:09:43.208Z,SHORT,,SHORT,nearest_decision_symbol
716347329682080499,cmt_solusdt,SHORT_SIDE,SHORT,2026-02-11T14:15:12.566+08:00,2026-02-11T06:15:12.566Z,Exit Execution,SDM:Straddle,2.3,83.46,ac152fbf-b6f9-4eea-9a26-755529028d92,Exit Decision,2026-02-11T14:15:11.859+08:00,2026-02-11T06:15:11.859Z,close_short,,,nearest_exit_decision_symbol
716347346761286387,cmt_ethusdt,SHORT_SIDE,SHORT,2026-02-11T14:15:16.638+08:00,2026-02-11T06:15:16.638Z,Exit Execution,SDM:Straddle,0.09,2013.44,d4a2cb79-acd3-4e10-8dfd-6408b3e24a0d,Exit Decision,2026-02-11T14:15:15.966+08:00,2026-02-11T06:15:15.966Z,close_short,,,nearest_exit_decision_symbol
716347389086008051,cmt_adausdt,SHORT_SIDE,SHORT,2026-02-11T14:15:26.729+08:00,2026-02-11T06:15:26.729Z,Exit Execution,SDM:Straddle,440.0,0.2606,ce58ab56-16fb-4989-a353-641b017aced2,Exit Decision,2026-02-11T14:15:26.008+08:00,2026-02-11T06:15:26.008Z,close_short,,,nearest_exit_decision_symbol
716347408694379251,cmt_dogeusdt,SHORT_SIDE,SHORT,2026-02-11T14:15:31.404+08:00,2026-02-11T06:15:31.404Z,Exit Execution,SDM:Straddle,800.0,0.09302,c8e4e3ab-168a-4e87-a8c2-537cdfa83a13,Exit Decision,2026-02-11T14:15:30.723+08:00,2026-02-11T06:15:30.723Z,close_short,,,nearest_exit_decision_symbol
716362466740667123,cmt_bnbusdt,LONG_SIDE,LONG,2026-02-11T15:15:21.522+08:00,2026-02-11T07:15:21.522Z,Exit Execution,SDM:Straddle,3.2021465748596163,601.92,0e2f2faf-c3aa-4616-9194-45a35d980487,Exit Decision,2026-02-11T15:15:20.838+08:00,2026-02-11T07:15:20.838Z,close_hedge,,,nearest_exit_decision_symbol
716362469630542579,cmt_bnbusdt,SHORT_SIDE,SHORT,2026-02-11T15:15:22.212+08:00,2026-02-11T07:15:22.212Z,Exit Execution,SDM:Straddle,3.2021465748596163,601.92,0e2f2faf-c3aa-4616-9194-45a35d980487,Exit Decision,2026-02-11T15:15:20.838+08:00,2026-02-11T07:15:20.838Z,close_hedge,,,nearest_exit_decision_symbol
716375105336247027,cmt_solusdt,SHORT_SIDE,SHORT,2026-02-11T16:05:34.797+08:00,2026-02-11T08:05:34.797Z,Exit Execution,SDM:Straddle,2.3,83.46,1f77b9a1-da21-4d13-b704-23338febda08,Exit Decision,2026-02-11T16:05:34.092+08:00,2026-02-11T08:05:34.092Z,close_runner,,,nearest_exit_decision_symbol
716375137338786547,cmt_ltcusdt,SHORT_SIDE,SHORT,2026-02-11T16:05:42.428+08:00,2026-02-11T08:05:42.428Z,Exit Execution,SDM:Straddle,3.6,53.69,110d8fd0-352d-47e4-9e7d-467d9340d851,Exit Decision,2026-02-11T16:05:38.795+08:00,2026-02-11T08:05:38.795Z,close_runner,,,nearest_exit_decision_symbol
716375255211311859,cmt_solusdt,SHORT_SIDE,SHORT,2026-02-11T16:06:10.532+08:00,2026-02-11T08:06:10.532Z,Exit Execution,SDM:Straddle,2.3,83.46,782b6249-c6be-4072-9eb4-e375d8c7924b,Exit Decision,2026-02-11T16:06:09.827+08:00,2026-02-11T08:06:09.827Z,close_runner,,,nearest_exit_decision_symbol
716375287725556467,cmt_ltcusdt,SHORT_SIDE,SHORT,2026-02-11T16:06:18.282+08:00,2026-02-11T08:06:18.282Z,Exit Execution,SDM:Straddle,30.2,53.69,236dbbfa-3cc9-48fb-baa3-415545e08f22,Exit Decision,2026-02-11T16:06:14.631+08:00,2026-02-11T08:06:14.631Z,close_runner,,,nearest_exit_decision_symbol
716375378628707059,cmt_dogeusdt,SHORT_SIDE,SHORT,2026-02-11T16:06:39.956+08:00,2026-02-11T08:06:39.956Z,Exit Execution,SDM:Straddle,24400.0,0.09302,cfb7e533-1ca8-4667-8956-d218aaee65b6,Exit Decision,2026-02-11T16:06:36.316+08:00,2026-02-11T08:06:36.316Z,close_runner,,,nearest_exit_decision_symbol
716375604164821747,cmt_solusdt,SHORT_SIDE,SHORT,2026-02-11T16:07:33.728+08:00,2026-02-11T08:07:33.728Z,Exit Execution,SDM:Straddle,2.3,83.46,99a93e70-23bb-47ae-a09d-d58736523291,Exit Decision,2026-02-11T16:07:33.031+08:00,2026-02-11T08:07:33.031Z,close_runner,,,nearest_exit_decision_symbol
716375623857079027,cmt_ltcusdt,SHORT_SIDE,SHORT,2026-02-11T16:07:38.422+08:00,2026-02-11T08:07:38.422Z,Exit Execution,SDM:Straddle,0.4,53.69,4cebb6fd-b859-42ae-8b24-367387127161,Exit Decision,2026-02-11T16:07:37.746+08:00,2026-02-11T08:07:37.746Z,close_runner,,,nearest_exit_decision_symbol
716375691263738611,cmt_dogeusdt,SHORT_SIDE,SHORT,2026-02-11T16:07:54.495+08:00,2026-02-11T08:07:54.495Z,Exit Execution,SDM:Straddle,100.0,0.09302,7ab130d9-64b3-422e-a8ab-44b4ba6934df,Exit Decision,2026-02-11T16:07:53.810+08:00,2026-02-11T08:07:53.810Z,close_runner,,,nearest_exit_decision_symbol
716156090860962547,cmt_ltcusdt,UNKNOWN,,2026-02-11T16:08:05.009+08:00,2026-02-11T08:08:05.009Z,Exit Decision,PositionMonitor,0.4,53.69,69c26de0-55d1-4a52-913e-0994c8216692,Exit Decision,2026-02-11T16:08:05.009+08:00,2026-02-11T08:08:05.009Z,,,,exact_order_id
716279199039488755,cmt_dogeusdt,UNKNOWN,,2026-02-11T16:08:07.757+08:00,2026-02-11T08:08:07.757Z,Exit Decision,PositionMonitor,100.0,0.09302,5517cac1-03f9-4257-8cbc-f8d026236cce,Exit Decision,2026-02-11T16:08:07.757+08:00,2026-02-11T08:08:07.757Z,,,,exact_order_id
716375828941767411,cmt_bnbusdt,OPEN_SHORT,2,2026-02-11T16:08:27.320+08:00,2026-02-11T08:08:27.320Z,Order Execution,SDM:momentum,0.1,598.62,f18bb528-8bcf-4efc-bbf3-ddcbf1c84fc6,Decision Making,2026-02-11T16:08:26.619+08:00,2026-02-11T08:08:26.619Z,SHORT,,SHORT,nearest_decision_symbol
716376748333204211,cmt_solusdt,SHORT_SIDE,SHORT,2026-02-11T16:12:06.518+08:00,2026-02-11T08:12:06.518Z,Exit Execution,SDM:Straddle,2.3,83.46,00595ec3-67e8-4457-9a60-7c621a120321,Exit Decision,2026-02-11T16:12:05.791+08:00,2026-02-11T08:12:05.791Z,close_runner,,,nearest_exit_decision_symbol
716378167383687923,cmt_ethusdt,SHORT_SIDE,SHORT,2026-02-11T16:17:44.847+08:00,2026-02-11T08:17:44.847Z,Exit Execution,SDM:Straddle,0.09,2013.44,e5f97aaf-1022-4a11-b125-c370d1d81f3e,Exit Decision,2026-02-11T16:17:44.168+08:00,2026-02-11T08:17:44.168Z,close_short,,,nearest_exit_decision_symbol
716378201051366131,cmt_adausdt,SHORT_SIDE,SHORT,2026-02-11T16:17:52.872+08:00,2026-02-11T08:17:52.872Z,Exit Execution,SDM:Straddle,440.0,0.2606,90c3f0c9-4c72-46b2-9f7e-8ed6121a0425,Exit Decision,2026-02-11T16:17:52.183+08:00,2026-02-11T08:17:52.183Z,close_short,,,nearest_exit_decision_symbol
716384239787967219,cmt_solusdt,SHORT_SIDE,SHORT,2026-02-11T16:41:52.622+08:00,2026-02-11T08:41:52.622Z,Exit Execution,SDM:Straddle,2.3,83.46,a07de066-6637-4d90-b7fa-f806ac8c8cdf,Exit Decision,2026-02-11T16:41:51.914+08:00,2026-02-11T08:41:51.914Z,close_runner,,,nearest_exit_decision_symbol
716385656657412851,cmt_ethusdt,SHORT_SIDE,SHORT,2026-02-11T16:47:30.429+08:00,2026-02-11T08:47:30.429Z,Exit Execution,SDM:Straddle,0.02,2013.44,25dbc537-e9cb-47b9-9615-eabd8dc6f7e9,Exit Decision,2026-02-11T16:47:29.743+08:00,2026-02-11T08:47:29.743Z,close_short,,,nearest_exit_decision_symbol
716385690266370803,cmt_adausdt,SHORT_SIDE,SHORT,2026-02-11T16:47:38.440+08:00,2026-02-11T08:47:38.440Z,Exit Execution,SDM:Straddle,440.0,0.2606,f4450662-9053-45d8-83b4-84539ef79859,Exit Decision,2026-02-11T16:47:37.769+08:00,2026-02-11T08:47:37.769Z,close_short,,,nearest_exit_decision_symbol
716392874039575283,cmt_btcusdt,LONG_SIDE,LONG,2026-02-11T17:16:11.188+08:00,2026-02-11T09:16:11.188Z,Exit Execution,SDM:Straddle,0.023515491255059428,66978.9,5fac23f8-aaf8-4f59-96ab-3efe6f064747,Exit Decision,2026-02-11T17:16:10.493+08:00,2026-02-11T09:16:10.493Z,close_hedge,,,nearest_exit_decision_symbol
716392876828787443,cmt_btcusdt,SHORT_SIDE,SHORT,2026-02-11T17:16:11.851+08:00,2026-02-11T09:16:11.851Z,Exit Execution,SDM:Straddle,0.023515491255059428,66978.9,5fac23f8-aaf8-4f59-96ab-3efe6f064747,Exit Decision,2026-02-11T17:16:10.493+08:00,2026-02-11T09:16:10.493Z,close_hedge,,,nearest_exit_decision_symbol
716400048027468531,cmt_xrpusdt,LONG_SIDE,LONG,2026-02-11T17:44:41.600+08:00,2026-02-11T09:44:41.600Z,Exit Execution,SDM:Straddle,1152.1042624705578,1.3671,18c4d88f-3b21-410a-9b86-d840e9b05ca6,Exit Decision,2026-02-11T17:44:40.917+08:00,2026-02-11T09:44:40.917Z,close_hedge,,,nearest_exit_decision_symbol
716400050883789555,cmt_xrpusdt,SHORT_SIDE,SHORT,2026-02-11T17:44:42.281+08:00,2026-02-11T09:44:42.281Z,Exit Execution,SDM:Straddle,1152.1042624705578,1.3671,18c4d88f-3b21-410a-9b86-d840e9b05ca6,Exit Decision,2026-02-11T17:44:40.917+08:00,2026-02-11T09:44:40.917Z,close_hedge,,,nearest_exit_decision_symbol
716401539169649395,cmt_btcusdt,LONG_SIDE,LONG,2026-02-11T17:50:37.114+08:00,2026-02-11T09:50:37.114Z,Exit Execution,SDM:Straddle,0.02247304195113583,66924.8,8b2b6bc3-3e50-4328-812e-9cbba1462a79,Exit Decision,2026-02-11T17:50:36.435+08:00,2026-02-11T09:50:36.435Z,close_hedge,,,nearest_exit_decision_symbol
716401542202131187,cmt_btcusdt,SHORT_SIDE,SHORT,2026-02-11T17:50:37.837+08:00,2026-02-11T09:50:37.837Z,Exit Execution,SDM:Straddle,0.02247304195113583,66924.8,8b2b6bc3-3e50-4328-812e-9cbba1462a79,Exit Decision,2026-02-11T17:50:36.435+08:00,2026-02-11T09:50:36.435Z,close_hedge,,,nearest_exit_decision_symbol
716407264692404979,cmt_bnbusdt,SHORT_SIDE,SHORT,2026-02-11T18:13:22.186+08:00,2026-02-11T10:13:22.186Z,Exit Execution,SDM:Straddle,0.1,598.62,b5763e76-fef7-46df-9173-4865b7643565,Exit Decision,2026-02-11T18:13:21.505+08:00,2026-02-11T10:13:21.505Z,close_short,,,nearest_exit_decision_symbol
716408738222703347,cmt_xrpusdt,LONG_SIDE,LONG,2026-02-11T18:19:13.503+08:00,2026-02-11T10:19:13.503Z,Exit Execution,SDM:Straddle,1104.640463252815,1.3589,5f684ad5-b213-4a04-9e08-098fac6a2022,Exit Decision,2026-02-11T18:19:12.802+08:00,2026-02-11T10:19:12.802Z,close_hedge,,,nearest_exit_decision_symbol
716408741158716147,cmt_xrpusdt,SHORT_SIDE,SHORT,2026-02-11T18:19:14.204+08:00,2026-02-11T10:19:14.204Z,Exit Execution,SDM:Straddle,1104.640463252815,1.3589,5f684ad5-b213-4a04-9e08-098fac6a2022,Exit Decision,2026-02-11T18:19:12.802+08:00,2026-02-11T10:19:12.802Z,close_hedge,,,nearest_exit_decision_symbol
716408758913204979,cmt_xrpusdt,OPEN_SHORT,2,2026-02-11T18:19:18.436+08:00,2026-02-11T10:19:18.436Z,Order Execution,SDM:momentum,60.0,1.3591,7f538b39-37fd-46b4-8b22-fc046a2b01fb,Decision Making,2026-02-11T18:19:17.736+08:00,2026-02-11T10:19:17.736Z,SHORT,,SHORT,nearest_decision_symbol
716410303302075123,cmt_btcusdt,LONG_SIDE,LONG,2026-02-11T18:25:26.646+08:00,2026-02-11T10:25:26.646Z,Exit Execution,SDM:Straddle,0.022503471132105164,66800.0,3ea5f84c-8024-46bb-8bc0-ad71238dda53,Exit Decision,2026-02-11T18:25:25.954+08:00,2026-02-11T10:25:25.954Z,close_hedge,,,nearest_exit_decision_symbol
716410306183561971,cmt_btcusdt,SHORT_SIDE,SHORT,2026-02-11T18:25:27.333+08:00,2026-02-11T10:25:27.333Z,Exit Execution,SDM:Straddle,0.022503471132105164,66800.0,3ea5f84c-8024-46bb-8bc0-ad71238dda53,Exit Decision,2026-02-11T18:25:25.954+08:00,2026-02-11T10:25:25.954Z,close_hedge,,,nearest_exit_decision_symbol
716410323136938739,cmt_btcusdt,OPEN_SHORT,2,2026-02-11T18:25:31.374+08:00,2026-02-11T10:25:31.374Z,Order Execution,SDM:momentum,0.001,66706.5,b4329b1b-1967-465e-a620-225d09324812,Decision Making,2026-02-11T18:25:30.684+08:00,2026-02-11T10:25:30.684Z,SHORT,,SHORT,nearest_decision_symbol
716412056189797107,cmt_solusdt,SHORT_SIDE,SHORT,2026-02-11T18:32:24.566+08:00,2026-02-11T10:32:24.566Z,Exit Execution,SDM:Straddle,2.3,83.46,d832a9f7-8c30-4513-84e2-4214dad9ee90,Exit Decision,2026-02-11T18:32:23.878+08:00,2026-02-11T10:32:23.878Z,close_runner,,,nearest_exit_decision_symbol
716412085147271923,cmt_ethusdt,SHORT_SIDE,SHORT,2026-02-11T18:32:31.471+08:00,2026-02-11T10:32:31.471Z,Exit Execution,SDM:Straddle,0.01,2013.44,f0a7e1b9-6b8f-4638-b08a-d1cd5c2f1223,Exit Decision,2026-02-11T18:32:27.919+08:00,2026-02-11T10:32:27.919Z,close_runner,,,nearest_exit_decision_symbol
716412113005839091,cmt_adausdt,SHORT_SIDE,SHORT,2026-02-11T18:32:38.114+08:00,2026-02-11T10:32:38.114Z,Exit Execution,SDM:Straddle,440.0,0.2606,f1647400-b8ee-444a-9d7d-9f789a467a10,Exit Decision,2026-02-11T18:32:37.426+08:00,2026-02-11T10:32:37.426Z,close_runner,,,nearest_exit_decision_symbol
716295669463122675,cmt_ethusdt,UNKNOWN,,2026-02-11T18:33:02.592+08:00,2026-02-11T10:33:02.592Z,Exit Decision,PositionMonitor,0.01,2013.44,e4aebf60-17bf-440c-a47f-9690be19e2e2,Exit Decision,2026-02-11T18:33:02.592+08:00,2026-02-11T10:33:02.592Z,,,,exact_order_id
716413530093388531,cmt_bnbusdt,SHORT_SIDE,SHORT,2026-02-11T18:38:15.973+08:00,2026-02-11T10:38:15.973Z,Exit Execution,SDM:Straddle,0.1,598.62,82b3fa09-e8b6-447b-8bfd-ce8338e4558e,Exit Decision,2026-02-11T18:38:15.248+08:00,2026-02-11T10:38:15.248Z,close_short,,,nearest_exit_decision_symbol
716437436921545459,cmt_solusdt,SHORT_SIDE,SHORT,2026-02-11T20:13:15.806+08:00,2026-02-11T12:13:15.806Z,Exit Execution,SDM:Straddle,2.3,83.46,fce5c96d-5c06-4222-b396-90b87cc1e1c3,Exit Decision,2026-02-11T20:13:15.115+08:00,2026-02-11T12:13:15.115Z,close_runner,,,nearest_exit_decision_symbol
716437481892872947,cmt_adausdt,SHORT_SIDE,SHORT,2026-02-11T20:13:26.530+08:00,2026-02-11T12:13:26.530Z,Exit Execution,SDM:Straddle,440.0,0.2606,a8ee27a9-ee91-4906-a13c-82a36ca779e9,Exit Decision,2026-02-11T20:13:25.841+08:00,2026-02-11T12:13:25.841Z,close_runner,,,nearest_exit_decision_symbol
716438907671020275,cmt_bnbusdt,SHORT_SIDE,SHORT,2026-02-11T20:19:06.460+08:00,2026-02-11T12:19:06.460Z,Exit Execution,SDM:Straddle,0.1,598.62,06e8add7-9154-43d0-801c-89e9cbbdc6a8,Exit Decision,2026-02-11T20:19:05.781+08:00,2026-02-11T12:19:05.781Z,close_short,,,nearest_exit_decision_symbol
716440376004575987,cmt_xrpusdt,SHORT_SIDE,SHORT,2026-02-11T20:24:56.538+08:00,2026-02-11T12:24:56.538Z,Exit Execution,SDM:Straddle,60.0,1.3591,d6eeec32-8df4-4248-86ce-0373fecdb1ff,Exit Decision,2026-02-11T20:24:55.855+08:00,2026-02-11T12:24:55.855Z,close_short,,,nearest_exit_decision_symbol
716441949749379827,cmt_btcusdt,SHORT_SIDE,SHORT,2026-02-11T20:31:11.748+08:00,2026-02-11T12:31:11.748Z,Exit Execution,SDM:Straddle,0.001,66706.5,1feb42a2-dd75-4b23-a88d-17f9a80b0962,Exit Decision,2026-02-11T20:31:11.039+08:00,2026-02-11T12:31:11.039Z,close_short,,,nearest_exit_decision_symbol
716465216736461555,cmt_ltcusdt,SHORT_SIDE,SHORT,2026-02-11T22:03:39.032+08:00,2026-02-11T14:03:39.032Z,Exit Execution,SDM:Straddle,35.1,52.23,0bab726d-a182-4eab-a2ac-f822970bf302,Exit Decision,2026-02-11T22:03:38.348+08:00,2026-02-11T14:03:38.348Z,close_short,,,nearest_exit_decision_symbol
716465276920529651,cmt_dogeusdt,SHORT_SIDE,SHORT,2026-02-11T22:03:53.380+08:00,2026-02-11T14:03:53.380Z,Exit Execution,SDM:Straddle,20200.0,0.08991,b0634e82-4106-48d8-8868-ff73e05ecdb7,Exit Decision,2026-02-11T22:03:52.670+08:00,2026-02-11T14:03:52.670Z,close_short,,,nearest_exit_decision_symbol
716467131381711603,cmt_solusdt,SHORT_SIDE,SHORT,2026-02-11T22:11:15.518+08:00,2026-02-11T14:11:15.518Z,Exit Execution,SDM:Straddle,2.3,83.46,fc323c55-a08b-4b4a-ba28-4d3dcb12f904,Exit Decision,2026-02-11T22:11:14.805+08:00,2026-02-11T14:11:14.805Z,close_runner,,,nearest_exit_decision_symbol
716467196213068531,cmt_bnbusdt,SHORT_SIDE,SHORT,2026-02-11T22:11:30.975+08:00,2026-02-11T14:11:30.975Z,Exit Execution,SDM:Straddle,0.1,598.62,38517b91-8c41-431b-a236-46931702763a,Exit Decision,2026-02-11T22:11:30.295+08:00,2026-02-11T14:11:30.295Z,close_runner,,,nearest_exit_decision_symbol
716467213032227571,cmt_adausdt,SHORT_SIDE,SHORT,2026-02-11T22:11:34.984+08:00,2026-02-11T14:11:34.984Z,Exit Execution,SDM:Straddle,440.0,0.2606,d243c561-e540-4677-a77f-064483e3bd2e,Exit Decision,2026-02-11T22:11:34.312+08:00,2026-02-11T14:11:34.312Z,close_runner,,,nearest_exit_decision_symbol
716467307827692275,cmt_dogeusdt,OPEN_SHORT,2,2026-02-11T22:11:57.585+08:00,2026-02-11T14:11:57.585Z,Order Execution,SDM:momentum,600.0,0.09192,07d34edf-0d0b-4e39-8ece-b35b5ffcd01f,Exit Decision,2026-02-13T10:35:31.517+08:00,2026-02-13T02:35:31.517Z,,,,exact_order_id
716467337154265843,cmt_ltcusdt,OPEN_SHORT,2,2026-02-11T22:12:04.577+08:00,2026-02-11T14:12:04.577Z,Order Execution,SDM:momentum,2.9,53.28,8d17c60d-fb96-47d4-bfe7-b11d1fedabee,Decision Making,2026-02-11T22:12:03.837+08:00,2026-02-11T14:12:03.837Z,SHORT,,SHORT,nearest_decision_symbol
716468696402363123,cmt_xrpusdt,SHORT_SIDE,SHORT,2026-02-11T22:17:28.646+08:00,2026-02-11T14:17:28.646Z,Exit Execution,SDM:Straddle,60.0,1.3591,b33354cf-182d-4b05-9a50-87827b2e3e86,Exit Decision,2026-02-11T22:17:27.929+08:00,2026-02-11T14:17:27.929Z,close_short,,,nearest_exit_decision_symbol
716468752849306355,cmt_btcusdt,SHORT_SIDE,SHORT,2026-02-11T22:17:42.105+08:00,2026-02-11T14:17:42.105Z,Exit Execution,SDM:Straddle,0.001,66706.5,d40e0019-c259-49c4-b7c9-b69f2f40369c,Exit Decision,2026-02-11T22:17:41.428+08:00,2026-02-11T14:17:41.428Z,close_short,,,nearest_exit_decision_symbol
716473249411629811,cmt_ethusdt,LONG_SIDE,LONG,2026-02-11T22:35:34.174+08:00,2026-02-11T14:35:34.174Z,Exit Execution,SDM:Straddle,0.4521756063098294,1996.93,792531a5-f6bb-497b-bbd9-d60e8974d8cd,Exit Decision,2026-02-11T22:35:33.470+08:00,2026-02-11T14:35:33.470Z,close_long,,,nearest_exit_decision_symbol
716488411044643571,cmt_ethusdt,SHORT_SIDE,SHORT,2026-02-11T23:35:48.985+08:00,2026-02-11T15:35:48.985Z,Exit Execution,SDM:Straddle,0.4521756063098294,1996.93,d7738626-b926-43b7-93fa-05e85eba00a8,Exit Decision,2026-02-11T23:35:48.305+08:00,2026-02-11T15:35:48.305Z,close_short,,,nearest_exit_decision_symbol
716488480812696307,cmt_dogeusdt,SHORT_SIDE,SHORT,2026-02-11T23:36:05.618+08:00,2026-02-11T15:36:05.618Z,Exit Execution,SDM:Straddle,600.0,0.09192,44066a16-c0cd-4044-96ac-1371fac18031,Exit Decision,2026-02-11T23:36:04.898+08:00,2026-02-11T15:36:04.898Z,close_short,,,nearest_exit_decision_symbol
716496777162785523,cmt_solusdt,SHORT_SIDE,SHORT,2026-02-12T00:09:03.622+08:00,2026-02-11T16:09:03.622Z,Exit Execution,SDM:Straddle,2.3,83.46,f8fea467-6870-4d99-b27c-259ae32f5375,Exit Decision,2026-02-12T00:09:02.943+08:00,2026-02-11T16:09:02.943Z,close_runner,,,nearest_exit_decision_symbol
716496830237508339,cmt_bnbusdt,SHORT_SIDE,SHORT,2026-02-12T00:09:16.275+08:00,2026-02-11T16:09:16.275Z,Exit Execution,SDM:Straddle,0.1,598.62,34541255-1a5f-45fb-aef4-d5d5089f3fa3,Exit Decision,2026-02-12T00:09:15.602+08:00,2026-02-11T16:09:15.602Z,close_runner,,,nearest_exit_decision_symbol
716496846960198387,cmt_adausdt,SHORT_SIDE,SHORT,2026-02-12T00:09:20.261+08:00,2026-02-11T16:09:20.261Z,Exit Execution,SDM:Straddle,440.0,0.2606,52ee60cb-16f2-4b82-bf82-22ef9cdd9c49,Exit Decision,2026-02-12T00:09:19.587+08:00,2026-02-11T16:09:19.587Z,close_runner,,,nearest_exit_decision_symbol
716498319936848627,cmt_ltcusdt,OPEN_SHORT,2,2026-02-12T00:15:11.446+08:00,2026-02-11T16:15:11.446Z,Order Execution,SDM:momentum,3.0,51.91,3eb578fb-fb65-4202-958d-899e6735e2c9,Decision Making,2026-02-12T00:15:10.591+08:00,2026-02-11T16:15:10.591Z,SHORT,,SHORT,nearest_decision_symbol
716498325628519155,cmt_xrpusdt,SHORT_SIDE,SHORT,2026-02-12T00:15:12.805+08:00,2026-02-11T16:15:12.805Z,Exit Execution,SDM:Straddle,60.0,1.3591,a34f61ee-01a4-4109-b15d-f696bbbfee06,Exit Decision,2026-02-12T00:15:12.133+08:00,2026-02-11T16:15:12.133Z,close_short,,,nearest_exit_decision_symbol
716498390648619763,cmt_dogeusdt,SHORT_SIDE,SHORT,2026-02-12T00:15:28.306+08:00,2026-02-11T16:15:28.306Z,Exit Execution,SDM:Straddle,600.0,0.09192,ba4f7911-385a-4e4b-b400-caf18fd858aa,Exit Decision,2026-02-12T00:15:24.727+08:00,2026-02-11T16:15:24.727Z,close_short,,,nearest_exit_decision_symbol
716498410399597299,cmt_btcusdt,SHORT_SIDE,SHORT,2026-02-12T00:15:33.016+08:00,2026-02-11T16:15:33.016Z,Exit Execution,SDM:Straddle,0.001,66706.5,587fab37-e171-4b20-a02e-301bef9b2fe5,Exit Decision,2026-02-12T00:15:32.314+08:00,2026-02-11T16:15:32.314Z,close_short,,,nearest_exit_decision_symbol
716527372853052147,cmt_solusdt,SHORT_SIDE,SHORT,2026-02-12T02:10:38.203+08:00,2026-02-11T18:10:38.203Z,Exit Execution,SDM:Straddle,2.3,83.46,86e20a6e-373c-4aa6-99f8-324d7c1e8092,Exit Decision,2026-02-12T02:10:37.512+08:00,2026-02-11T18:10:37.512Z,close_runner,,,nearest_exit_decision_symbol
716527423205671667,cmt_xrpusdt,SHORT_SIDE,SHORT,2026-02-12T02:10:50.210+08:00,2026-02-11T18:10:50.210Z,Exit Execution,SDM:Straddle,60.0,1.3591,390c0dcb-4d50-4d4d-998f-62686d71080f,Exit Decision,2026-02-12T02:10:49.526+08:00,2026-02-11T18:10:49.526Z,close_runner,,,nearest_exit_decision_symbol
716527442776294131,cmt_bnbusdt,SHORT_SIDE,SHORT,2026-02-12T02:10:54.873+08:00,2026-02-11T18:10:54.873Z,Exit Execution,SDM:Straddle,0.1,598.62,d67442f5-7f38-4822-858f-3f72c5c4d404,Exit Decision,2026-02-12T02:10:54.190+08:00,2026-02-11T18:10:54.190Z,close_runner,,,nearest_exit_decision_symbol
716527459436069619,cmt_adausdt,SHORT_SIDE,SHORT,2026-02-12T02:10:58.844+08:00,2026-02-11T18:10:58.844Z,Exit Execution,SDM:Straddle,440.0,0.2606,1dfe5023-a2ba-4e68-acfb-faa841be2426,Exit Decision,2026-02-12T02:10:58.166+08:00,2026-02-11T18:10:58.166Z,close_runner,,,nearest_exit_decision_symbol
716527479119938291,cmt_btcusdt,SHORT_SIDE,SHORT,2026-02-12T02:11:03.538+08:00,2026-02-11T18:11:03.538Z,Exit Execution,SDM:Straddle,0.001,66706.5,d82dbff3-2ca2-4c3b-a70f-ff46a80c795a,Exit Decision,2026-02-12T02:11:02.855+08:00,2026-02-11T18:11:02.855Z,close_runner,,,nearest_exit_decision_symbol
716529010955256563,cmt_ltcusdt,OPEN_SHORT,2,2026-02-12T02:17:08.757+08:00,2026-02-11T18:17:08.757Z,Order Execution,SDM:momentum,2.9,51.91,ae5a6e59-76d5-47f5-98f0-12c131b245e8,Decision Making,2026-02-12T02:17:07.685+08:00,2026-02-11T18:17:07.685Z,SHORT,,SHORT,nearest_decision_symbol
716529079490183923,cmt_dogeusdt,SHORT_SIDE,SHORT,2026-02-12T02:17:25.097+08:00,2026-02-11T18:17:25.097Z,Exit Execution,SDM:Straddle,600.0,0.09192,7ab34d50-b85b-4066-9d4d-9cf6b82b4c68,Exit Decision,2026-02-12T02:17:21.496+08:00,2026-02-11T18:17:21.496Z,close_short,,,nearest_exit_decision_symbol
716557979876328179,cmt_solusdt,SHORT_SIDE,SHORT,2026-02-12T04:12:15.485+08:00,2026-02-11T20:12:15.485Z,Exit Execution,SDM:Straddle,2.3,83.46,49dea275-46d4-47bd-981a-a23de244dda1,Exit Decision,2026-02-12T04:12:14.811+08:00,2026-02-11T20:12:14.811Z,close_runner,,,nearest_exit_decision_symbol
716558029864043251,cmt_xrpusdt,SHORT_SIDE,SHORT,2026-02-12T04:12:27.405+08:00,2026-02-11T20:12:27.405Z,Exit Execution,SDM:Straddle,60.0,1.3591,4e8c2df3-ca28-4fbe-a472-020264b26421,Exit Decision,2026-02-12T04:12:26.712+08:00,2026-02-11T20:12:26.712Z,close_runner,,,nearest_exit_decision_symbol
716558049396916979,cmt_bnbusdt,SHORT_SIDE,SHORT,2026-02-12T04:12:32.061+08:00,2026-02-11T20:12:32.061Z,Exit Execution,SDM:Straddle,0.1,598.62,1024fc64-a2c0-474e-8b87-8d9b55010771,Exit Decision,2026-02-12T04:12:31.381+08:00,2026-02-11T20:12:31.381Z,close_runner,,,nearest_exit_decision_symbol
716558065926669043,cmt_adausdt,SHORT_SIDE,SHORT,2026-02-12T04:12:36.004+08:00,2026-02-11T20:12:36.004Z,Exit Execution,SDM:Straddle,440.0,0.2606,fa41428d-4be7-45da-9cef-a64f75d52b58,Exit Decision,2026-02-12T04:12:35.330+08:00,2026-02-11T20:12:35.330Z,close_runner,,,nearest_exit_decision_symbol
716558094947058419,cmt_dogeusdt,SHORT_SIDE,SHORT,2026-02-12T04:12:42.920+08:00,2026-02-11T20:12:42.920Z,Exit Execution,SDM:Straddle,600.0,0.09192,534c3402-c00b-41c6-a53a-4f6ba202d282,Exit Decision,2026-02-12T04:12:39.344+08:00,2026-02-11T20:12:39.344Z,close_runner,,,nearest_exit_decision_symbol
716558111694914291,cmt_btcusdt,SHORT_SIDE,SHORT,2026-02-12T04:12:46.914+08:00,2026-02-11T20:12:46.914Z,Exit Execution,SDM:Straddle,0.001,66706.5,79d81608-7dcb-46d0-8d25-526a672afb62,Exit Decision,2026-02-12T04:12:46.244+08:00,2026-02-11T20:12:46.244Z,close_runner,,,nearest_exit_decision_symbol
716559667773309683,cmt_ltcusdt,OPEN_SHORT,2,2026-02-12T04:18:57.911+08:00,2026-02-11T20:18:57.911Z,Order Execution,SDM:momentum,3.2,52.2,9386f08b-7d6c-476a-944b-681a8336d94f,Decision Making,2026-02-12T04:18:57.038+08:00,2026-02-11T20:18:57.038Z,SHORT,,SHORT,nearest_decision_symbol
716588495044346611,cmt_solusdt,SHORT_SIDE,SHORT,2026-02-12T06:13:30.869+08:00,2026-02-11T22:13:30.869Z,Exit Execution,SDM:Straddle,2.3,83.46,658e5189-3e49-4cdd-93db-40adaac17dac,Exit Decision,2026-02-12T06:13:30.192+08:00,2026-02-11T22:13:30.192Z,close_runner,,,nearest_exit_decision_symbol
716588545224999667,cmt_xrpusdt,SHORT_SIDE,SHORT,2026-02-12T06:13:42.832+08:00,2026-02-11T22:13:42.832Z,Exit Execution,SDM:Straddle,60.0,1.3591,95106272-a8e4-4f6f-9a91-4078e0c023f9,Exit Decision,2026-02-12T06:13:42.113+08:00,2026-02-11T22:13:42.113Z,close_runner,,,nearest_exit_decision_symbol
716588564804010739,cmt_bnbusdt,SHORT_SIDE,SHORT,2026-02-12T06:13:47.501+08:00,2026-02-11T22:13:47.501Z,Exit Execution,SDM:Straddle,0.1,598.62,077bdc55-6001-41bb-b43b-d296e70c6169,Exit Decision,2026-02-12T06:13:46.805+08:00,2026-02-11T22:13:46.805Z,close_runner,,,nearest_exit_decision_symbol
716588581430231795,cmt_adausdt,SHORT_SIDE,SHORT,2026-02-12T06:13:51.465+08:00,2026-02-11T22:13:51.465Z,Exit Execution,SDM:Straddle,440.0,0.2606,8542cd25-e8ec-4386-bd2b-f7b42a194c95,Exit Decision,2026-02-12T06:13:50.780+08:00,2026-02-11T22:13:50.780Z,close_runner,,,nearest_exit_decision_symbol
716588610245100275,cmt_dogeusdt,SHORT_SIDE,SHORT,2026-02-12T06:13:58.336+08:00,2026-02-11T22:13:58.336Z,Exit Execution,SDM:Straddle,600.0,0.09192,ab7e4548-ac12-4e05-8c4c-4f2aab81c443,Exit Decision,2026-02-12T06:13:54.756+08:00,2026-02-11T22:13:54.756Z,close_runner,,,nearest_exit_decision_symbol
716588627043287795,cmt_btcusdt,SHORT_SIDE,SHORT,2026-02-12T06:14:02.341+08:00,2026-02-11T22:14:02.341Z,Exit Execution,SDM:Straddle,0.001,66706.5,6d538032-23cb-4899-ad8f-903c59c828b3,Exit Decision,2026-02-12T06:14:01.651+08:00,2026-02-11T22:14:01.651Z,close_runner,,,nearest_exit_decision_symbol
716590182136021747,cmt_ltcusdt,OPEN_SHORT,2,2026-02-12T06:20:13.101+08:00,2026-02-11T22:20:13.101Z,Order Execution,SDM:momentum,3.2,52.56,298279ec-e412-4345-9436-4a0b9ab6963d,Decision Making,2026-02-12T06:20:12.050+08:00,2026-02-11T22:20:12.050Z,SHORT,,SHORT,nearest_decision_symbol
716619012934468339,cmt_solusdt,SHORT_SIDE,SHORT,2026-02-12T08:14:46.902+08:00,2026-02-12T00:14:46.902Z,Exit Execution,SDM:Straddle,2.3,83.46,888b16ac-b607-490a-8d5d-b17d4f111561,Exit Decision,2026-02-12T08:14:46.210+08:00,2026-02-12T00:14:46.210Z,close_runner,,,nearest_exit_decision_symbol
716619065824641779,cmt_xrpusdt,SHORT_SIDE,SHORT,2026-02-12T08:14:59.510+08:00,2026-02-12T00:14:59.510Z,Exit Execution,SDM:Straddle,60.0,1.3591,de4c5bad-1041-47ea-9bca-e77e5a6a68be,Exit Decision,2026-02-12T08:14:58.833+08:00,2026-02-12T00:14:58.833Z,close_runner,,,nearest_exit_decision_symbol
716619085848249075,cmt_bnbusdt,SHORT_SIDE,SHORT,2026-02-12T08:15:04.286+08:00,2026-02-12T00:15:04.286Z,Exit Execution,SDM:Straddle,0.1,598.62,b6fbd333-8e53-4fc7-b22c-4c66bcec1b16,Exit Decision,2026-02-12T08:15:03.607+08:00,2026-02-12T00:15:03.607Z,close_runner,,,nearest_exit_decision_symbol
716619102902289139,cmt_adausdt,SHORT_SIDE,SHORT,2026-02-12T08:15:08.353+08:00,2026-02-12T00:15:08.353Z,Exit Execution,SDM:Straddle,440.0,0.2606,5c66fc90-6a1d-406f-90c8-90ac5dbb6466,Exit Decision,2026-02-12T08:15:07.665+08:00,2026-02-12T00:15:07.665Z,close_runner,,,nearest_exit_decision_symbol
716619132342108915,cmt_dogeusdt,SHORT_SIDE,SHORT,2026-02-12T08:15:15.370+08:00,2026-02-12T00:15:15.370Z,Exit Execution,SDM:Straddle,600.0,0.09192,c962bda9-07eb-4e63-b54c-1874ee520554,Exit Decision,2026-02-12T08:15:11.717+08:00,2026-02-12T00:15:11.717Z,close_runner,,,nearest_exit_decision_symbol
716619148964135667,cmt_btcusdt,SHORT_SIDE,SHORT,2026-02-12T08:15:19.333+08:00,2026-02-12T00:15:19.333Z,Exit Execution,SDM:Straddle,0.001,66706.5,c3a73130-2e3b-4bf6-8a9c-728865381d4b,Exit Decision,2026-02-12T08:15:18.661+08:00,2026-02-12T00:15:18.661Z,close_runner,,,nearest_exit_decision_symbol
716620700261024499,cmt_ltcusdt,OPEN_SHORT,2,2026-02-12T08:21:29.192+08:00,2026-02-12T00:21:29.192Z,Order Execution,SDM:momentum,3.2,52.56,1f50d99e-f42c-4f9e-bad5-3223380b4cfa,Exit Decision,2026-02-13T08:19:33.954+08:00,2026-02-13T00:19:33.954Z,,,,exact_order_id
716648411314520819,cmt_solusdt,SHORT_SIDE,SHORT,2026-02-12T10:11:36.022+08:00,2026-02-12T02:11:36.022Z,Exit Execution,SDM:Straddle,2.3,83.46,6a4c66cb-5bde-4c9b-9e40-04293d2bbaad,Exit Decision,2026-02-12T10:11:35.347+08:00,2026-02-12T02:11:35.347Z,close_runner,,,nearest_exit_decision_symbol
716648447502975731,cmt_xrpusdt,SHORT_SIDE,SHORT,2026-02-12T10:11:44.650+08:00,2026-02-12T02:11:44.650Z,Exit Execution,SDM:Straddle,60.0,1.3591,91d7cae8-49c0-4e80-9bff-7c32a99535f5,Exit Decision,2026-02-12T10:11:43.967+08:00,2026-02-12T02:11:43.967Z,close_runner,,,nearest_exit_decision_symbol
716648467228787443,cmt_bnbusdt,SHORT_SIDE,SHORT,2026-02-12T10:11:49.353+08:00,2026-02-12T02:11:49.353Z,Exit Execution,SDM:Straddle,0.1,598.62,3d400b80-e8ea-4085-a5db-082a378784fe,Exit Decision,2026-02-12T10:11:48.665+08:00,2026-02-12T02:11:48.665Z,close_runner,,,nearest_exit_decision_symbol
716648484110861043,cmt_adausdt,SHORT_SIDE,SHORT,2026-02-12T10:11:53.378+08:00,2026-02-12T02:11:53.378Z,Exit Execution,SDM:Straddle,440.0,0.2606,07c922d4-362b-4bcd-8eca-9a5b6b71f946,Exit Decision,2026-02-12T10:11:52.695+08:00,2026-02-12T02:11:52.695Z,close_runner,,,nearest_exit_decision_symbol
716648513072530163,cmt_dogeusdt,SHORT_SIDE,SHORT,2026-02-12T10:12:00.283+08:00,2026-02-12T02:12:00.283Z,Exit Execution,SDM:Straddle,600.0,0.09192,e548cc5e-792e-46a1-b0da-64c87ca4449d,Exit Decision,2026-02-12T10:11:56.704+08:00,2026-02-12T02:11:56.704Z,close_runner,,,nearest_exit_decision_symbol
716648530118181619,cmt_btcusdt,SHORT_SIDE,SHORT,2026-02-12T10:12:04.356+08:00,2026-02-12T02:12:04.356Z,Exit Execution,SDM:Straddle,0.001,66706.5,5a39ca5b-5673-4599-ad06-2b0d7fb60eb3,Exit Decision,2026-02-12T10:12:03.663+08:00,2026-02-12T02:12:03.663Z,close_runner,,,nearest_exit_decision_symbol
716649315862315763,cmt_solusdt,SHORT_SIDE,SHORT,2026-02-12T10:15:11.683+08:00,2026-02-12T02:15:11.683Z,Exit Execution,SDM:Straddle,2.3,83.46,912e686e-d2c5-4ac2-a525-e5f43dd85a36,Exit Decision,2026-02-12T10:15:11.006+08:00,2026-02-12T02:15:11.006Z,close_runner,,,nearest_exit_decision_symbol
716649352264680179,cmt_xrpusdt,SHORT_SIDE,SHORT,2026-02-12T10:15:20.361+08:00,2026-02-12T02:15:20.361Z,Exit Execution,SDM:Straddle,60.0,1.3591,564dcd76-2234-4606-b877-6ea4e074da26,Exit Decision,2026-02-12T10:15:19.679+08:00,2026-02-12T02:15:19.679Z,close_runner,,,nearest_exit_decision_symbol
716649371919188723,cmt_bnbusdt,SHORT_SIDE,SHORT,2026-02-12T10:15:25.049+08:00,2026-02-12T02:15:25.049Z,Exit Execution,SDM:Straddle,0.1,598.62,8434811b-d0b2-46f1-8f58-cf1c707ff396,Exit Decision,2026-02-12T10:15:24.367+08:00,2026-02-12T02:15:24.367Z,close_runner,,,nearest_exit_decision_symbol
716649389094863603,cmt_adausdt,SHORT_SIDE,SHORT,2026-02-12T10:15:29.143+08:00,2026-02-12T02:15:29.143Z,Exit Execution,SDM:Straddle,440.0,0.2606,9ace42b6-8aa6-4164-9e1d-3fd5d5305482,Exit Decision,2026-02-12T10:15:28.458+08:00,2026-02-12T02:15:28.458Z,close_runner,,,nearest_exit_decision_symbol
716649417993618163,cmt_dogeusdt,SHORT_SIDE,SHORT,2026-02-12T10:15:36.033+08:00,2026-02-12T02:15:36.033Z,Exit Execution,SDM:Straddle,600.0,0.09192,458d859f-d719-41c6-a651-cdb02e1a2f6a,Exit Decision,2026-02-12T10:15:32.449+08:00,2026-02-12T02:15:32.449Z,close_runner,,,nearest_exit_decision_symbol
716649434724696819,cmt_btcusdt,SHORT_SIDE,SHORT,2026-02-12T10:15:40.020+08:00,2026-02-12T02:15:40.020Z,Exit Execution,SDM:Straddle,0.001,66706.5,dfb80df9-20c5-45ae-8c60-82ccbf767dea,Exit Decision,2026-02-12T10:15:39.346+08:00,2026-02-12T02:15:39.346Z,close_runner,,,nearest_exit_decision_symbol
716650952181940979,cmt_ltcusdt,SHORT_SIDE,SHORT,2026-02-12T10:21:41.811+08:00,2026-02-12T02:21:41.811Z,Exit Execution,SDM:Straddle,3.2,52.56,506bd93d-77bd-4d05-9f76-361c6ad6e250,Exit Decision,2026-02-12T10:21:41.143+08:00,2026-02-12T02:21:41.143Z,close_short,,,nearest_exit_decision_symbol
716680720923230963,cmt_solusdt,SHORT_SIDE,SHORT,2026-02-12T12:19:59.232+08:00,2026-02-12T04:19:59.232Z,Exit Execution,SDM:Straddle,2.3,83.46,07bd96bb-4a57-4b76-9d19-b44d7e3fe7c7,Exit Decision,2026-02-12T12:19:58.549+08:00,2026-02-12T04:19:58.549Z,close_runner,,,nearest_exit_decision_symbol
716680757799551731,cmt_xrpusdt,SHORT_SIDE,SHORT,2026-02-12T12:20:08.025+08:00,2026-02-12T04:20:08.025Z,Exit Execution,SDM:Straddle,60.0,1.3591,d1343883-0994-4972-934a-8d3df36953b2,Exit Decision,2026-02-12T12:20:07.342+08:00,2026-02-12T04:20:07.342Z,close_runner,,,nearest_exit_decision_symbol
716680777382757107,cmt_bnbusdt,SHORT_SIDE,SHORT,2026-02-12T12:20:12.694+08:00,2026-02-12T04:20:12.694Z,Exit Execution,SDM:Straddle,0.1,598.62,a15fea10-8794-4328-a379-bda172dde9fe,Exit Decision,2026-02-12T12:20:12.009+08:00,2026-02-12T04:20:12.009Z,close_runner,,,nearest_exit_decision_symbol
716680794130612979,cmt_adausdt,SHORT_SIDE,SHORT,2026-02-12T12:20:16.687+08:00,2026-02-12T04:20:16.687Z,Exit Execution,SDM:Straddle,440.0,0.2606,7e272f5f-f5e8-476f-9bdf-57173c811f76,Exit Decision,2026-02-12T12:20:16.008+08:00,2026-02-12T04:20:16.008Z,close_runner,,,nearest_exit_decision_symbol
716680823062921971,cmt_dogeusdt,SHORT_SIDE,SHORT,2026-02-12T12:20:23.585+08:00,2026-02-12T04:20:23.585Z,Exit Execution,SDM:Straddle,600.0,0.09192,2a6f1be0-ce23-4baa-af8c-3d39a7efa692,Exit Decision,2026-02-12T12:20:20.003+08:00,2026-02-12T04:20:20.003Z,close_runner,,,nearest_exit_decision_symbol
716680839861109491,cmt_btcusdt,SHORT_SIDE,SHORT,2026-02-12T12:20:27.589+08:00,2026-02-12T04:20:27.589Z,Exit Execution,SDM:Straddle,0.001,66706.5,39768185-d931-4c04-86ae-ddf14ec32075,Exit Decision,2026-02-12T12:20:26.912+08:00,2026-02-12T04:20:26.912Z,close_runner,,,nearest_exit_decision_symbol
716682356362052339,cmt_ltcusdt,SHORT_SIDE,SHORT,2026-02-12T12:26:29.150+08:00,2026-02-12T04:26:29.150Z,Exit Execution,SDM:Straddle,3.2,52.56,528a0120-85f1-43f2-bfa6-ad86e348104b,Exit Decision,2026-02-12T12:26:28.489+08:00,2026-02-12T04:26:28.489Z,close_short,,,nearest_exit_decision_symbol
716712154014679795,cmt_solusdt,SHORT_SIDE,SHORT,2026-02-12T14:24:53.466+08:00,2026-02-12T06:24:53.466Z,Exit Execution,SDM:Straddle,2.3,83.46,1620b45c-e355-424e-bc44-98b76373081c,Exit Decision,2026-02-12T14:24:52.775+08:00,2026-02-12T06:24:52.775Z,close_runner,,,nearest_exit_decision_symbol
716712187497808627,cmt_ltcusdt,SHORT_SIDE,SHORT,2026-02-12T14:25:01.451+08:00,2026-02-12T06:25:01.451Z,Exit Execution,SDM:Straddle,3.2,52.56,294c4a55-73eb-438d-9cc8-3af9d2386680,Exit Decision,2026-02-12T14:25:00.765+08:00,2026-02-12T06:25:00.765Z,close_runner,,,nearest_exit_decision_symbol
716712204610568947,cmt_xrpusdt,SHORT_SIDE,SHORT,2026-02-12T14:25:05.528+08:00,2026-02-12T06:25:05.528Z,Exit Execution,SDM:Straddle,60.0,1.3591,4d9dc6c0-5dae-4058-bb61-680dde16ce00,Exit Decision,2026-02-12T14:25:04.815+08:00,2026-02-12T06:25:04.815Z,close_runner,,,nearest_exit_decision_symbol
716712224260883187,cmt_bnbusdt,SHORT_SIDE,SHORT,2026-02-12T14:25:10.213+08:00,2026-02-12T06:25:10.213Z,Exit Execution,SDM:Straddle,0.1,598.62,5b7b0b3f-d3da-48d7-9c9c-70d02e4c5a96,Exit Decision,2026-02-12T14:25:09.546+08:00,2026-02-12T06:25:09.546Z,close_runner,,,nearest_exit_decision_symbol
716712241012933363,cmt_adausdt,SHORT_SIDE,SHORT,2026-02-12T14:25:14.208+08:00,2026-02-12T06:25:14.208Z,Exit Execution,SDM:Straddle,440.0,0.2606,9fb97248-4db5-4602-b391-cfe10f6c92c8,Exit Decision,2026-02-12T14:25:13.541+08:00,2026-02-12T06:25:13.541Z,close_runner,,,nearest_exit_decision_symbol
716712269827801843,cmt_dogeusdt,SHORT_SIDE,SHORT,2026-02-12T14:25:21.077+08:00,2026-02-12T06:25:21.077Z,Exit Execution,SDM:Straddle,600.0,0.09192,df710085-d535-4b8e-95dc-2dfb2a39c906,Exit Decision,2026-02-12T14:25:17.519+08:00,2026-02-12T06:25:17.519Z,close_runner,,,nearest_exit_decision_symbol
716712286495965939,cmt_btcusdt,SHORT_SIDE,SHORT,2026-02-12T14:25:25.051+08:00,2026-02-12T06:25:25.051Z,Exit Execution,SDM:Straddle,0.001,66706.5,5a59ce5f-d0cb-4c56-b3ac-3a778c4d33f8,Exit Decision,2026-02-12T14:25:24.372+08:00,2026-02-12T06:25:24.372Z,close_runner,,,nearest_exit_decision_symbol
716743527291159283,cmt_solusdt,SHORT_SIDE,SHORT,2026-02-12T16:29:33.436+08:00,2026-02-12T08:29:33.436Z,Exit Execution,SDM:Straddle,2.3,83.46,6305d15a-8a22-4017-8d5a-945bcfe3aa46,Exit Decision,2026-02-12T16:29:32.753+08:00,2026-02-12T08:29:32.753Z,close_runner,,,nearest_exit_decision_symbol
716743561147581171,cmt_ltcusdt,SHORT_SIDE,SHORT,2026-02-12T16:29:41.509+08:00,2026-02-12T08:29:41.509Z,Exit Execution,SDM:Straddle,3.2,52.56,5e7e8cb2-0ebb-4ce9-a6f8-ca072e074408,Exit Decision,2026-02-12T16:29:40.832+08:00,2026-02-12T08:29:40.832Z,close_runner,,,nearest_exit_decision_symbol
716743577882854131,cmt_xrpusdt,SHORT_SIDE,SHORT,2026-02-12T16:29:45.500+08:00,2026-02-12T08:29:45.500Z,Exit Execution,SDM:Straddle,60.0,1.3591,f6df776c-cd35-4393-a204-bfc7bed01644,Exit Decision,2026-02-12T16:29:44.821+08:00,2026-02-12T08:29:44.821Z,close_runner,,,nearest_exit_decision_symbol
716743597474448115,cmt_bnbusdt,SHORT_SIDE,SHORT,2026-02-12T16:29:50.170+08:00,2026-02-12T08:29:50.170Z,Exit Execution,SDM:Straddle,0.1,598.62,a7f762f4-76a3-4ac2-9bcc-bbf13f55349c,Exit Decision,2026-02-12T16:29:49.497+08:00,2026-02-12T08:29:49.497Z,close_runner,,,nearest_exit_decision_symbol
716743614218109683,cmt_adausdt,SHORT_SIDE,SHORT,2026-02-12T16:29:54.162+08:00,2026-02-12T08:29:54.162Z,Exit Execution,SDM:Straddle,440.0,0.2606,d5375753-a939-4168-9af5-a02c3a41eb96,Exit Decision,2026-02-12T16:29:53.491+08:00,2026-02-12T08:29:53.491Z,close_runner,,,nearest_exit_decision_symbol
716743643238499059,cmt_dogeusdt,SHORT_SIDE,SHORT,2026-02-12T16:30:01.081+08:00,2026-02-12T08:30:01.081Z,Exit Execution,SDM:Straddle,600.0,0.09192,eaf54e44-aa22-4a6d-818b-33783faae7cd,Exit Decision,2026-02-12T16:29:57.471+08:00,2026-02-12T08:29:57.471Z,close_runner,,,nearest_exit_decision_symbol
716743662687486707,cmt_btcusdt,SHORT_SIDE,SHORT,2026-02-12T16:30:05.717+08:00,2026-02-12T08:30:05.717Z,Exit Execution,SDM:Straddle,0.001,66706.5,cd4e007b-6435-4703-a066-c1f8cd1aab9d,Exit Decision,2026-02-12T16:30:05.019+08:00,2026-02-12T08:30:05.019Z,close_runner,,,nearest_exit_decision_symbol
716774737870586611,cmt_solusdt,SHORT_SIDE,SHORT,2026-02-12T18:33:34.620+08:00,2026-02-12T10:33:34.620Z,Exit Execution,SDM:Straddle,2.3,83.46,85f4ad0a-9861-4be4-b7e8-5e9cdaa5992c,Exit Decision,2026-02-12T18:33:33.938+08:00,2026-02-12T10:33:33.938Z,close_runner,,,nearest_exit_decision_symbol
716774771244663539,cmt_ltcusdt,SHORT_SIDE,SHORT,2026-02-12T18:33:42.576+08:00,2026-02-12T10:33:42.576Z,Exit Execution,SDM:Straddle,3.2,52.56,201d4d02-f137-4cf3-976f-50560eccba5b,Exit Decision,2026-02-12T18:33:41.898+08:00,2026-02-12T10:33:41.898Z,close_runner,,,nearest_exit_decision_symbol
716774787946382067,cmt_xrpusdt,SHORT_SIDE,SHORT,2026-02-12T18:33:46.557+08:00,2026-02-12T10:33:46.557Z,Exit Execution,SDM:Straddle,60.0,1.3591,87f3e189-f9bf-4168-b63b-4363a301afda,Exit Decision,2026-02-12T18:33:45.884+08:00,2026-02-12T10:33:45.884Z,close_runner,,,nearest_exit_decision_symbol
716774804568408819,cmt_bnbusdt,SHORT_SIDE,SHORT,2026-02-12T18:33:50.520+08:00,2026-02-12T10:33:50.520Z,Exit Execution,SDM:Straddle,0.1,598.62,cd964ed2-6941-49f1-8cf3-17a26c9144ad,Exit Decision,2026-02-12T18:33:49.848+08:00,2026-02-12T10:33:49.848Z,close_runner,,,nearest_exit_decision_symbol
716774821282710259,cmt_adausdt,SHORT_SIDE,SHORT,2026-02-12T18:33:54.505+08:00,2026-02-12T10:33:54.505Z,Exit Execution,SDM:Straddle,440.0,0.2606,d91a1808-8f23-46da-849f-618cc93dec39,Exit Decision,2026-02-12T18:33:53.833+08:00,2026-02-12T10:33:53.833Z,close_runner,,,nearest_exit_decision_symbol
716774850324071155,cmt_dogeusdt,SHORT_SIDE,SHORT,2026-02-12T18:34:01.430+08:00,2026-02-12T10:34:01.430Z,Exit Execution,SDM:Straddle,600.0,0.09192,d558ccca-dcb0-48a6-9e56-a387375bea6e,Exit Decision,2026-02-12T18:33:57.793+08:00,2026-02-12T10:33:57.793Z,close_runner,,,nearest_exit_decision_symbol
716774867399082739,cmt_btcusdt,SHORT_SIDE,SHORT,2026-02-12T18:34:05.500+08:00,2026-02-12T10:34:05.500Z,Exit Execution,SDM:Straddle,0.001,66706.5,8f554c05-9662-4ace-b76a-40a06073166d,Exit Decision,2026-02-12T18:34:04.796+08:00,2026-02-12T10:34:04.796Z,close_runner,,,nearest_exit_decision_symbol
716798746360283891,cmt_solusdt,SHORT_SIDE,SHORT,2026-02-12T20:08:58.690+08:00,2026-02-12T12:08:58.690Z,Exit Execution,SDM:Straddle,2.3,83.46,e1e38a9c-7e89-4fcc-8bb9-206eb943fc93,Exit Decision,2026-02-12T20:08:58.000+08:00,2026-02-12T12:08:58.000Z,close_runner,,,nearest_exit_decision_symbol
716798780262843123,cmt_ltcusdt,SHORT_SIDE,SHORT,2026-02-12T20:09:06.773+08:00,2026-02-12T12:09:06.773Z,Exit Execution,SDM:Straddle,2.4,52.56,aa430924-0248-4f36-bfbb-8d74dbad563c,Exit Decision,2026-02-12T20:09:06.093+08:00,2026-02-12T12:09:06.093Z,close_runner,,,nearest_exit_decision_symbol
716798797115556595,cmt_xrpusdt,SHORT_SIDE,SHORT,2026-02-12T20:09:10.790+08:00,2026-02-12T12:09:10.790Z,Exit Execution,SDM:Straddle,60.0,1.3591,0ce2a19d-8584-414a-b60d-9c8b128bae1e,Exit Decision,2026-02-12T20:09:10.117+08:00,2026-02-12T12:09:10.117Z,close_runner,,,nearest_exit_decision_symbol
716798813796303603,cmt_bnbusdt,SHORT_SIDE,SHORT,2026-02-12T20:09:14.767+08:00,2026-02-12T12:09:14.767Z,Exit Execution,SDM:Straddle,0.1,598.62,a1ab67ac-36e0-4f8d-969d-ffbf39bfab7c,Exit Decision,2026-02-12T20:09:14.093+08:00,2026-02-12T12:09:14.093Z,close_runner,,,nearest_exit_decision_symbol
716798830548353779,cmt_adausdt,SHORT_SIDE,SHORT,2026-02-12T20:09:18.760+08:00,2026-02-12T12:09:18.760Z,Exit Execution,SDM:Straddle,440.0,0.2606,7cf9f693-f0d1-44c0-85e3-b1eeb7525d3d,Exit Decision,2026-02-12T20:09:18.082+08:00,2026-02-12T12:09:18.082Z,close_runner,,,nearest_exit_decision_symbol
716798859749098227,cmt_dogeusdt,SHORT_SIDE,SHORT,2026-02-12T20:09:25.725+08:00,2026-02-12T12:09:25.725Z,Exit Execution,SDM:Straddle,600.0,0.09192,eb429bdd-b462-4b09-a492-b9aa051cebb9,Exit Decision,2026-02-12T20:09:22.106+08:00,2026-02-12T12:09:22.106Z,close_runner,,,nearest_exit_decision_symbol
716798876475982579,cmt_btcusdt,SHORT_SIDE,SHORT,2026-02-12T20:09:29.711+08:00,2026-02-12T12:09:29.711Z,Exit Execution,SDM:Straddle,0.001,66706.5,578e2a4d-8c8a-46d5-894d-f499dc23804d,Exit Decision,2026-02-12T20:09:29.030+08:00,2026-02-12T12:09:29.030Z,close_runner,,,nearest_exit_decision_symbol
716800386542863091,cmt_solusdt,SHORT_SIDE,SHORT,2026-02-12T20:15:29.739+08:00,2026-02-12T12:15:29.739Z,Exit Execution,SDM:Straddle,2.3,83.46,288020bb-9fcd-4575-b0e0-4bc240b561f4,Exit Decision,2026-02-12T20:15:29.065+08:00,2026-02-12T12:15:29.065Z,close_runner,,,nearest_exit_decision_symbol
716800432281748211,cmt_ltcusdt,SHORT_SIDE,SHORT,2026-02-12T20:15:40.644+08:00,2026-02-12T12:15:40.644Z,Exit Execution,SDM:Straddle,2.4,52.56,b5a53612-681b-4396-afd9-97f405ff034c,Exit Decision,2026-02-12T20:15:37.060+08:00,2026-02-12T12:15:37.060Z,close_runner,,,nearest_exit_decision_symbol
716800448996049651,cmt_xrpusdt,SHORT_SIDE,SHORT,2026-02-12T20:15:44.628+08:00,2026-02-12T12:15:44.628Z,Exit Execution,SDM:Straddle,60.0,1.3591,08cb954b-c451-483b-8cd5-0bca23ad9285,Exit Decision,2026-02-12T20:15:43.948+08:00,2026-02-12T12:15:43.948Z,close_runner,,,nearest_exit_decision_symbol
716800467723617011,cmt_bnbusdt,SHORT_SIDE,SHORT,2026-02-12T20:15:49.095+08:00,2026-02-12T12:15:49.095Z,Exit Execution,SDM:Straddle,0.1,598.62,9f19a618-bb78-431a-93cf-94f2f2e3a2ac,Exit Decision,2026-02-12T20:15:48.415+08:00,2026-02-12T12:15:48.415Z,close_runner,,,nearest_exit_decision_symbol
716800484580524787,cmt_adausdt,SHORT_SIDE,SHORT,2026-02-12T20:15:53.112+08:00,2026-02-12T12:15:53.112Z,Exit Execution,SDM:Straddle,440.0,0.2606,9753f748-e269-4919-aa4f-853bc365ae7f,Exit Decision,2026-02-12T20:15:52.450+08:00,2026-02-12T12:15:52.450Z,close_runner,,,nearest_exit_decision_symbol
716800513680605939,cmt_dogeusdt,SHORT_SIDE,SHORT,2026-02-12T20:16:00.051+08:00,2026-02-12T12:16:00.051Z,Exit Execution,SDM:Straddle,600.0,0.09192,ffe103b6-8927-4319-a040-ed1d0b09c9f5,Exit Decision,2026-02-12T20:15:56.424+08:00,2026-02-12T12:15:56.424Z,close_runner,,,nearest_exit_decision_symbol
716800530894029555,cmt_btcusdt,SHORT_SIDE,SHORT,2026-02-12T20:16:04.154+08:00,2026-02-12T12:16:04.154Z,Exit Execution,SDM:Straddle,0.001,66706.5,efa9ae58-17ac-4c91-9b8b-7ca44e5ad6f0,Exit Decision,2026-02-12T20:16:03.471+08:00,2026-02-12T12:16:03.471Z,close_runner,,,nearest_exit_decision_symbol
716804591257125619,cmt_solusdt,SHORT_SIDE,SHORT,2026-02-12T20:32:12.220+08:00,2026-02-12T12:32:12.220Z,Exit Execution,SDM:Straddle,2.3,83.46,6a88d888-2e72-40f7-bd79-c054c2b9adc4,Exit Decision,2026-02-12T20:32:11.517+08:00,2026-02-12T12:32:11.517Z,close_runner,,,nearest_exit_decision_symbol
716804637675487987,cmt_ltcusdt,SHORT_SIDE,SHORT,2026-02-12T20:32:23.288+08:00,2026-02-12T12:32:23.288Z,Exit Execution,SDM:Straddle,2.4,52.56,5caaa9cd-ed3f-4231-a977-49bee4f3fa3e,Exit Decision,2026-02-12T20:32:19.632+08:00,2026-02-12T12:32:19.632Z,close_runner,,,nearest_exit_decision_symbol
716804654737916659,cmt_xrpusdt,SHORT_SIDE,SHORT,2026-02-12T20:32:27.356+08:00,2026-02-12T12:32:27.356Z,Exit Execution,SDM:Straddle,60.0,1.3591,cb25444a-e76b-43da-8f88-0ded5fcb752e,Exit Decision,2026-02-12T20:32:26.648+08:00,2026-02-12T12:32:26.648Z,close_runner,,,nearest_exit_decision_symbol
716804671724847859,cmt_bnbusdt,SHORT_SIDE,SHORT,2026-02-12T20:32:31.405+08:00,2026-02-12T12:32:31.405Z,Exit Execution,SDM:Straddle,0.1,598.62,6ace288e-ba8e-442a-a3dd-1a84d9535f76,Exit Decision,2026-02-12T20:32:30.726+08:00,2026-02-12T12:32:30.726Z,close_runner,,,nearest_exit_decision_symbol
716804688531423987,cmt_adausdt,SHORT_SIDE,SHORT,2026-02-12T20:32:35.413+08:00,2026-02-12T12:32:35.413Z,Exit Execution,SDM:Straddle,440.0,0.2606,2ccea8d5-a618-4325-8eb3-b2473ea1b7ff,Exit Decision,2026-02-12T20:32:34.741+08:00,2026-02-12T12:32:34.741Z,close_runner,,,nearest_exit_decision_symbol
716804717778305779,cmt_dogeusdt,SHORT_SIDE,SHORT,2026-02-12T20:32:42.387+08:00,2026-02-12T12:32:42.387Z,Exit Execution,SDM:Straddle,600.0,0.09192,e2f25193-fd8e-4a3d-8d93-10760d2ed7a8,Exit Decision,2026-02-12T20:32:38.800+08:00,2026-02-12T12:32:38.800Z,close_runner,,,nearest_exit_decision_symbol
716804734526161651,cmt_btcusdt,SHORT_SIDE,SHORT,2026-02-12T20:32:46.379+08:00,2026-02-12T12:32:46.379Z,Exit Execution,SDM:Straddle,0.001,66706.5,3e2c0a7a-1d59-4397-bc96-75bb3f2da5bb,Exit Decision,2026-02-12T20:32:45.710+08:00,2026-02-12T12:32:45.710Z,close_runner,,,nearest_exit_decision_symbol
716805410731852531,cmt_solusdt,SHORT_SIDE,SHORT,2026-02-12T20:35:27.598+08:00,2026-02-12T12:35:27.598Z,Exit Execution,SDM:Straddle,2.3,83.46,b5fc114c-2203-4462-be21-b23e226ff4cb,Exit Decision,2026-02-12T20:35:26.919+08:00,2026-02-12T12:35:26.919Z,close_runner,,,nearest_exit_decision_symbol
716805456814670579,cmt_ltcusdt,SHORT_SIDE,SHORT,2026-02-12T20:35:38.586+08:00,2026-02-12T12:35:38.586Z,Exit Execution,SDM:Straddle,2.4,52.56,f81015af-776a-4d3f-be54-d0547a5445c4,Exit Decision,2026-02-12T20:35:34.985+08:00,2026-02-12T12:35:34.985Z,close_runner,,,nearest_exit_decision_symbol
716805473596080883,cmt_xrpusdt,SHORT_SIDE,SHORT,2026-02-12T20:35:42.587+08:00,2026-02-12T12:35:42.587Z,Exit Execution,SDM:Straddle,60.0,1.3591,2e6c7dc7-fc05-40ef-abd9-f18e980d3bf4,Exit Decision,2026-02-12T20:35:41.899+08:00,2026-02-12T12:35:41.899Z,close_runner,,,nearest_exit_decision_symbol
716805490281022195,cmt_bnbusdt,SHORT_SIDE,SHORT,2026-02-12T20:35:46.565+08:00,2026-02-12T12:35:46.565Z,Exit Execution,SDM:Straddle,0.1,598.62,da69de23-cfd1-4916-a87b-8b3e48dda3c0,Exit Decision,2026-02-12T20:35:45.896+08:00,2026-02-12T12:35:45.896Z,close_runner,,,nearest_exit_decision_symbol
716805507330867955,cmt_adausdt,SHORT_SIDE,SHORT,2026-02-12T20:35:50.629+08:00,2026-02-12T12:35:50.629Z,Exit Execution,SDM:Straddle,440.0,0.2606,d17c5721-da18-4696-9bf2-113a72602e8b,Exit Decision,2026-02-12T20:35:49.932+08:00,2026-02-12T12:35:49.932Z,close_runner,,,nearest_exit_decision_symbol
716805536187679475,cmt_dogeusdt,SHORT_SIDE,SHORT,2026-02-12T20:35:57.509+08:00,2026-02-12T12:35:57.509Z,Exit Execution,SDM:Straddle,600.0,0.09192,215446e9-60b4-4722-aff6-78751200d0ab,Exit Decision,2026-02-12T20:35:53.940+08:00,2026-02-12T12:35:53.940Z,close_runner,,,nearest_exit_decision_symbol
716805553032004339,cmt_btcusdt,SHORT_SIDE,SHORT,2026-02-12T20:36:01.526+08:00,2026-02-12T12:36:01.526Z,Exit Execution,SDM:Straddle,0.001,66706.5,ccadbc87-c01c-43b6-bb5f-d37f8aae2cdf,Exit Decision,2026-02-12T20:36:00.835+08:00,2026-02-12T12:36:00.835Z,close_runner,,,nearest_exit_decision_symbol
716820097125057267,cmt_solusdt,SHORT_SIDE,SHORT,2026-02-12T21:33:49.106+08:00,2026-02-12T13:33:49.106Z,Exit Execution,SDM:Straddle,2.3,83.46,8a0e9f23-2598-4b72-bea0-17b1ead341c4,Exit Decision,2026-02-12T21:33:48.416+08:00,2026-02-12T13:33:48.416Z,close_runner,,,nearest_exit_decision_symbol
716820142423540467,cmt_ltcusdt,SHORT_SIDE,SHORT,2026-02-12T21:33:59.908+08:00,2026-02-12T13:33:59.908Z,Exit Execution,SDM:Straddle,2.4,52.56,f97e9109-cda7-4ee4-979d-ded554343cf5,Exit Decision,2026-02-12T21:33:56.365+08:00,2026-02-12T13:33:56.365Z,close_runner,,,nearest_exit_decision_symbol
716820158999429875,cmt_xrpusdt,SHORT_SIDE,SHORT,2026-02-12T21:34:03.859+08:00,2026-02-12T13:34:03.859Z,Exit Execution,SDM:Straddle,60.0,1.3591,272d826d-bcb1-46fc-af59-bcfcf637c108,Exit Decision,2026-02-12T21:34:03.195+08:00,2026-02-12T13:34:03.195Z,close_runner,,,nearest_exit_decision_symbol
716820175835366131,cmt_bnbusdt,SHORT_SIDE,SHORT,2026-02-12T21:34:07.872+08:00,2026-02-12T13:34:07.872Z,Exit Execution,SDM:Straddle,0.1,598.62,fe8830bd-f2dc-4c1c-8dc6-3a7be4424f3f,Exit Decision,2026-02-12T21:34:07.189+08:00,2026-02-12T13:34:07.189Z,close_runner,,,nearest_exit_decision_symbol
716820192683885299,cmt_adausdt,SHORT_SIDE,SHORT,2026-02-12T21:34:11.891+08:00,2026-02-12T13:34:11.891Z,Exit Execution,SDM:Straddle,440.0,0.2606,a17bd07e-b990-4cfe-87d2-6aaa10911dff,Exit Decision,2026-02-12T21:34:11.221+08:00,2026-02-12T13:34:11.221Z,close_runner,,,nearest_exit_decision_symbol
716820221666525939,cmt_dogeusdt,SHORT_SIDE,SHORT,2026-02-12T21:34:18.801+08:00,2026-02-12T13:34:18.801Z,Exit Execution,SDM:Straddle,600.0,0.09192,816407ce-1ad2-4ebe-af18-4bdcbed2006b,Exit Decision,2026-02-12T21:34:15.193+08:00,2026-02-12T13:34:15.193Z,close_runner,,,nearest_exit_decision_symbol
716820238301135603,cmt_btcusdt,SHORT_SIDE,SHORT,2026-02-12T21:34:22.766+08:00,2026-02-12T13:34:22.766Z,Exit Execution,SDM:Straddle,0.001,66706.5,d44c5a17-1fee-4739-aa82-382be7ef4846,Exit Decision,2026-02-12T21:34:22.082+08:00,2026-02-12T13:34:22.082Z,close_runner,,,nearest_exit_decision_symbol
716834819647996659,cmt_solusdt,SHORT_SIDE,SHORT,2026-02-12T22:32:19.232+08:00,2026-02-12T14:32:19.232Z,Exit Execution,SDM:Straddle,2.3,83.46,d3ff311a-afe0-4694-b7a5-5413185b6990,Exit Decision,2026-02-12T22:32:18.546+08:00,2026-02-12T14:32:18.546Z,close_runner,,,nearest_exit_decision_symbol
716834865269441267,cmt_ltcusdt,SHORT_SIDE,SHORT,2026-02-12T22:32:30.109+08:00,2026-02-12T14:32:30.109Z,Exit Execution,SDM:Straddle,2.4,52.56,85908220-1cf4-4f80-bcc4-2710277bd594,Exit Decision,2026-02-12T22:32:26.514+08:00,2026-02-12T14:32:26.514Z,close_runner,,,nearest_exit_decision_symbol
716834881925022451,cmt_xrpusdt,SHORT_SIDE,SHORT,2026-02-12T22:32:34.079+08:00,2026-02-12T14:32:34.079Z,Exit Execution,SDM:Straddle,60.0,1.3591,d878c16f-8b51-4d8f-ab14-1885f4495a8d,Exit Decision,2026-02-12T22:32:33.408+08:00,2026-02-12T14:32:33.408Z,close_runner,,,nearest_exit_decision_symbol
716834898748375795,cmt_bnbusdt,SHORT_SIDE,SHORT,2026-02-12T22:32:38.090+08:00,2026-02-12T14:32:38.090Z,Exit Execution,SDM:Straddle,0.1,598.62,44ee41d6-fe34-445b-a8b8-23b20abd07ea,Exit Decision,2026-02-12T22:32:37.396+08:00,2026-02-12T14:32:37.396Z,close_runner,,,nearest_exit_decision_symbol
716834915554951923,cmt_adausdt,SHORT_SIDE,SHORT,2026-02-12T22:32:42.096+08:00,2026-02-12T14:32:42.096Z,Exit Execution,SDM:Straddle,440.0,0.2606,f9b5f8ff-dfad-4836-b985-65ee71b5f62c,Exit Decision,2026-02-12T22:32:41.425+08:00,2026-02-12T14:32:41.425Z,close_runner,,,nearest_exit_decision_symbol
716834944302711539,cmt_dogeusdt,SHORT_SIDE,SHORT,2026-02-12T22:32:48.951+08:00,2026-02-12T14:32:48.951Z,Exit Execution,SDM:Straddle,600.0,0.09192,8df2ffe8-359e-45a8-b269-bb6f819a75d9,Exit Decision,2026-02-12T22:32:45.391+08:00,2026-02-12T14:32:45.391Z,close_runner,,,nearest_exit_decision_symbol
716834960794714867,cmt_btcusdt,SHORT_SIDE,SHORT,2026-02-12T22:32:52.882+08:00,2026-02-12T14:32:52.882Z,Exit Execution,SDM:Straddle,0.001,66706.5,5a4996e4-3b73-4617-8531-65f55aa0269f,Exit Decision,2026-02-12T22:32:52.223+08:00,2026-02-12T14:32:52.223Z,close_runner,,,nearest_exit_decision_symbol
716849552878994163,cmt_solusdt,SHORT_SIDE,SHORT,2026-02-12T23:30:51.906+08:00,2026-02-12T15:30:51.906Z,Exit Execution,SDM:Straddle,2.3,83.46,e96524b8-79d7-404b-a924-9beb98b17fba,Exit Decision,2026-02-12T23:30:51.210+08:00,2026-02-12T15:30:51.210Z,close_runner,,,nearest_exit_decision_symbol
716849598638850803,cmt_ltcusdt,SHORT_SIDE,SHORT,2026-02-12T23:31:02.817+08:00,2026-02-12T15:31:02.817Z,Exit Execution,SDM:Straddle,2.4,52.56,2f64c435-49f9-4c27-9726-e5bc6bb7d94e,Exit Decision,2026-02-12T23:30:59.243+08:00,2026-02-12T15:30:59.243Z,close_runner,,,nearest_exit_decision_symbol
716849615499952883,cmt_xrpusdt,SHORT_SIDE,SHORT,2026-02-12T23:31:06.840+08:00,2026-02-12T15:31:06.840Z,Exit Execution,SDM:Straddle,60.0,1.3591,03c823fe-a3a1-4a92-bd7b-35b5301cdf9a,Exit Decision,2026-02-12T23:31:06.123+08:00,2026-02-12T15:31:06.123Z,close_runner,,,nearest_exit_decision_symbol
716849632574964467,cmt_bnbusdt,SHORT_SIDE,SHORT,2026-02-12T23:31:10.907+08:00,2026-02-12T15:31:10.907Z,Exit Execution,SDM:Straddle,0.1,598.62,e807d203-bd22-45df-a5cf-028dadb9392c,Exit Decision,2026-02-12T23:31:10.218+08:00,2026-02-12T15:31:10.218Z,close_runner,,,nearest_exit_decision_symbol
716849649524146931,cmt_adausdt,SHORT_SIDE,SHORT,2026-02-12T23:31:14.947+08:00,2026-02-12T15:31:14.947Z,Exit Execution,SDM:Straddle,440.0,0.2606,86005359-3394-4731-bfa4-9c6e6d67c008,Exit Decision,2026-02-12T23:31:14.270+08:00,2026-02-12T15:31:14.270Z,close_runner,,,nearest_exit_decision_symbol
716849678305460979,cmt_dogeusdt,SHORT_SIDE,SHORT,2026-02-12T23:31:21.810+08:00,2026-02-12T15:31:21.810Z,Exit Execution,SDM:Straddle,600.0,0.09192,63ca12a1-d68c-4b39-afb0-1395c043e00b,Exit Decision,2026-02-12T23:31:18.250+08:00,2026-02-12T15:31:18.250Z,close_runner,,,nearest_exit_decision_symbol
716849695133008627,cmt_btcusdt,SHORT_SIDE,SHORT,2026-02-12T23:31:25.821+08:00,2026-02-12T15:31:25.821Z,Exit Execution,SDM:Straddle,0.001,66706.5,f35217ed-9aff-474e-a9ea-057a336d4d66,Exit Decision,2026-02-12T23:31:25.128+08:00,2026-02-12T15:31:25.128Z,close_runner,,,nearest_exit_decision_symbol
716864319500845811,cmt_solusdt,SHORT_SIDE,SHORT,2026-02-13T00:29:32.544+08:00,2026-02-12T16:29:32.544Z,Exit Execution,SDM:Straddle,2.3,83.46,d8c1cc8d-e223-47fa-9aea-e1faeb573256,Exit Decision,2026-02-13T00:29:31.860+08:00,2026-02-12T16:29:31.860Z,close_runner,,,nearest_exit_decision_symbol
716864365533332211,cmt_ltcusdt,SHORT_SIDE,SHORT,2026-02-13T00:29:43.517+08:00,2026-02-12T16:29:43.517Z,Exit Execution,SDM:Straddle,2.4,52.56,f497933a-9c07-4a46-b306-1655dbf4f88e,Exit Decision,2026-02-13T00:29:39.873+08:00,2026-02-12T16:29:39.873Z,close_runner,,,nearest_exit_decision_symbol
716864382427988723,cmt_xrpusdt,SHORT_SIDE,SHORT,2026-02-13T00:29:47.546+08:00,2026-02-12T16:29:47.546Z,Exit Execution,SDM:Straddle,60.0,1.3591,6df557ca-9fdc-437b-b843-5d22f8e92ba8,Exit Decision,2026-02-13T00:29:46.862+08:00,2026-02-12T16:29:46.862Z,close_runner,,,nearest_exit_decision_symbol
716864399310062323,cmt_bnbusdt,SHORT_SIDE,SHORT,2026-02-13T00:29:51.571+08:00,2026-02-12T16:29:51.571Z,Exit Execution,SDM:Straddle,0.1,598.62,73a1ce3e-2b86-44b5-8ed4-d75dbba50ee7,Exit Decision,2026-02-13T00:29:50.893+08:00,2026-02-12T16:29:50.893Z,close_runner,,,nearest_exit_decision_symbol
716864416263439091,cmt_adausdt,SHORT_SIDE,SHORT,2026-02-13T00:29:55.617+08:00,2026-02-12T16:29:55.617Z,Exit Execution,SDM:Straddle,440.0,0.2606,4c33a913-a1ca-48ba-b58f-4fd1be60da11,Exit Decision,2026-02-13T00:29:54.918+08:00,2026-02-12T16:29:54.918Z,close_runner,,,nearest_exit_decision_symbol
716864448207258355,cmt_dogeusdt,SHORT_SIDE,SHORT,2026-02-13T00:30:03.230+08:00,2026-02-12T16:30:03.230Z,Exit Execution,SDM:Straddle,600.0,0.09192,2014eda3-acc5-4a90-9e31-a9bd92927fa5,Exit Decision,2026-02-13T00:29:59.064+08:00,2026-02-12T16:29:59.064Z,close_runner,,,nearest_exit_decision_symbol
716864465395516147,cmt_btcusdt,SHORT_SIDE,SHORT,2026-02-13T00:30:07.327+08:00,2026-02-12T16:30:07.327Z,Exit Execution,SDM:Straddle,0.001,66706.5,58e6f6a5-fd14-4f2a-98b1-b18f9e667d00,Exit Decision,2026-02-13T00:30:06.632+08:00,2026-02-12T16:30:06.632Z,close_runner,,,nearest_exit_decision_symbol
716879110206391027,cmt_solusdt,SHORT_SIDE,SHORT,2026-02-13T01:28:18.924+08:00,2026-02-12T17:28:18.924Z,Exit Execution,SDM:Straddle,2.3,83.46,0c732571-9cc8-4f7a-a2d5-4b7448a97c90,Exit Decision,2026-02-13T01:28:18.240+08:00,2026-02-12T17:28:18.240Z,close_runner,,,nearest_exit_decision_symbol
716879155886555891,cmt_ltcusdt,SHORT_SIDE,SHORT,2026-02-13T01:28:29.813+08:00,2026-02-12T17:28:29.813Z,Exit Execution,SDM:Straddle,2.4,52.56,dafc0713-5857-45ac-b230-f89759bf25af,Exit Decision,2026-02-13T01:28:26.211+08:00,2026-02-12T17:28:26.211Z,close_runner,,,nearest_exit_decision_symbol
716879172579885811,cmt_xrpusdt,SHORT_SIDE,SHORT,2026-02-13T01:28:33.793+08:00,2026-02-12T17:28:33.793Z,Exit Execution,SDM:Straddle,60.0,1.3591,a5374e67-e8a2-4c5f-9269-9a73905afd23,Exit Decision,2026-02-13T01:28:33.110+08:00,2026-02-12T17:28:33.110Z,close_runner,,,nearest_exit_decision_symbol
716879189378073331,cmt_bnbusdt,SHORT_SIDE,SHORT,2026-02-13T01:28:37.797+08:00,2026-02-12T17:28:37.797Z,Exit Execution,SDM:Straddle,0.1,598.62,fed914f5-aed7-407c-9fd8-995d343c3815,Exit Decision,2026-02-13T01:28:37.093+08:00,2026-02-12T17:28:37.093Z,close_runner,,,nearest_exit_decision_symbol
716879206234981107,cmt_adausdt,SHORT_SIDE,SHORT,2026-02-13T01:28:41.817+08:00,2026-02-12T17:28:41.817Z,Exit Execution,SDM:Straddle,440.0,0.2606,19f7495c-59d0-4a43-86f1-bcec0a3c2244,Exit Decision,2026-02-13T01:28:41.117+08:00,2026-02-12T17:28:41.117Z,close_runner,,,nearest_exit_decision_symbol
716879235515417331,cmt_dogeusdt,SHORT_SIDE,SHORT,2026-02-13T01:28:48.799+08:00,2026-02-12T17:28:48.799Z,Exit Execution,SDM:Straddle,600.0,0.09192,64be89f3-47ad-4938-a500-2471b681cf23,Exit Decision,2026-02-13T01:28:45.176+08:00,2026-02-12T17:28:45.176Z,close_runner,,,nearest_exit_decision_symbol
716879252363936499,cmt_btcusdt,SHORT_SIDE,SHORT,2026-02-13T01:28:52.816+08:00,2026-02-12T17:28:52.816Z,Exit Execution,SDM:Straddle,0.001,66706.5,fb8f6f97-2690-466d-9daa-596351d84c20,Exit Decision,2026-02-13T01:28:52.144+08:00,2026-02-12T17:28:52.144Z,close_runner,,,nearest_exit_decision_symbol
716893897078342387,cmt_solusdt,SHORT_SIDE,SHORT,2026-02-13T02:27:04.386+08:00,2026-02-12T18:27:04.386Z,Exit Execution,SDM:Straddle,2.3,83.46,36c0801e-46a9-46d5-9673-70b13a08d0fa,Exit Decision,2026-02-13T02:27:03.711+08:00,2026-02-12T18:27:03.711Z,close_runner,,,nearest_exit_decision_symbol
716893943563813619,cmt_ltcusdt,SHORT_SIDE,SHORT,2026-02-13T02:27:15.471+08:00,2026-02-12T18:27:15.471Z,Exit Execution,SDM:Straddle,2.4,52.56,3d323bf8-a301-43ce-8ad4-c1cac3b6e9bd,Exit Decision,2026-02-13T02:27:11.891+08:00,2026-02-12T18:27:11.891Z,close_runner,,,nearest_exit_decision_symbol
716893960160674547,cmt_xrpusdt,SHORT_SIDE,SHORT,2026-02-13T02:27:19.429+08:00,2026-02-12T18:27:19.429Z,Exit Execution,SDM:Straddle,60.0,1.3591,30e5862f-5419-48c7-b73d-230831d66877,Exit Decision,2026-02-13T02:27:18.754+08:00,2026-02-12T18:27:18.754Z,close_runner,,,nearest_exit_decision_symbol
716893979508998899,cmt_bnbusdt,SHORT_SIDE,SHORT,2026-02-13T02:27:24.041+08:00,2026-02-12T18:27:24.041Z,Exit Execution,SDM:Straddle,0.1,598.62,85d8926f-8136-4702-becc-9902097cadfe,Exit Decision,2026-02-13T02:27:23.366+08:00,2026-02-12T18:27:23.366Z,close_runner,,,nearest_exit_decision_symbol
716893996361712371,cmt_adausdt,SHORT_SIDE,SHORT,2026-02-13T02:27:28.059+08:00,2026-02-12T18:27:28.059Z,Exit Execution,SDM:Straddle,440.0,0.2606,f89b3dcf-6086-4b8e-99b8-eca66c9b0ed0,Exit Decision,2026-02-13T02:27:27.380+08:00,2026-02-12T18:27:27.380Z,close_runner,,,nearest_exit_decision_symbol
716894025335964403,cmt_dogeusdt,SHORT_SIDE,SHORT,2026-02-13T02:27:34.968+08:00,2026-02-12T18:27:34.968Z,Exit Execution,SDM:Straddle,600.0,0.09192,c4515175-8cae-4a8c-b96f-be7d37f8f4a0,Exit Decision,2026-02-13T02:27:31.352+08:00,2026-02-12T18:27:31.352Z,close_runner,,,nearest_exit_decision_symbol
716894042331284211,cmt_btcusdt,SHORT_SIDE,SHORT,2026-02-13T02:27:39.020+08:00,2026-02-12T18:27:39.020Z,Exit Execution,SDM:Straddle,0.001,66706.5,cb6cce8d-fe96-4240-bd0f-a38cb3642eec,Exit Decision,2026-02-13T02:27:38.344+08:00,2026-02-12T18:27:38.344Z,close_runner,,,nearest_exit_decision_symbol
716908659434586867,cmt_solusdt,SHORT_SIDE,SHORT,2026-02-13T03:25:44.009+08:00,2026-02-12T19:25:44.009Z,Exit Execution,SDM:Straddle,2.3,83.46,f97e8441-7244-4a29-b4c1-965add0d48ed,Exit Decision,2026-02-13T03:25:43.312+08:00,2026-02-12T19:25:43.312Z,close_runner,,,nearest_exit_decision_symbol
716908705211220723,cmt_ltcusdt,SHORT_SIDE,SHORT,2026-02-13T03:25:54.923+08:00,2026-02-12T19:25:54.923Z,Exit Execution,SDM:Straddle,2.4,52.56,9dd5f635-c800-4ca9-b0e5-268654479f5a,Exit Decision,2026-02-13T03:25:51.330+08:00,2026-02-12T19:25:51.330Z,close_runner,,,nearest_exit_decision_symbol
716908722101682931,cmt_xrpusdt,SHORT_SIDE,SHORT,2026-02-13T03:25:58.950+08:00,2026-02-12T19:25:58.950Z,Exit Execution,SDM:Straddle,60.0,1.3591,abfcbaf6-effc-45db-89d9-f12129947aaf,Exit Decision,2026-02-13T03:25:58.247+08:00,2026-02-12T19:25:58.247Z,close_runner,,,nearest_exit_decision_symbol
716908742070764275,cmt_bnbusdt,SHORT_SIDE,SHORT,2026-02-13T03:26:03.712+08:00,2026-02-12T19:26:03.712Z,Exit Execution,SDM:Straddle,0.1,598.62,40822403-b621-4ad1-9fd6-a09a63ba4915,Exit Decision,2026-02-13T03:26:03.022+08:00,2026-02-12T19:26:03.022Z,close_runner,,,nearest_exit_decision_symbol
716908759720395507,cmt_adausdt,SHORT_SIDE,SHORT,2026-02-13T03:26:07.919+08:00,2026-02-12T19:26:07.919Z,Exit Execution,SDM:Straddle,440.0,0.2606,b4c1856b-d118-4ed8-a668-152b8f773020,Exit Decision,2026-02-13T03:26:07.227+08:00,2026-02-12T19:26:07.227Z,close_runner,,,nearest_exit_decision_symbol
716908789143438067,cmt_dogeusdt,SHORT_SIDE,SHORT,2026-02-13T03:26:14.933+08:00,2026-02-12T19:26:14.933Z,Exit Execution,SDM:Straddle,600.0,0.09192,42d31b56-d740-44a8-a163-fbda61480ff0,Exit Decision,2026-02-13T03:26:11.323+08:00,2026-02-12T19:26:11.323Z,close_runner,,,nearest_exit_decision_symbol
716908805920654067,cmt_btcusdt,SHORT_SIDE,SHORT,2026-02-13T03:26:18.934+08:00,2026-02-12T19:26:18.934Z,Exit Execution,SDM:Straddle,0.001,66706.5,4ad2523b-1824-4958-8e30-aceb6df99b95,Exit Decision,2026-02-13T03:26:18.261+08:00,2026-02-12T19:26:18.261Z,close_runner,,,nearest_exit_decision_symbol
716923376794338035,cmt_solusdt,SHORT_SIDE,SHORT,2026-02-13T04:24:12.901+08:00,2026-02-12T20:24:12.901Z,Exit Execution,SDM:Straddle,2.3,83.46,b8a6efa3-006c-43c1-924f-417856dff5d7,Exit Decision,2026-02-13T04:24:12.227+08:00,2026-02-12T20:24:12.227Z,close_runner,,,nearest_exit_decision_symbol
716923425431487219,cmt_ltcusdt,SHORT_SIDE,SHORT,2026-02-13T04:24:24.496+08:00,2026-02-12T20:24:24.496Z,Exit Execution,SDM:Straddle,2.4,52.56,44367a93-f585-4ce4-8079-e00e65c62f24,Exit Decision,2026-02-13T04:24:20.917+08:00,2026-02-12T20:24:20.917Z,close_runner,,,nearest_exit_decision_symbol
716923445069218547,cmt_xrpusdt,SHORT_SIDE,SHORT,2026-02-13T04:24:29.180+08:00,2026-02-12T20:24:29.180Z,Exit Execution,SDM:Straddle,60.0,1.3591,ed34ae8b-a301-44f3-bf0c-70b373d6d4d3,Exit Decision,2026-02-13T04:24:28.499+08:00,2026-02-12T20:24:28.499Z,close_runner,,,nearest_exit_decision_symbol
716923464698561267,cmt_bnbusdt,SHORT_SIDE,SHORT,2026-02-13T04:24:33.859+08:00,2026-02-12T20:24:33.859Z,Exit Execution,SDM:Straddle,0.1,598.62,f8d0349a-e69b-443a-8d1e-25766d3201d9,Exit Decision,2026-02-13T04:24:33.170+08:00,2026-02-12T20:24:33.170Z,close_runner,,,nearest_exit_decision_symbol
716923481727435507,cmt_adausdt,SHORT_SIDE,SHORT,2026-02-13T04:24:37.918+08:00,2026-02-12T20:24:37.918Z,Exit Execution,SDM:Straddle,440.0,0.2606,7e3f2e5a-0968-49fe-9cda-80aed0c76039,Exit Decision,2026-02-13T04:24:37.183+08:00,2026-02-12T20:24:37.183Z,close_runner,,,nearest_exit_decision_symbol
716923510596829939,cmt_dogeusdt,SHORT_SIDE,SHORT,2026-02-13T04:24:44.800+08:00,2026-02-12T20:24:44.800Z,Exit Execution,SDM:Straddle,600.0,0.09192,4eed3bb0-e01a-4f59-b110-8a7d5384f926,Exit Decision,2026-02-13T04:24:41.214+08:00,2026-02-12T20:24:41.214Z,close_runner,,,nearest_exit_decision_symbol
716923527734756083,cmt_btcusdt,SHORT_SIDE,SHORT,2026-02-13T04:24:48.886+08:00,2026-02-12T20:24:48.886Z,Exit Execution,SDM:Straddle,0.001,66706.5,033d4a9f-66ba-42de-a741-59b3f44a17f0,Exit Decision,2026-02-13T04:24:48.215+08:00,2026-02-12T20:24:48.215Z,close_runner,,,nearest_exit_decision_symbol
716938136906629875,cmt_solusdt,SHORT_SIDE,SHORT,2026-02-13T05:22:51.992+08:00,2026-02-12T21:22:51.992Z,Exit Execution,SDM:Straddle,2.3,83.46,52c6f829-7d9c-4b5c-9e76-0aaabe90fd7a,Exit Decision,2026-02-13T05:22:51.295+08:00,2026-02-12T21:22:51.295Z,close_runner,,,nearest_exit_decision_symbol
716938182532268787,cmt_ltcusdt,SHORT_SIDE,SHORT,2026-02-13T05:23:02.863+08:00,2026-02-12T21:23:02.863Z,Exit Execution,SDM:Straddle,2.4,52.56,249c99f5-0504-438f-9f6e-23713ecdf037,Exit Decision,2026-02-13T05:22:59.295+08:00,2026-02-12T21:22:59.295Z,close_runner,,,nearest_exit_decision_symbol
716938199200432883,cmt_xrpusdt,SHORT_SIDE,SHORT,2026-02-13T05:23:06.836+08:00,2026-02-12T21:23:06.836Z,Exit Execution,SDM:Straddle,60.0,1.3591,8f6c5998-cc13-4cc1-bc17-0f50d6be98a2,Exit Decision,2026-02-13T05:23:06.169+08:00,2026-02-12T21:23:06.169Z,close_runner,,,nearest_exit_decision_symbol
716938219056268019,cmt_bnbusdt,SHORT_SIDE,SHORT,2026-02-13T05:23:11.573+08:00,2026-02-12T21:23:11.573Z,Exit Execution,SDM:Straddle,0.1,598.62,9193a872-57a8-432a-a0a7-0ca87df7473b,Exit Decision,2026-02-13T05:23:10.872+08:00,2026-02-12T21:23:10.872Z,close_runner,,,nearest_exit_decision_symbol
716938236290663155,cmt_adausdt,SHORT_SIDE,SHORT,2026-02-13T05:23:15.680+08:00,2026-02-12T21:23:15.680Z,Exit Execution,SDM:Straddle,440.0,0.2606,58dbfbce-b1a5-42ad-b41e-ee536dbf9b5b,Exit Decision,2026-02-13T05:23:14.989+08:00,2026-02-12T21:23:14.989Z,close_runner,,,nearest_exit_decision_symbol
716938265348801267,cmt_dogeusdt,SHORT_SIDE,SHORT,2026-02-13T05:23:22.609+08:00,2026-02-12T21:23:22.609Z,Exit Execution,SDM:Straddle,600.0,0.09192,9723daf8-306f-420c-a9f4-e17c2b5a5603,Exit Decision,2026-02-13T05:23:19.008+08:00,2026-02-12T21:23:19.008Z,close_runner,,,nearest_exit_decision_symbol
716938282209903347,cmt_btcusdt,SHORT_SIDE,SHORT,2026-02-13T05:23:26.628+08:00,2026-02-12T21:23:26.628Z,Exit Execution,SDM:Straddle,0.001,66706.5,03d0c968-3dba-4d98-870d-58bd2e88c74b,Exit Decision,2026-02-13T05:23:25.943+08:00,2026-02-12T21:23:25.943Z,close_runner,,,nearest_exit_decision_symbol
716952934553748211,cmt_solusdt,SHORT_SIDE,SHORT,2026-02-13T06:21:40.020+08:00,2026-02-12T22:21:40.020Z,Exit Execution,SDM:Straddle,2.3,83.46,299c9785-7613-46f7-92c5-6abeda9d43c1,Exit Decision,2026-02-13T06:21:39.347+08:00,2026-02-12T22:21:39.347Z,close_runner,,,nearest_exit_decision_symbol
716952983086039795,cmt_ltcusdt,SHORT_SIDE,SHORT,2026-02-13T06:21:51.591+08:00,2026-02-12T22:21:51.591Z,Exit Execution,SDM:Straddle,2.4,52.56,2eb3f09a-4a79-4a4e-a98c-5dc9ac466338,Exit Decision,2026-02-13T06:21:48.003+08:00,2026-02-12T22:21:48.003Z,close_runner,,,nearest_exit_decision_symbol
716953000064582387,cmt_xrpusdt,SHORT_SIDE,SHORT,2026-02-13T06:21:55.639+08:00,2026-02-12T22:21:55.639Z,Exit Execution,SDM:Straddle,60.0,1.3591,e2aa0ff8-2968-4ec4-a3fc-509dfd0a2157,Exit Decision,2026-02-13T06:21:54.942+08:00,2026-02-12T22:21:54.942Z,close_runner,,,nearest_exit_decision_symbol
716953019605844723,cmt_bnbusdt,SHORT_SIDE,SHORT,2026-02-13T06:22:00.296+08:00,2026-02-12T22:22:00.296Z,Exit Execution,SDM:Straddle,0.1,598.62,56da1ad0-1937-4d0e-8ceb-6607571f372d,Exit Decision,2026-02-13T06:21:59.621+08:00,2026-02-12T22:21:59.621Z,close_runner,,,nearest_exit_decision_symbol
716953036462752499,cmt_adausdt,SHORT_SIDE,SHORT,2026-02-13T06:22:04.317+08:00,2026-02-12T22:22:04.317Z,Exit Execution,SDM:Straddle,440.0,0.2606,83dd4ba9-a337-4b56-90e9-0c6ec9568de4,Exit Decision,2026-02-13T06:22:03.635+08:00,2026-02-12T22:22:03.635Z,close_runner,,,nearest_exit_decision_symbol
716953065411838707,cmt_dogeusdt,SHORT_SIDE,SHORT,2026-02-13T06:22:11.220+08:00,2026-02-12T22:22:11.220Z,Exit Execution,SDM:Straddle,600.0,0.09192,48bffed7-48b2-4f20-b812-cb9fa555b4e7,Exit Decision,2026-02-13T06:22:07.624+08:00,2026-02-12T22:22:07.624Z,close_runner,,,nearest_exit_decision_symbol
716953082520404723,cmt_btcusdt,SHORT_SIDE,SHORT,2026-02-13T06:22:15.297+08:00,2026-02-12T22:22:15.297Z,Exit Execution,SDM:Straddle,0.001,66706.5,cae78168-1282-4cec-98fc-77daaff94646,Exit Decision,2026-02-13T06:22:14.576+08:00,2026-02-12T22:22:14.576Z,close_runner,,,nearest_exit_decision_symbol
716967729013195507,cmt_solusdt,SHORT_SIDE,SHORT,2026-02-13T07:20:27.294+08:00,2026-02-12T23:20:27.294Z,Exit Execution,SDM:Straddle,1.8,83.46,424a9aeb-99ee-46b2-a8bb-409b52c60f6c,Exit Decision,2026-02-13T07:20:26.595+08:00,2026-02-12T23:20:26.595Z,close_runner,,,nearest_exit_decision_symbol
716967775171511027,cmt_ltcusdt,SHORT_SIDE,SHORT,2026-02-13T07:20:38.298+08:00,2026-02-12T23:20:38.298Z,Exit Execution,SDM:Straddle,2.4,52.56,c28d98b6-06e6-4460-ade7-9f4380a303a7,Exit Decision,2026-02-13T07:20:34.708+08:00,2026-02-12T23:20:34.708Z,close_runner,,,nearest_exit_decision_symbol
716967792020030195,cmt_xrpusdt,SHORT_SIDE,SHORT,2026-02-13T07:20:42.314+08:00,2026-02-12T23:20:42.314Z,Exit Execution,SDM:Straddle,60.0,1.3591,1bdf6ac1-2175-4dbc-acfd-0241b6147c00,Exit Decision,2026-02-13T07:20:41.633+08:00,2026-02-12T23:20:41.633Z,close_runner,,,nearest_exit_decision_symbol
716967808902103795,cmt_bnbusdt,SHORT_SIDE,SHORT,2026-02-13T07:20:46.340+08:00,2026-02-12T23:20:46.340Z,Exit Execution,SDM:Straddle,0.1,598.62,8ff99687-6bce-4812-8168-2b7950dbc119,Exit Decision,2026-02-13T07:20:45.657+08:00,2026-02-12T23:20:45.657Z,close_runner,,,nearest_exit_decision_symbol
716967825863869171,cmt_adausdt,SHORT_SIDE,SHORT,2026-02-13T07:20:50.383+08:00,2026-02-12T23:20:50.383Z,Exit Execution,SDM:Straddle,440.0,0.2606,f7e17553-e134-4d6c-b20a-836586bfdb0f,Exit Decision,2026-02-13T07:20:49.692+08:00,2026-02-12T23:20:49.692Z,close_runner,,,nearest_exit_decision_symbol
716967855052030707,cmt_dogeusdt,SHORT_SIDE,SHORT,2026-02-13T07:20:57.342+08:00,2026-02-12T23:20:57.342Z,Exit Execution,SDM:Straddle,600.0,0.09192,a24928ab-b1af-4361-8130-faf71684f8ff,Exit Decision,2026-02-13T07:20:53.700+08:00,2026-02-12T23:20:53.700Z,close_runner,,,nearest_exit_decision_symbol
716967871988630259,cmt_btcusdt,SHORT_SIDE,SHORT,2026-02-13T07:21:01.379+08:00,2026-02-12T23:21:01.379Z,Exit Execution,SDM:Straddle,0.001,66706.5,eccec0a8-7531-451c-a9d8-d679ec739f21,Exit Decision,2026-02-13T07:21:00.695+08:00,2026-02-12T23:21:00.695Z,close_runner,,,nearest_exit_decision_symbol
716982462479074035,cmt_solusdt,SHORT_SIDE,SHORT,2026-02-13T08:19:00.027+08:00,2026-02-13T00:19:00.027Z,Exit Execution,SDM:Straddle,1.8,83.46,52618777-d749-4b09-b52f-c5d5fbd2713c,Exit Decision,2026-02-13T08:18:56.413+08:00,2026-02-13T00:18:56.413Z,close_runner,,,nearest_exit_decision_symbol
716982508440257267,cmt_ltcusdt,SHORT_SIDE,SHORT,2026-02-13T08:19:10.986+08:00,2026-02-13T00:19:10.986Z,Exit Execution,SDM:Straddle,1.5,52.56,c42c8888-cc6a-4901-b2d7-3c5588ccc7fe,Exit Decision,2026-02-13T08:19:07.371+08:00,2026-02-13T00:19:07.371Z,close_runner,,,nearest_exit_decision_symbol
716982526115054323,cmt_xrpusdt,SHORT_SIDE,SHORT,2026-02-13T08:19:15.197+08:00,2026-02-13T00:19:15.197Z,Exit Execution,SDM:Straddle,60.0,1.3591,2aaeab1d-0345-4477-a689-000dd35d7af7,Exit Decision,2026-02-13T08:19:14.478+08:00,2026-02-13T00:19:14.478Z,close_runner,,,nearest_exit_decision_symbol
716982543089402611,cmt_bnbusdt,SHORT_SIDE,SHORT,2026-02-13T08:19:19.244+08:00,2026-02-13T00:19:19.244Z,Exit Execution,SDM:Straddle,0.1,598.62,563bcacd-b005-4d1d-9406-69b05e3d480b,Exit Decision,2026-02-13T08:19:18.574+08:00,2026-02-13T00:19:18.574Z,close_runner,,,nearest_exit_decision_symbol
716982560298631923,cmt_adausdt,SHORT_SIDE,SHORT,2026-02-13T08:19:23.348+08:00,2026-02-13T00:19:23.348Z,Exit Execution,SDM:Straddle,440.0,0.2606,d1f7c617-fb21-4bb3-92c1-fedd2624a3a8,Exit Decision,2026-02-13T08:19:22.617+08:00,2026-02-13T00:19:22.617Z,close_runner,,,nearest_exit_decision_symbol
716982590476649203,cmt_dogeusdt,SHORT_SIDE,SHORT,2026-02-13T08:19:30.542+08:00,2026-02-13T00:19:30.542Z,Exit Execution,SDM:Straddle,600.0,0.09192,df94adc0-9520-4d28-95c0-0c1381f6eeb4,Exit Decision,2026-02-13T08:19:26.801+08:00,2026-02-13T00:19:26.801Z,close_runner,,,nearest_exit_decision_symbol
716620700261024499,cmt_ltcusdt,UNKNOWN,,2026-02-13T08:19:33.954+08:00,2026-02-13T00:19:33.954Z,Exit Decision,PositionMonitor,1.5,52.56,1f50d99e-f42c-4f9e-bad5-3223380b4cfa,Exit Decision,2026-02-13T08:19:33.954+08:00,2026-02-13T00:19:33.954Z,,,,exact_order_id
716982607501329139,cmt_btcusdt,SHORT_SIDE,SHORT,2026-02-13T08:19:34.600+08:00,2026-02-13T00:19:34.600Z,Exit Execution,SDM:Straddle,0.001,66706.5,ed9fb9a8-f3cd-4c9b-8342-a760f094bc97,Exit Decision,2026-02-13T08:19:33.918+08:00,2026-02-13T00:19:33.918Z,close_runner,,,nearest_exit_decision_symbol
716987065606079219,cmt_solusdt,SHORT_SIDE,SHORT,2026-02-13T08:37:17.495+08:00,2026-02-13T00:37:17.495Z,Exit Execution,SDM:Straddle,1.8,83.46,7177a48d-a317-4056-855d-8604b8afb535,Exit Decision,2026-02-13T08:37:13.905+08:00,2026-02-13T00:37:13.905Z,close_runner,,,nearest_exit_decision_symbol
716987115476353779,cmt_xrpusdt,SHORT_SIDE,SHORT,2026-02-13T08:37:29.386+08:00,2026-02-13T00:37:29.386Z,Exit Execution,SDM:Straddle,60.0,1.3591,22df4e88-7426-40e2-9457-91e5e6a62260,Exit Decision,2026-02-13T08:37:28.705+08:00,2026-02-13T00:37:28.705Z,close_runner,,,nearest_exit_decision_symbol
716987132350038771,cmt_bnbusdt,SHORT_SIDE,SHORT,2026-02-13T08:37:33.409+08:00,2026-02-13T00:37:33.409Z,Exit Execution,SDM:Straddle,0.1,598.62,7e07892c-8341-4c78-a83a-c5f10d7ae5b2,Exit Decision,2026-02-13T08:37:32.729+08:00,2026-02-13T00:37:32.729Z,close_runner,,,nearest_exit_decision_symbol
716987148938511091,cmt_adausdt,SHORT_SIDE,SHORT,2026-02-13T08:37:37.362+08:00,2026-02-13T00:37:37.362Z,Exit Execution,SDM:Straddle,440.0,0.2606,284f885d-5a9b-4486-9779-d26e5596ef50,Exit Decision,2026-02-13T08:37:36.695+08:00,2026-02-13T00:37:36.695Z,close_runner,,,nearest_exit_decision_symbol
716987177875014387,cmt_dogeusdt,SHORT_SIDE,SHORT,2026-02-13T08:37:44.261+08:00,2026-02-13T00:37:44.261Z,Exit Execution,SDM:Straddle,600.0,0.09192,bc842443-fed6-42b7-b0e3-f76dde6b07f0,Exit Decision,2026-02-13T08:37:40.691+08:00,2026-02-13T00:37:40.691Z,close_runner,,,nearest_exit_decision_symbol
716987194639647475,cmt_btcusdt,SHORT_SIDE,SHORT,2026-02-13T08:37:48.259+08:00,2026-02-13T00:37:48.259Z,Exit Execution,SDM:Straddle,0.001,66706.5,a6ff6242-1782-4bd8-a24d-4906afc95597,Exit Decision,2026-02-13T08:37:47.586+08:00,2026-02-13T00:37:47.586Z,close_runner,,,nearest_exit_decision_symbol
716987421186589427,cmt_solusdt,SHORT_SIDE,SHORT,2026-02-13T08:38:42.273+08:00,2026-02-13T00:38:42.273Z,Exit Execution,SDM:Straddle,1.8,83.46,baf88049-403a-45e0-b03d-0370b576fcf1,Exit Decision,2026-02-13T08:38:38.650+08:00,2026-02-13T00:38:38.650Z,close_runner,,,nearest_exit_decision_symbol
716987471409185523,cmt_xrpusdt,SHORT_SIDE,SHORT,2026-02-13T08:38:54.248+08:00,2026-02-13T00:38:54.248Z,Exit Execution,SDM:Straddle,60.0,1.3591,73ceeefb-2eaf-47cc-a274-33e5df948d6b,Exit Decision,2026-02-13T08:38:53.566+08:00,2026-02-13T00:38:53.566Z,close_runner,,,nearest_exit_decision_symbol
716987488429671155,cmt_bnbusdt,SHORT_SIDE,SHORT,2026-02-13T08:38:58.306+08:00,2026-02-13T00:38:58.306Z,Exit Execution,SDM:Straddle,0.1,598.62,b8f5f27d-3119-4ba4-a9e2-fc7ce85b9ab3,Exit Decision,2026-02-13T08:38:57.616+08:00,2026-02-13T00:38:57.616Z,close_runner,,,nearest_exit_decision_symbol
716987505299161843,cmt_adausdt,SHORT_SIDE,SHORT,2026-02-13T08:39:02.327+08:00,2026-02-13T00:39:02.327Z,Exit Execution,SDM:Straddle,400.0,0.2606,2d27b8d2-9720-4541-b2f3-dcfbfa36d3ea,Exit Decision,2026-02-13T08:39:01.639+08:00,2026-02-13T00:39:01.639Z,close_runner,,,nearest_exit_decision_symbol
716987534445380339,cmt_dogeusdt,SHORT_SIDE,SHORT,2026-02-13T08:39:09.277+08:00,2026-02-13T00:39:09.277Z,Exit Execution,SDM:Straddle,600.0,0.09192,18de2ff7-08fe-46fd-ab89-6bfeb645f794,Exit Decision,2026-02-13T08:39:05.663+08:00,2026-02-13T00:39:05.663Z,close_runner,,,nearest_exit_decision_symbol
716987551868519155,cmt_btcusdt,SHORT_SIDE,SHORT,2026-02-13T08:39:13.430+08:00,2026-02-13T00:39:13.430Z,Exit Execution,SDM:Straddle,0.001,66706.5,365b4dc3-2b19-47ac-8dcb-0d513c0eea4c,Exit Decision,2026-02-13T08:39:12.728+08:00,2026-02-13T00:39:12.728Z,close_runner,,,nearest_exit_decision_symbol
716987978546676467,cmt_solusdt,SHORT_SIDE,SHORT,2026-02-13T08:40:55.158+08:00,2026-02-13T00:40:55.158Z,Exit Execution,SDM:Straddle,1.8,83.46,dbe4a8e0-e7c5-4e03-8705-382daa0d5676,Exit Decision,2026-02-13T08:40:51.503+08:00,2026-02-13T00:40:51.503Z,close_runner,,,nearest_exit_decision_symbol
716988028685386483,cmt_xrpusdt,SHORT_SIDE,SHORT,2026-02-13T08:41:07.112+08:00,2026-02-13T00:41:07.112Z,Exit Execution,SDM:Straddle,60.0,1.3591,452eece0-1bac-4ffc-bb2a-308052f47f1c,Exit Decision,2026-02-13T08:41:06.438+08:00,2026-02-13T00:41:06.438Z,close_runner,,,nearest_exit_decision_symbol
716988045789758195,cmt_bnbusdt,SHORT_SIDE,SHORT,2026-02-13T08:41:11.189+08:00,2026-02-13T00:41:11.189Z,Exit Execution,SDM:Straddle,0.1,598.62,fcf618f3-f704-4fb7-b865-2b305d2dfa5c,Exit Decision,2026-02-13T08:41:10.494+08:00,2026-02-13T00:41:10.494Z,close_runner,,,nearest_exit_decision_symbol
716988075267326707,cmt_adausdt,SHORT_SIDE,SHORT,2026-02-13T08:41:18.218+08:00,2026-02-13T00:41:18.218Z,Exit Execution,SDM:Straddle,400.0,0.2606,2141d27b-1bc7-4dd5-b3f4-a0db97ed0e3f,Exit Decision,2026-02-13T08:41:14.611+08:00,2026-02-13T00:41:14.611Z,close_runner,,,nearest_exit_decision_symbol
716988104249967347,cmt_dogeusdt,SHORT_SIDE,SHORT,2026-02-13T08:41:25.127+08:00,2026-02-13T00:41:25.127Z,Exit Execution,SDM:Straddle,600.0,0.09192,128b5bec-e577-4b03-972f-46727c1e25db,Exit Decision,2026-02-13T08:41:21.509+08:00,2026-02-13T00:41:21.509Z,close_runner,,,nearest_exit_decision_symbol
716988121257870067,cmt_btcusdt,SHORT_SIDE,SHORT,2026-02-13T08:41:29.185+08:00,2026-02-13T00:41:29.185Z,Exit Execution,SDM:Straddle,0.001,66706.5,ff3d5b6a-a3e9-4019-b532-d53b0a1f57e0,Exit Decision,2026-02-13T08:41:28.508+08:00,2026-02-13T00:41:28.508Z,close_runner,,,nearest_exit_decision_symbol
717002693511480051,cmt_solusdt,SHORT_SIDE,SHORT,2026-02-13T09:39:23.478+08:00,2026-02-13T01:39:23.478Z,Exit Execution,SDM:Straddle,1.8,83.46,8a2a7063-c5b8-4644-827b-de4bc4ab9c2e,Exit Decision,2026-02-13T09:39:19.910+08:00,2026-02-13T01:39:19.910Z,close_runner,,,nearest_exit_decision_symbol
717002743721493235,cmt_xrpusdt,SHORT_SIDE,SHORT,2026-02-13T09:39:35.450+08:00,2026-02-13T01:39:35.450Z,Exit Execution,SDM:Straddle,60.0,1.3591,58b350c7-221a-4139-9e9c-a117c334383d,Exit Decision,2026-02-13T09:39:34.766+08:00,2026-02-13T01:39:34.766Z,close_runner,,,nearest_exit_decision_symbol
717002760494514931,cmt_bnbusdt,SHORT_SIDE,SHORT,2026-02-13T09:39:39.450+08:00,2026-02-13T01:39:39.450Z,Exit Execution,SDM:Straddle,0.1,598.62,d4b79869-ef52-4bf1-aea5-c77124f5dc6b,Exit Decision,2026-02-13T09:39:38.764+08:00,2026-02-13T01:39:38.764Z,close_runner,,,nearest_exit_decision_symbol
717002789632344819,cmt_adausdt,SHORT_SIDE,SHORT,2026-02-13T09:39:46.396+08:00,2026-02-13T01:39:46.396Z,Exit Execution,SDM:Straddle,400.0,0.2606,b213acac-e467-4c88-89f0-56fb469b1e42,Exit Decision,2026-02-13T09:39:42.756+08:00,2026-02-13T01:39:42.756Z,close_runner,,,nearest_exit_decision_symbol
717002818443018995,cmt_dogeusdt,SHORT_SIDE,SHORT,2026-02-13T09:39:53.263+08:00,2026-02-13T01:39:53.263Z,Exit Execution,SDM:Straddle,600.0,0.09192,ad3a1ff2-8068-4f5e-9668-3812cd493908,Exit Decision,2026-02-13T09:39:49.694+08:00,2026-02-13T01:39:49.694Z,close_runner,,,nearest_exit_decision_symbol
717002835287343859,cmt_btcusdt,SHORT_SIDE,SHORT,2026-02-13T09:39:57.280+08:00,2026-02-13T01:39:57.280Z,Exit Execution,SDM:Straddle,0.001,66706.5,693ba9cc-6859-4b72-8197-22507a5e95c9,Exit Decision,2026-02-13T09:39:56.590+08:00,2026-02-13T01:39:56.590Z,close_runner,,,nearest_exit_decision_symbol
717012122705330931,cmt_solusdt,SHORT_SIDE,SHORT,2026-02-13T10:16:51.575+08:00,2026-02-13T02:16:51.575Z,Exit Execution,SDM:Straddle,1.8,83.46,a6936c12-61b2-4a62-b220-3e37266d1c86,Exit Decision,2026-02-13T10:16:47.995+08:00,2026-02-13T02:16:47.995Z,close_runner,,,nearest_exit_decision_symbol
717012173271859955,cmt_xrpusdt,SHORT_SIDE,SHORT,2026-02-13T10:17:03.630+08:00,2026-02-13T02:17:03.630Z,Exit Execution,SDM:Straddle,60.0,1.3591,00e08734-c762-47d6-a839-30f1868b937d,Exit Decision,2026-02-13T10:17:02.930+08:00,2026-02-13T02:17:02.930Z,close_runner,,,nearest_exit_decision_symbol
717012190158127859,cmt_bnbusdt,SHORT_SIDE,SHORT,2026-02-13T10:17:07.657+08:00,2026-02-13T02:17:07.657Z,Exit Execution,SDM:Straddle,0.1,598.62,4f934ca1-3a91-4f09-976f-c09c35bb9dff,Exit Decision,2026-02-13T10:17:06.968+08:00,2026-02-13T02:17:06.968Z,close_runner,,,nearest_exit_decision_symbol
717012219564393203,cmt_adausdt,SHORT_SIDE,SHORT,2026-02-13T10:17:14.665+08:00,2026-02-13T02:17:14.665Z,Exit Execution,SDM:Straddle,400.0,0.2606,71184c4d-c13f-47b3-9d39-314fcb6ebeda,Exit Decision,2026-02-13T10:17:11.058+08:00,2026-02-13T02:17:11.058Z,close_runner,,,nearest_exit_decision_symbol
717012248303764211,cmt_dogeusdt,SHORT_SIDE,SHORT,2026-02-13T10:17:21.519+08:00,2026-02-13T02:17:21.519Z,Exit Execution,SDM:Straddle,600.0,0.09192,a2630b50-6eb6-4b5d-9ed1-95a5394fd51b,Exit Decision,2026-02-13T10:17:17.964+08:00,2026-02-13T02:17:17.964Z,close_runner,,,nearest_exit_decision_symbol
717012264929985267,cmt_btcusdt,SHORT_SIDE,SHORT,2026-02-13T10:17:25.482+08:00,2026-02-13T02:17:25.482Z,Exit Execution,SDM:Straddle,0.001,66706.5,b736d782-a96b-4306-94c2-1b0514db4b0e,Exit Decision,2026-02-13T10:17:24.802+08:00,2026-02-13T02:17:24.802Z,close_runner,,,nearest_exit_decision_symbol
717014239939658483,cmt_solusdt,SHORT_SIDE,SHORT,2026-02-13T10:25:16.363+08:00,2026-02-13T02:25:16.363Z,Exit Execution,SDM:Straddle,1.8,83.46,22b44a6e-114e-4d33-bf33-00167d490f61,Exit Decision,2026-02-13T10:25:12.756+08:00,2026-02-13T02:25:12.756Z,close_runner,,,nearest_exit_decision_symbol
717014290028036851,cmt_xrpusdt,SHORT_SIDE,SHORT,2026-02-13T10:25:28.323+08:00,2026-02-13T02:25:28.323Z,Exit Execution,SDM:Straddle,60.0,1.3591,d185b009-c382-4144-9c59-e0ba493ee046,Exit Decision,2026-02-13T10:25:27.632+08:00,2026-02-13T02:25:27.632Z,close_runner,,,nearest_exit_decision_symbol
717014306973025011,cmt_bnbusdt,SHORT_SIDE,SHORT,2026-02-13T10:25:32.344+08:00,2026-02-13T02:25:32.344Z,Exit Execution,SDM:Straddle,0.1,598.62,c2b7fab9-1b3a-4ed8-87e7-bd801b5f6002,Exit Decision,2026-02-13T10:25:31.667+08:00,2026-02-13T02:25:31.667Z,close_runner,,,nearest_exit_decision_symbol
717014336052134643,cmt_adausdt,SHORT_SIDE,SHORT,2026-02-13T10:25:39.277+08:00,2026-02-13T02:25:39.277Z,Exit Execution,SDM:Straddle,400.0,0.2606,2bb34b9e-9e38-4a64-a4c5-2fcf46fb2742,Exit Decision,2026-02-13T10:25:35.650+08:00,2026-02-13T02:25:35.650Z,close_runner,,,nearest_exit_decision_symbol
717014364745368307,cmt_dogeusdt,SHORT_SIDE,SHORT,2026-02-13T10:25:46.118+08:00,2026-02-13T02:25:46.118Z,Exit Execution,SDM:Straddle,600.0,0.09192,4d1820d0-5dbd-4276-8e62-b7eb58511ab0,Exit Decision,2026-02-13T10:25:42.560+08:00,2026-02-13T02:25:42.560Z,close_runner,,,nearest_exit_decision_symbol
717014381354812147,cmt_btcusdt,SHORT_SIDE,SHORT,2026-02-13T10:25:50.077+08:00,2026-02-13T02:25:50.077Z,Exit Execution,SDM:Straddle,0.001,66706.5,858f8291-096c-4ed9-b3b4-156be9ef8079,Exit Decision,2026-02-13T10:25:49.401+08:00,2026-02-13T02:25:49.401Z,close_runner,,,nearest_exit_decision_symbol
717016673051214579,cmt_solusdt,SHORT_SIDE,SHORT,2026-02-13T10:34:56.462+08:00,2026-02-13T02:34:56.462Z,Exit Execution,SDM:Straddle,1.8,83.46,061c177c-f524-475d-911d-32e881fcd2f5,Exit Decision,2026-02-13T10:34:52.869+08:00,2026-02-13T02:34:52.869Z,close_runner,,,nearest_exit_decision_symbol
717016724032979699,cmt_xrpusdt,SHORT_SIDE,SHORT,2026-02-13T10:35:08.618+08:00,2026-02-13T02:35:08.618Z,Exit Execution,SDM:Straddle,60.0,1.3591,8b8ccff7-04b5-4f5f-8a74-6ae685f5e67e,Exit Decision,2026-02-13T10:35:07.933+08:00,2026-02-13T02:35:07.933Z,close_runner,,,nearest_exit_decision_symbol
717016741091214067,cmt_bnbusdt,SHORT_SIDE,SHORT,2026-02-13T10:35:12.683+08:00,2026-02-13T02:35:12.683Z,Exit Execution,SDM:Straddle,0.1,598.62,b8501ce0-e160-44a8-9a2d-e1916d9c369d,Exit Decision,2026-02-13T10:35:11.999+08:00,2026-02-13T02:35:11.999Z,close_runner,,,nearest_exit_decision_symbol
717016770560393971,cmt_adausdt,SHORT_SIDE,SHORT,2026-02-13T10:35:19.708+08:00,2026-02-13T02:35:19.708Z,Exit Execution,SDM:Straddle,400.0,0.2606,2937cabf-9269-48f3-9a63-cfe41234e8da,Exit Decision,2026-02-13T10:35:16.095+08:00,2026-02-13T02:35:16.095Z,close_runner,,,nearest_exit_decision_symbol
717016799400428275,cmt_dogeusdt,SHORT_SIDE,SHORT,2026-02-13T10:35:26.585+08:00,2026-02-13T02:35:26.585Z,Exit Execution,SDM:Straddle,400.0,0.09192,0e220890-b22e-47f3-bd32-dcd3e4170ef2,Exit Decision,2026-02-13T10:35:22.991+08:00,2026-02-13T02:35:22.991Z,close_runner,,,nearest_exit_decision_symbol
717016816039232243,cmt_btcusdt,SHORT_SIDE,SHORT,2026-02-13T10:35:30.551+08:00,2026-02-13T02:35:30.551Z,Exit Execution,SDM:Straddle,0.001,66706.5,3344c2b5-e74c-416d-a0dc-baf68d63684e,Exit Decision,2026-02-13T10:35:29.881+08:00,2026-02-13T02:35:29.881Z,close_runner,,,nearest_exit_decision_symbol
716467307827692275,cmt_dogeusdt,UNKNOWN,,2026-02-13T10:35:31.517+08:00,2026-02-13T02:35:31.517Z,Exit Decision,PositionMonitor,400.0,0.09192,07d34edf-0d0b-4e39-8ece-b35b5ffcd01f,Exit Decision,2026-02-13T10:35:31.517+08:00,2026-02-13T02:35:31.517Z,,,,exact_order_id
717021952434242291,cmt_solusdt,SHORT_SIDE,SHORT,2026-02-13T10:55:55.163+08:00,2026-02-13T02:55:55.163Z,Exit Execution,SDM:Straddle,1.8,83.46,297a5f8e-5ccd-41ac-be4d-e0dc193a6b5e,Exit Decision,2026-02-13T10:55:51.583+08:00,2026-02-13T02:55:51.583Z,close_runner,,,nearest_exit_decision_symbol
717022002837193459,cmt_xrpusdt,SHORT_SIDE,SHORT,2026-02-13T10:56:07.181+08:00,2026-02-13T02:56:07.181Z,Exit Execution,SDM:Straddle,60.0,1.3591,1526d707-7ea1-4230-bec3-2b227f917604,Exit Decision,2026-02-13T10:56:06.502+08:00,2026-02-13T02:56:06.502Z,close_runner,,,nearest_exit_decision_symbol
717022019509551859,cmt_bnbusdt,SHORT_SIDE,SHORT,2026-02-13T10:56:11.155+08:00,2026-02-13T02:56:11.155Z,Exit Execution,SDM:Straddle,0.1,598.62,becafc80-42da-4d31-b1b0-eafec72961ce,Exit Decision,2026-02-13T10:56:10.472+08:00,2026-02-13T02:56:10.472Z,close_runner,,,nearest_exit_decision_symbol
717022048718684915,cmt_adausdt,SHORT_SIDE,SHORT,2026-02-13T10:56:18.120+08:00,2026-02-13T02:56:18.120Z,Exit Execution,SDM:Straddle,400.0,0.2606,23369f67-3957-4745-962c-3925292a4eb4,Exit Decision,2026-02-13T10:56:14.503+08:00,2026-02-13T02:56:14.503Z,close_runner,,,nearest_exit_decision_symbol
717022082172453619,cmt_btcusdt,SHORT_SIDE,SHORT,2026-02-13T10:56:26.096+08:00,2026-02-13T02:56:26.096Z,Exit Execution,SDM:Straddle,0.001,66706.5,9b3f9f7b-238f-4b76-bfe7-ddaa71b560f3,Exit Decision,2026-02-13T10:56:25.423+08:00,2026-02-13T02:56:25.423Z,close_runner,,,nearest_exit_decision_symbol
717025033981002483,cmt_solusdt,SHORT_SIDE,SHORT,2026-02-13T11:08:09.862+08:00,2026-02-13T03:08:09.862Z,Exit Execution,SDM:Straddle,1.8,83.46,a2f4bd02-d89e-4fcd-ba57-b439536c2405,Exit Decision,2026-02-13T11:08:06.271+08:00,2026-02-13T03:08:06.271Z,close_runner,,,nearest_exit_decision_symbol
717025084165849843,cmt_xrpusdt,SHORT_SIDE,SHORT,2026-02-13T11:08:21.826+08:00,2026-02-13T03:08:21.826Z,Exit Execution,SDM:Straddle,60.0,1.3591,f59ff9b6-d044-486a-b5e4-5e33566a3d6b,Exit Decision,2026-02-13T11:08:21.155+08:00,2026-02-13T03:08:21.155Z,close_runner,,,nearest_exit_decision_symbol
717025100880151283,cmt_bnbusdt,SHORT_SIDE,SHORT,2026-02-13T11:08:25.811+08:00,2026-02-13T03:08:25.811Z,Exit Execution,SDM:Straddle,0.1,598.62,249139c7-1c70-4264-aa22-75187482cc9f,Exit Decision,2026-02-13T11:08:25.132+08:00,2026-02-13T03:08:25.132Z,close_runner,,,nearest_exit_decision_symbol
717025129837626099,cmt_adausdt,SHORT_SIDE,SHORT,2026-02-13T11:08:32.715+08:00,2026-02-13T03:08:32.715Z,Exit Execution,SDM:Straddle,400.0,0.2606,58e01536-0f95-40f3-9e7f-e48197651327,Exit Decision,2026-02-13T11:08:29.131+08:00,2026-02-13T03:08:29.131Z,close_runner,,,nearest_exit_decision_symbol
717025163094262515,cmt_btcusdt,SHORT_SIDE,SHORT,2026-02-13T11:08:40.644+08:00,2026-02-13T03:08:40.644Z,Exit Execution,SDM:Straddle,0.001,66706.5,f6831824-0007-4fff-ad60-47b2ce2e024f,Exit Decision,2026-02-13T11:08:39.973+08:00,2026-02-13T03:08:39.973Z,close_runner,,,nearest_exit_decision_symbol
717038895958590195,cmt_solusdt,SHORT_SIDE,SHORT,2026-02-13T12:03:14.815+08:00,2026-02-13T04:03:14.815Z,Exit Execution,SDM:Straddle,1.8,83.46,a928bcd9-25b1-4180-92a8-891cc5da1278,Exit Decision,2026-02-13T12:03:11.259+08:00,2026-02-13T04:03:11.259Z,close_runner,,,nearest_exit_decision_symbol
717038945757561587,cmt_xrpusdt,SHORT_SIDE,SHORT,2026-02-13T12:03:26.689+08:00,2026-02-13T04:03:26.689Z,Exit Execution,SDM:Straddle,60.0,1.3591,776f3554-eede-4efe-b4aa-802d489c9b64,Exit Decision,2026-02-13T12:03:26.015+08:00,2026-02-13T04:03:26.015Z,close_runner,,,nearest_exit_decision_symbol
717038962748687091,cmt_bnbusdt,SHORT_SIDE,SHORT,2026-02-13T12:03:30.738+08:00,2026-02-13T04:03:30.738Z,Exit Execution,SDM:Straddle,0.1,598.62,900714f1-1554-42c7-870c-993aca5bb555,Exit Decision,2026-02-13T12:03:30.063+08:00,2026-02-13T04:03:30.063Z,close_runner,,,nearest_exit_decision_symbol
717038991882322675,cmt_adausdt,SHORT_SIDE,SHORT,2026-02-13T12:03:37.685+08:00,2026-02-13T04:03:37.685Z,Exit Execution,SDM:Straddle,400.0,0.2606,6db09782-c51d-468c-b22e-75dc3a1c1c84,Exit Decision,2026-02-13T12:03:34.063+08:00,2026-02-13T04:03:34.063Z,close_runner,,,nearest_exit_decision_symbol
717039025386423027,cmt_btcusdt,SHORT_SIDE,SHORT,2026-02-13T12:03:45.673+08:00,2026-02-13T04:03:45.673Z,Exit Execution,SDM:Straddle,0.001,66706.5,7b504417-d38c-49e6-b743-1c6bd2d7f6dd,Exit Decision,2026-02-13T12:03:44.996+08:00,2026-02-13T04:03:44.996Z,close_runner,,,nearest_exit_decision_symbol
717040082111955699,cmt_solusdt,SHORT_SIDE,SHORT,2026-02-13T12:07:57.617+08:00,2026-02-13T04:07:57.617Z,Exit Execution,SDM:Straddle,1.8,83.46,47b09814-02ea-4b24-9f49-6a48895b1a1f,Exit Decision,2026-02-13T12:07:54.022+08:00,2026-02-13T04:07:54.022Z,close_runner,,,nearest_exit_decision_symbol
717040132766565107,cmt_xrpusdt,SHORT_SIDE,SHORT,2026-02-13T12:08:09.694+08:00,2026-02-13T04:08:09.694Z,Exit Execution,SDM:Straddle,60.0,1.3591,3580f09e-e115-4b0e-85df-907a5846bec6,Exit Decision,2026-02-13T12:08:09.011+08:00,2026-02-13T04:08:09.011Z,close_runner,,,nearest_exit_decision_symbol
717040149615084275,cmt_bnbusdt,SHORT_SIDE,SHORT,2026-02-13T12:08:13.710+08:00,2026-02-13T04:08:13.710Z,Exit Execution,SDM:Straddle,0.1,598.62,b1e4a12b-e3f6-494e-a17b-0deca37ce44b,Exit Decision,2026-02-13T12:08:13.017+08:00,2026-02-13T04:08:13.017Z,close_runner,,,nearest_exit_decision_symbol
717040178316706547,cmt_adausdt,SHORT_SIDE,SHORT,2026-02-13T12:08:20.552+08:00,2026-02-13T04:08:20.552Z,Exit Execution,SDM:Straddle,400.0,0.2606,564e17c7-fada-47bb-a444-912e5fa35893,Exit Decision,2026-02-13T12:08:16.999+08:00,2026-02-13T04:08:16.999Z,close_runner,,,nearest_exit_decision_symbol
717040211921470195,cmt_btcusdt,SHORT_SIDE,SHORT,2026-02-13T12:08:28.566+08:00,2026-02-13T04:08:28.566Z,Exit Execution,SDM:Straddle,0.001,66706.5,eee10e5b-a1be-493f-830e-360160b7efdd,Exit Decision,2026-02-13T12:08:27.882+08:00,2026-02-13T04:08:27.882Z,close_runner,,,nearest_exit_decision_symbol
717054775056663283,cmt_solusdt,SHORT_SIDE,SHORT,2026-02-13T13:06:20.687+08:00,2026-02-13T05:06:20.687Z,Exit Execution,SDM:Straddle,1.8,83.46,6810d2fa-8c8b-4b5d-90c0-655595c505e2,Exit Decision,2026-02-13T13:06:17.106+08:00,2026-02-13T05:06:17.106Z,close_runner,,,nearest_exit_decision_symbol
717054825371534067,cmt_xrpusdt,SHORT_SIDE,SHORT,2026-02-13T13:06:32.681+08:00,2026-02-13T05:06:32.681Z,Exit Execution,SDM:Straddle,60.0,1.3591,792501af-d2ac-4da0-93bd-e5d0a0aacaa0,Exit Decision,2026-02-13T13:06:32.008+08:00,2026-02-13T05:06:32.008Z,close_runner,,,nearest_exit_decision_symbol
717054842052281075,cmt_bnbusdt,SHORT_SIDE,SHORT,2026-02-13T13:06:36.660+08:00,2026-02-13T05:06:36.660Z,Exit Execution,SDM:Straddle,0.1,598.62,7f219565-6c1d-4d3a-99e3-d616792c7771,Exit Decision,2026-02-13T13:06:35.978+08:00,2026-02-13T05:06:35.978Z,close_runner,,,nearest_exit_decision_symbol
717054989830193907,cmt_solusdt,SHORT_SIDE,SHORT,2026-02-13T13:07:11.892+08:00,2026-02-13T05:07:11.892Z,Exit Execution,SDM:Straddle,1.8,83.46,a9df8d54-8e25-435f-9ff2-a01ed2f1ea26,Exit Decision,2026-02-13T13:07:08.287+08:00,2026-02-13T05:07:08.287Z,close_runner,,,nearest_exit_decision_symbol
717055063767384819,cmt_adausdt,SHORT_SIDE,SHORT,2026-02-13T13:07:29.521+08:00,2026-02-13T05:07:29.521Z,Exit Execution,SDM:Straddle,400.0,0.2606,52347af3-9f0a-44dd-a0fc-5ba25fa5230c,Exit Decision,2026-02-13T13:07:25.976+08:00,2026-02-13T05:07:25.976Z,close_runner,,,nearest_exit_decision_symbol
717055097435063027,cmt_btcusdt,SHORT_SIDE,SHORT,2026-02-13T13:07:37.546+08:00,2026-02-13T05:07:37.546Z,Exit Execution,SDM:Straddle,0.001,66706.5,5c788235-246c-4548-8cfc-3d1be67be524,Exit Decision,2026-02-13T13:07:36.869+08:00,2026-02-13T05:07:36.869Z,close_runner,,,nearest_exit_decision_symbol
717060583697941235,cmt_solusdt,SHORT_SIDE,SHORT,2026-02-13T13:29:25.573+08:00,2026-02-13T05:29:25.573Z,Exit Execution,SDM:Straddle,0.6,83.46,69cb5037-554a-4b99-8c9a-447bac6b0986,Exit Decision,2026-02-13T13:29:22.017+08:00,2026-02-13T05:29:22.017Z,close_runner,,,nearest_exit_decision_symbol
717060679533593331,cmt_adausdt,SHORT_SIDE,SHORT,2026-02-13T13:29:48.424+08:00,2026-02-13T05:29:48.424Z,Exit Execution,SDM:Straddle,400.0,0.2606,a085ef9f-9c3f-41a9-8a29-daed30dd4274,Exit Decision,2026-02-13T13:29:44.833+08:00,2026-02-13T05:29:44.833Z,close_runner,,,nearest_exit_decision_symbol
716278209418625779,cmt_solusdt,UNKNOWN,,2026-02-13T13:29:50.675+08:00,2026-02-13T05:29:50.675Z,Exit Decision,PositionMonitor,0.6,83.46,b51958ff-80ee-42ae-80eb-8ab88a9b4df8,Exit Decision,2026-02-13T13:29:50.675+08:00,2026-02-13T05:29:50.675Z,,,,exact_order_id
717060713675227891,cmt_btcusdt,SHORT_SIDE,SHORT,2026-02-13T13:29:56.565+08:00,2026-02-13T05:29:56.565Z,Exit Execution,SDM:Straddle,0.001,66706.5,ea845b3a-b665-436a-9638-4f414dcdadfe,Exit Decision,2026-02-13T13:29:55.877+08:00,2026-02-13T05:29:55.877Z,close_runner,,,nearest_exit_decision_symbol
717063212754797299,cmt_adausdt,SHORT_SIDE,SHORT,2026-02-13T13:39:52.395+08:00,2026-02-13T05:39:52.395Z,Exit Execution,SDM:Straddle,400.0,0.2606,49bcf59b-cecf-4263-8868-8cf0474a5eca,Exit Decision,2026-02-13T13:39:48.825+08:00,2026-02-13T05:39:48.825Z,close_runner,,,nearest_exit_decision_symbol
717064633357173491,cmt_adausdt,SHORT_SIDE,SHORT,2026-02-13T13:45:31.088+08:00,2026-02-13T05:45:31.088Z,Exit Execution,SDM:Straddle,400.0,0.2606,d7e28855-ad5f-4c58-aef6-eb8b501c81bd,Exit Decision,2026-02-13T13:45:27.513+08:00,2026-02-13T05:45:27.513Z,close_runner,,,nearest_exit_decision_symbol
717065019602240243,cmt_adausdt,SHORT_SIDE,SHORT,2026-02-13T13:47:03.177+08:00,2026-02-13T05:47:03.177Z,Exit Execution,SDM:Straddle,400.0,0.2606,899da8d4-0587-4e36-8b7c-0a8ce478f061,Exit Decision,2026-02-13T13:46:59.571+08:00,2026-02-13T05:46:59.571Z,close_runner,,,nearest_exit_decision_symbol
717065624135664371,cmt_adausdt,SHORT_SIDE,SHORT,2026-02-13T13:49:27.310+08:00,2026-02-13T05:49:27.310Z,Exit Execution,SDM:Straddle,400.0,0.2606,9cbfae35-23e5-4f56-bdc9-df4830e9476e,Exit Decision,2026-02-13T13:49:23.727+08:00,2026-02-13T05:49:23.727Z,close_runner,,,nearest_exit_decision_symbol
717065973382775539,cmt_adausdt,SHORT_SIDE,SHORT,2026-02-13T13:50:50.575+08:00,2026-02-13T05:50:50.575Z,Exit Execution,SDM:Straddle,400.0,0.2606,70e73b79-aa4f-4cb1-b6b1-889ed86ca56a,Exit Decision,2026-02-13T13:50:46.995+08:00,2026-02-13T05:50:46.995Z,close_runner,,,nearest_exit_decision_symbol
717072685523272435,cmt_adausdt,SHORT_SIDE,SHORT,2026-02-13T14:17:30.876+08:00,2026-02-13T06:17:30.876Z,Exit Execution,SDM:Straddle,400.0,0.2606,c8fac55f-68b1-4a83-b48e-a9c2adc3af7a,Exit Decision,2026-02-13T14:17:27.296+08:00,2026-02-13T06:17:27.296Z,close_runner,,,nearest_exit_decision_symbol
717079317468676851,cmt_adausdt,SHORT_SIDE,SHORT,2026-02-13T14:43:52.054+08:00,2026-02-13T06:43:52.054Z,Exit Execution,SDM:Straddle,400.0,0.2606,cada5654-5620-4057-aa0a-73ba5e097561,Exit Decision,2026-02-13T14:43:48.500+08:00,2026-02-13T06:43:48.500Z,close_runner,,,nearest_exit_decision_symbol
717086004846002931,cmt_adausdt,SHORT_SIDE,SHORT,2026-02-13T15:10:26.449+08:00,2026-02-13T07:10:26.449Z,Exit Execution,SDM:Straddle,400.0,0.2606,9c6c2b48-9f0d-4bab-9f8a-b6e9b4596caa,Exit Decision,2026-02-13T15:10:22.853+08:00,2026-02-13T07:10:22.853Z,close_runner,,,nearest_exit_decision_symbol
717092722388763379,cmt_adausdt,SHORT_SIDE,SHORT,2026-02-13T15:37:08.037+08:00,2026-02-13T07:37:08.037Z,Exit Execution,SDM:Straddle,400.0,0.2606,0ff351f2-f617-4b30-a423-4fe1e8026b61,Exit Decision,2026-02-13T15:37:04.145+08:00,2026-02-13T07:37:04.145Z,close_runner,,,nearest_exit_decision_symbol
717099432868315891,cmt_adausdt,SHORT_SIDE,SHORT,2026-02-13T16:03:47.939+08:00,2026-02-13T08:03:47.939Z,Exit Execution,SDM:Straddle,400.0,0.2606,aa6c411d-dd4f-47c6-aa66-8e34fee6fd23,Exit Decision,2026-02-13T16:03:44.373+08:00,2026-02-13T08:03:44.373Z,close_runner,,,nearest_exit_decision_symbol
717106138176291571,cmt_adausdt,SHORT_SIDE,SHORT,2026-02-13T16:30:26.610+08:00,2026-02-13T08:30:26.610Z,Exit Execution,SDM:Straddle,400.0,0.2606,d79cff22-40c3-48bc-bb85-518a7a764c2d,Exit Decision,2026-02-13T16:30:23.008+08:00,2026-02-13T08:30:23.008Z,close_runner,,,nearest_exit_decision_symbol
717112840879604467,cmt_adausdt,SHORT_SIDE,SHORT,2026-02-13T16:57:04.658+08:00,2026-02-13T08:57:04.658Z,Exit Execution,SDM:Straddle,400.0,0.2606,ab39ef6f-2214-4438-9a01-b8a3a3496c54,Exit Decision,2026-02-13T16:57:01.083+08:00,2026-02-13T08:57:01.083Z,close_runner,,,nearest_exit_decision_symbol
717119559093453555,cmt_adausdt,SHORT_SIDE,SHORT,2026-02-13T17:23:46.404+08:00,2026-02-13T09:23:46.404Z,Exit Execution,SDM:Straddle,400.0,0.2606,95e2003c-c437-46d4-9e28-bcf90befe320,Exit Decision,2026-02-13T17:23:42.784+08:00,2026-02-13T09:23:42.784Z,close_runner,,,nearest_exit_decision_symbol
717126273020723955,cmt_adausdt,SHORT_SIDE,SHORT,2026-02-13T17:50:27.129+08:00,2026-02-13T09:50:27.129Z,Exit Execution,SDM:Straddle,400.0,0.2606,b9b89d81-5757-464d-a8fe-774a227264b1,Exit Decision,2026-02-13T17:50:23.554+08:00,2026-02-13T09:50:23.554Z,close_runner,,,nearest_exit_decision_symbol
717132988801876723,cmt_adausdt,SHORT_SIDE,SHORT,2026-02-13T18:17:08.297+08:00,2026-02-13T10:17:08.297Z,Exit Execution,SDM:Straddle,400.0,0.2606,1a1d8ab0-2fcd-4035-92a5-76ff1a9c7311,Exit Decision,2026-02-13T18:17:04.472+08:00,2026-02-13T10:17:04.472Z,close_runner,,,nearest_exit_decision_symbol
717139714359952115,cmt_adausdt,SHORT_SIDE,SHORT,2026-02-13T18:43:51.796+08:00,2026-02-13T10:43:51.796Z,Exit Execution,SDM:Straddle,400.0,0.2606,61850e54-993a-4361-a468-1426883b7c0c,Exit Decision,2026-02-13T18:43:48.203+08:00,2026-02-13T10:43:48.203Z,close_runner,,,nearest_exit_decision_symbol
717142724171530995,cmt_adausdt,SHORT_SIDE,SHORT,2026-02-13T18:55:49.391+08:00,2026-02-13T10:55:49.391Z,Exit Execution,SDM:Straddle,400.0,0.2606,f2ab0c8a-3ddb-4a3f-a3bc-f72f75926a87,Exit Decision,2026-02-13T18:55:45.729+08:00,2026-02-13T10:55:45.729Z,close_runner,,,nearest_exit_decision_symbol
717144248050254579,cmt_solusdt,LONG_SIDE,LONG,2026-02-13T19:01:52.710+08:00,2026-02-13T11:01:52.710Z,Exit Execution,SDM:Straddle,23.6,80.52,255149d8-af33-4924-9e59-ed2d93a1f81a,Exit Decision,2026-02-13T19:01:52.032+08:00,2026-02-13T11:01:52.032Z,close_hedge_force_unblock,,,nearest_exit_decision_symbol
717144250902381299,cmt_solusdt,SHORT_SIDE,SHORT,2026-02-13T19:01:53.390+08:00,2026-02-13T11:01:53.390Z,Exit Execution,SDM:Straddle,23.6,80.52,255149d8-af33-4924-9e59-ed2d93a1f81a,Exit Decision,2026-02-13T19:01:52.032+08:00,2026-02-13T11:01:52.032Z,close_hedge_force_unblock,,,nearest_exit_decision_symbol
717145863834567411,cmt_solusdt,LONG_SIDE,LONG,2026-02-13T19:08:17.943+08:00,2026-02-13T11:08:17.943Z,Exit Execution,SDM:Straddle,29.313740615071772,80.17,d816e7f0-7448-4183-8fc1-ed7c0caf4e98,Exit Decision,2026-02-13T19:08:17.258+08:00,2026-02-13T11:08:17.258Z,close_hedge_force_unblock,,,nearest_exit_decision_symbol
717145866657334003,cmt_solusdt,SHORT_SIDE,SHORT,2026-02-13T19:08:18.617+08:00,2026-02-13T11:08:18.617Z,Exit Execution,SDM:Straddle,29.313740615071772,80.17,d816e7f0-7448-4183-8fc1-ed7c0caf4e98,Exit Decision,2026-02-13T19:08:17.258+08:00,2026-02-13T11:08:17.258Z,close_hedge_force_unblock,,,nearest_exit_decision_symbol
717147477102297843,cmt_solusdt,LONG_SIDE,LONG,2026-02-13T19:14:42.578+08:00,2026-02-13T11:14:42.578Z,Exit Execution,SDM:Straddle,24.399800028765053,80.09,91a42185-3295-4996-a29d-8ba228d436da,Exit Decision,2026-02-13T19:14:41.902+08:00,2026-02-13T11:14:41.902Z,close_hedge_force_unblock,,,nearest_exit_decision_symbol
717147479967007475,cmt_solusdt,SHORT_SIDE,SHORT,2026-02-13T19:14:43.260+08:00,2026-02-13T11:14:43.260Z,Exit Execution,SDM:Straddle,24.399800028765053,80.09,91a42185-3295-4996-a29d-8ba228d436da,Exit Decision,2026-02-13T19:14:41.902+08:00,2026-02-13T11:14:41.902Z,close_hedge_force_unblock,,,nearest_exit_decision_symbol
717147803620475635,cmt_adausdt,SHORT_SIDE,SHORT,2026-02-13T19:16:00.425+08:00,2026-02-13T11:16:00.425Z,Exit Execution,SDM:Straddle,400.0,0.2606,894ccf67-6289-4a88-8bb5-ecc3a1aee1d6,Exit Decision,2026-02-13T19:15:56.842+08:00,2026-02-13T11:15:56.842Z,close_runner,,,nearest_exit_decision_symbol
717150956608815859,cmt_solusdt,LONG_SIDE,LONG,2026-02-13T19:28:32.156+08:00,2026-02-13T11:28:32.156Z,Exit Execution,SDM:Straddle,24.78947861524442,79.98,fe6e67ee-63be-4c7b-bb96-0d09b2818594,Exit Decision,2026-02-13T19:28:31.476+08:00,2026-02-13T11:28:31.476Z,close_hedge_force_unblock,,,nearest_exit_decision_symbol
717150959645491955,cmt_solusdt,SHORT_SIDE,SHORT,2026-02-13T19:28:32.880+08:00,2026-02-13T11:28:32.880Z,Exit Execution,SDM:Straddle,24.78947861524442,79.98,fe6e67ee-63be-4c7b-bb96-0d09b2818594,Exit Decision,2026-02-13T19:28:31.476+08:00,2026-02-13T11:28:31.476Z,close_hedge_force_unblock,,,nearest_exit_decision_symbol
717152422060884723,cmt_adausdt,SHORT_SIDE,SHORT,2026-02-13T19:34:21.547+08:00,2026-02-13T11:34:21.547Z,Exit Execution,SDM:Straddle,400.0,0.2606,f55db3c3-be8c-49d0-b021-d65fee8c7d49,Exit Decision,2026-02-13T19:34:17.916+08:00,2026-02-13T11:34:17.916Z,close_runner,,,nearest_exit_decision_symbol
717153083020280563,cmt_adausdt,SHORT_SIDE,SHORT,2026-02-13T19:36:59.131+08:00,2026-02-13T11:36:59.131Z,Exit Execution,SDM:Straddle,400.0,0.2606,bf5fd9d3-ec0b-4193-9424-ac482dbfac28,Exit Decision,2026-02-13T19:36:55.530+08:00,2026-02-13T11:36:55.530Z,close_runner,,,nearest_exit_decision_symbol
717153131514823411,cmt_solusdt,LONG_SIDE,LONG,2026-02-13T19:37:10.696+08:00,2026-02-13T11:37:10.696Z,Exit Execution,SDM:Straddle,24.1,80.05,868de08f-4480-4876-b07e-727c5fb6445c,Exit Decision,2026-02-13T19:37:10.002+08:00,2026-02-13T11:37:10.002Z,close_hedge_force_unblock,,,nearest_exit_decision_symbol
717153134513750771,cmt_solusdt,SHORT_SIDE,SHORT,2026-02-13T19:37:11.410+08:00,2026-02-13T11:37:11.410Z,Exit Execution,SDM:Straddle,24.1,80.05,868de08f-4480-4876-b07e-727c5fb6445c,Exit Decision,2026-02-13T19:37:10.002+08:00,2026-02-13T11:37:10.002Z,close_hedge_force_unblock,,,nearest_exit_decision_symbol
717160127886525171,cmt_adausdt,SHORT_SIDE,SHORT,2026-02-13T20:04:58.759+08:00,2026-02-13T12:04:58.759Z,Exit Execution,SDM:Straddle,400.0,0.2606,9724d31f-4fb7-42ff-ad0c-16d4deddf053,Exit Decision,2026-02-13T20:04:55.171+08:00,2026-02-13T12:04:55.171Z,close_runner,,,nearest_exit_decision_symbol
717160276998226675,cmt_solusdt,LONG_SIDE,LONG,2026-02-13T20:05:34.310+08:00,2026-02-13T12:05:34.310Z,Exit Execution,SDM:Straddle,24.336176090649218,79.96,873d4efc-850a-4420-abae-f5ced2c63482,Exit Decision,2026-02-13T20:05:33.624+08:00,2026-02-13T12:05:33.624Z,close_hedge_force_unblock,,,nearest_exit_decision_symbol
717160279816798963,cmt_solusdt,SHORT_SIDE,SHORT,2026-02-13T20:05:34.982+08:00,2026-02-13T12:05:34.982Z,Exit Execution,SDM:Straddle,24.336176090649218,79.96,873d4efc-850a-4420-abae-f5ced2c63482,Exit Decision,2026-02-13T20:05:33.624+08:00,2026-02-13T12:05:33.624Z,close_hedge_force_unblock,,,nearest_exit_decision_symbol
717161040755819251,cmt_adausdt,SHORT_SIDE,SHORT,2026-02-13T20:08:36.404+08:00,2026-02-13T12:08:36.404Z,Exit Execution,SDM:Straddle,400.0,0.2606,566aaede-5a43-4f02-b323-6b1c09e842bf,Exit Decision,2026-02-13T20:08:32.779+08:00,2026-02-13T12:08:32.779Z,close_runner,,,nearest_exit_decision_symbol
717161190433751795,cmt_solusdt,LONG_SIDE,LONG,2026-02-13T20:09:12.089+08:00,2026-02-13T12:09:12.089Z,Exit Execution,SDM:Straddle,28.774013844867802,79.94,edbd8587-a320-4014-b8e1-4dde2d56d0cc,Exit Decision,2026-02-13T20:09:11.419+08:00,2026-02-13T12:09:11.419Z,close_hedge_force_unblock,,,nearest_exit_decision_symbol
717161193269101299,cmt_solusdt,SHORT_SIDE,SHORT,2026-02-13T20:09:12.766+08:00,2026-02-13T12:09:12.766Z,Exit Execution,SDM:Straddle,28.774013844867802,79.94,edbd8587-a320-4014-b8e1-4dde2d56d0cc,Exit Decision,2026-02-13T20:09:11.419+08:00,2026-02-13T12:09:11.419Z,close_hedge_force_unblock,,,nearest_exit_decision_symbol
717167963404239603,cmt_adausdt,SHORT_SIDE,SHORT,2026-02-13T20:36:06.894+08:00,2026-02-13T12:36:06.894Z,Exit Execution,SDM:Straddle,400.0,0.2606,a5e971f0-6195-4d1d-9103-651de0dd8c81,Exit Decision,2026-02-13T20:36:03.126+08:00,2026-02-13T12:36:03.126Z,close_runner,,,nearest_exit_decision_symbol
717168112977314547,cmt_solusdt,LONG_SIDE,LONG,2026-02-13T20:36:42.554+08:00,2026-02-13T12:36:42.554Z,Exit Execution,SDM:Straddle,32.33963981774569,79.9,9d45e9b9-3c6e-4bd3-8755-456ba470a0ca,Exit Decision,2026-02-13T20:36:41.865+08:00,2026-02-13T12:36:41.865Z,close_hedge_force_unblock,,,nearest_exit_decision_symbol
717168115963658995,cmt_solusdt,SHORT_SIDE,SHORT,2026-02-13T20:36:43.267+08:00,2026-02-13T12:36:43.267Z,Exit Execution,SDM:Straddle,32.33963981774569,79.9,9d45e9b9-3c6e-4bd3-8755-456ba470a0ca,Exit Decision,2026-02-13T20:36:41.865+08:00,2026-02-13T12:36:41.865Z,close_hedge_force_unblock,,,nearest_exit_decision_symbol
717174850795340531,cmt_adausdt,SHORT_SIDE,SHORT,2026-02-13T21:03:28.973+08:00,2026-02-13T13:03:28.973Z,Exit Execution,SDM:Straddle,400.0,0.2606,cc5e478f-7e2d-4bda-9e39-457cc26b9f64,Exit Decision,2026-02-13T21:03:25.388+08:00,2026-02-13T13:03:25.388Z,close_runner,,,nearest_exit_decision_symbol
717181727822316275,cmt_adausdt,SHORT_SIDE,SHORT,2026-02-13T21:30:48.586+08:00,2026-02-13T13:30:48.586Z,Exit Execution,SDM:Straddle,400.0,0.2606,5d223dc6-1bb8-41d4-ad01-ca5d8445e279,Exit Decision,2026-02-13T21:30:44.900+08:00,2026-02-13T13:30:44.900Z,close_runner,,,nearest_exit_decision_symbol
717188598910157555,cmt_adausdt,SHORT_SIDE,SHORT,2026-02-13T21:58:06.781+08:00,2026-02-13T13:58:06.781Z,Exit Execution,SDM:Straddle,400.0,0.2606,4c7d8dc7-7bba-4252-ad9c-a3e25335d3c4,Exit Decision,2026-02-13T21:58:03.013+08:00,2026-02-13T13:58:03.013Z,close_runner,,,nearest_exit_decision_symbol
717195478587933427,cmt_adausdt,SHORT_SIDE,SHORT,2026-02-13T22:25:27.021+08:00,2026-02-13T14:25:27.021Z,Exit Execution,SDM:Straddle,400.0,0.2606,17215f34-bd77-413a-8e91-81ee8b3efac7,Exit Decision,2026-02-13T22:25:23.441+08:00,2026-02-13T14:25:23.441Z,close_runner,,,nearest_exit_decision_symbol
717202358861300467,cmt_adausdt,SHORT_SIDE,SHORT,2026-02-13T22:52:47.407+08:00,2026-02-13T14:52:47.407Z,Exit Execution,SDM:Straddle,400.0,0.2606,44ec77d7-a743-4b69-a5e3-fe752d0c79f2,Exit Decision,2026-02-13T22:52:43.817+08:00,2026-02-13T14:52:43.817Z,close_runner,,,nearest_exit_decision_symbol
717209260139741939,cmt_adausdt,SHORT_SIDE,SHORT,2026-02-13T23:20:12.801+08:00,2026-02-13T15:20:12.801Z,Exit Execution,SDM:Straddle,400.0,0.2606,018ab080-6b9f-40e6-8e94-d675b8ae7c9b,Exit Decision,2026-02-13T23:20:09.144+08:00,2026-02-13T15:20:09.144Z,close_runner,,,nearest_exit_decision_symbol
717216131319857907,cmt_adausdt,SHORT_SIDE,SHORT,2026-02-13T23:47:31.019+08:00,2026-02-13T15:47:31.019Z,Exit Execution,SDM:Straddle,400.0,0.2606,4d1a0ced-692e-4b90-a424-6300d5c145d3,Exit Decision,2026-02-13T23:47:27.428+08:00,2026-02-13T15:47:27.428Z,close_runner,,,nearest_exit_decision_symbol
717223000704811763,cmt_adausdt,SHORT_SIDE,SHORT,2026-02-14T00:14:48.806+08:00,2026-02-13T16:14:48.806Z,Exit Execution,SDM:Straddle,400.0,0.2606,8d33c62f-1a2c-464c-9fba-877e82c8e3ed,Exit Decision,2026-02-14T00:14:45.183+08:00,2026-02-13T16:14:45.183Z,close_runner,,,nearest_exit_decision_symbol
717229882592985843,cmt_adausdt,SHORT_SIDE,SHORT,2026-02-14T00:42:09.577+08:00,2026-02-13T16:42:09.577Z,Exit Execution,SDM:Straddle,400.0,0.2606,063ff79e-1937-4fbc-ae54-ada15f3178ee,Exit Decision,2026-02-14T00:42:05.844+08:00,2026-02-13T16:42:05.844Z,close_runner,,,nearest_exit_decision_symbol
717236768692241139,cmt_adausdt,SHORT_SIDE,SHORT,2026-02-14T01:09:31.350+08:00,2026-02-13T17:09:31.350Z,Exit Execution,SDM:Straddle,400.0,0.2606,f283afc2-0076-4006-9eab-429b88e889cc,Exit Decision,2026-02-14T01:09:27.720+08:00,2026-02-13T17:09:27.720Z,close_runner,,,nearest_exit_decision_symbol
717243648646841075,cmt_adausdt,SHORT_SIDE,SHORT,2026-02-14T01:36:51.660+08:00,2026-02-13T17:36:51.660Z,Exit Execution,SDM:Straddle,400.0,0.2606,d88018e0-69b6-418e-932f-794908844ff0,Exit Decision,2026-02-14T01:36:48.053+08:00,2026-02-13T17:36:48.053Z,close_runner,,,nearest_exit_decision_symbol
717250530824422131,cmt_adausdt,SHORT_SIDE,SHORT,2026-02-14T02:04:12.500+08:00,2026-02-13T18:04:12.500Z,Exit Execution,SDM:Straddle,400.0,0.2606,42863adf-af07-4ed8-a006-2767792e1ba0,Exit Decision,2026-02-14T02:04:08.884+08:00,2026-02-13T18:04:08.884Z,close_runner,,,nearest_exit_decision_symbol
717257400125489907,cmt_adausdt,SHORT_SIDE,SHORT,2026-02-14T02:31:30.267+08:00,2026-02-13T18:31:30.267Z,Exit Execution,SDM:Straddle,400.0,0.2606,3fe4afbf-8512-441a-9e5c-8c9d8239bf8e,Exit Decision,2026-02-14T02:31:26.677+08:00,2026-02-13T18:31:26.677Z,close_runner,,,nearest_exit_decision_symbol
717264273629250291,cmt_adausdt,SHORT_SIDE,SHORT,2026-02-14T02:58:49.039+08:00,2026-02-13T18:58:49.039Z,Exit Execution,SDM:Straddle,400.0,0.2606,3c195303-ae31-4ca1-ac4c-ccc4ef7576b6,Exit Decision,2026-02-14T02:58:45.397+08:00,2026-02-13T18:58:45.397Z,close_runner,,,nearest_exit_decision_symbol
717271208789279475,cmt_adausdt,SHORT_SIDE,SHORT,2026-02-14T03:26:22.511+08:00,2026-02-13T19:26:22.511Z,Exit Execution,SDM:Straddle,400.0,0.2606,0892659e-6786-4e13-a026-892a7fc2e8cd,Exit Decision,2026-02-14T03:26:18.939+08:00,2026-02-13T19:26:18.939Z,close_runner,,,nearest_exit_decision_symbol
717278112768852723,cmt_adausdt,SHORT_SIDE,SHORT,2026-02-14T03:53:48.545+08:00,2026-02-13T19:53:48.545Z,Exit Execution,SDM:Straddle,400.0,0.2606,c6b2e911-f556-457f-8427-1d8ea591efcf,Exit Decision,2026-02-14T03:53:44.947+08:00,2026-02-13T19:53:44.947Z,close_runner,,,nearest_exit_decision_symbol
717284989875520243,cmt_adausdt,SHORT_SIDE,SHORT,2026-02-14T04:21:08.176+08:00,2026-02-13T20:21:08.176Z,Exit Execution,SDM:Straddle,400.0,0.2606,8ae55aa0-dcd8-457d-a984-d114af9d08cb,Exit Decision,2026-02-14T04:21:04.412+08:00,2026-02-13T20:21:04.412Z,close_runner,,,nearest_exit_decision_symbol
717291855175222003,cmt_adausdt,SHORT_SIDE,SHORT,2026-02-14T04:48:24.992+08:00,2026-02-13T20:48:24.992Z,Exit Execution,SDM:Straddle,400.0,0.2606,c7f85c70-5f71-4fa3-a214-f0e463f6d4ca,Exit Decision,2026-02-14T04:48:21.429+08:00,2026-02-13T20:48:21.429Z,close_runner,,,nearest_exit_decision_symbol
717298703446049523,cmt_adausdt,SHORT_SIDE,SHORT,2026-02-14T05:15:37.749+08:00,2026-02-13T21:15:37.749Z,Exit Execution,SDM:Straddle,400.0,0.2606,4b911071-8acf-443b-bc0b-d97542e6f3aa,Exit Decision,2026-02-14T05:15:34.125+08:00,2026-02-13T21:15:34.125Z,close_runner,,,nearest_exit_decision_symbol
717305486830994163,cmt_adausdt,SHORT_SIDE,SHORT,2026-02-14T05:42:35.032+08:00,2026-02-13T21:42:35.032Z,Exit Execution,SDM:Straddle,400.0,0.2606,e9f5212b-941d-4141-85ac-4111146b6ee2,Exit Decision,2026-02-14T05:42:31.455+08:00,2026-02-13T21:42:31.455Z,close_runner,,,nearest_exit_decision_symbol
717312378064077555,cmt_adausdt,SHORT_SIDE,SHORT,2026-02-14T06:09:58.030+08:00,2026-02-13T22:09:58.030Z,Exit Execution,SDM:Straddle,400.0,0.2606,2cb1cc9d-e89a-4472-a61e-957cbd73dd02,Exit Decision,2026-02-14T06:09:54.410+08:00,2026-02-13T22:09:54.410Z,close_runner,,,nearest_exit_decision_symbol
717319187051053811,cmt_adausdt,SHORT_SIDE,SHORT,2026-02-14T06:37:01.420+08:00,2026-02-13T22:37:01.420Z,Exit Execution,SDM:Straddle,400.0,0.2606,cfa47fe9-c21a-4191-8084-9454faeaeae2,Exit Decision,2026-02-14T06:36:57.819+08:00,2026-02-13T22:36:57.819Z,close_runner,,,nearest_exit_decision_symbol
717325897249587955,cmt_adausdt,SHORT_SIDE,SHORT,2026-02-14T07:03:41.254+08:00,2026-02-13T23:03:41.254Z,Exit Execution,SDM:Straddle,400.0,0.2606,686ce569-c292-4a51-b215-e781b783c474,Exit Decision,2026-02-14T07:03:37.692+08:00,2026-02-13T23:03:37.692Z,close_runner,,,nearest_exit_decision_symbol
717332454599295731,cmt_adausdt,SHORT_SIDE,SHORT,2026-02-14T07:29:44.651+08:00,2026-02-13T23:29:44.651Z,Exit Execution,SDM:Straddle,400.0,0.2606,9562784a-f5b1-4a59-bade-36f4b91f2111,Exit Decision,2026-02-14T07:29:41.071+08:00,2026-02-13T23:29:41.071Z,close_runner,,,nearest_exit_decision_symbol
717338955619500787,cmt_adausdt,SHORT_SIDE,SHORT,2026-02-14T07:55:34.612+08:00,2026-02-13T23:55:34.612Z,Exit Execution,SDM:Straddle,360.0,0.2606,47ab2507-fa2f-4020-ac45-67f232d0b9d0,Exit Decision,2026-02-14T07:55:31.048+08:00,2026-02-13T23:55:31.048Z,close_runner,,,nearest_exit_decision_symbol
716303210565862131,cmt_adausdt,UNKNOWN,,2026-02-14T07:55:38.417+08:00,2026-02-13T23:55:38.417Z,Exit Decision,PositionMonitor,360.0,0.2606,06bbff35-1106-496c-9591-50684a15b02a,Exit Decision,2026-02-14T07:55:38.417+08:00,2026-02-13T23:55:38.417Z,,,,exact_order_id
717388084051706611,cmt_ethusdt,OPEN_LONG,1,2026-02-14T11:10:47.745+08:00,2026-02-14T03:10:47.745Z,Order Execution,SDM:momentum,0.09,2049.8,3387616a-9256-4ce1-bb97-7d5f3ec9786f,Decision Making,2026-02-14T11:10:47.068+08:00,2026-02-14T03:10:47.068Z,LONG,,LONG,nearest_decision_symbol
717415384453481203,cmt_ethusdt,OPEN_LONG,1,2026-02-14T12:59:16.667+08:00,2026-02-14T04:59:16.667Z,Order Execution,SDM:momentum,0.09,2052.64,19b56129-8dde-49b3-a068-a274755c4ccc,Decision Making,2026-02-14T12:59:15.989+08:00,2026-02-14T04:59:15.989Z,LONG,,LONG,nearest_decision_symbol
717442725162517235,cmt_ethusdt,OPEN_LONG,1,2026-02-14T14:47:55.200+08:00,2026-02-14T06:47:55.200Z,Order Execution,SDM:momentum,0.09,2052.08,2d13ccbd-be24-41ee-965c-3a7574194116,Decision Making,2026-02-14T14:47:54.525+08:00,2026-02-14T06:47:54.525Z,LONG,,LONG,nearest_decision_symbol
717540476692988659,cmt_solusdt,OPEN_LONG,1,2026-02-14T21:16:20.980+08:00,2026-02-14T13:16:20.980Z,Order Execution,SDM:momentum,2.8,86.61,03d1f2a1-06d8-479d-880f-530fa19f0705,Decision Making,2026-02-14T21:16:20.307+08:00,2026-02-14T13:16:20.307Z,LONG,,LONG,nearest_decision_symbol
717553557934441203,cmt_solusdt,OPEN_LONG,1,2026-02-14T22:08:19.791+08:00,2026-02-14T14:08:19.791Z,Order Execution,SDM:momentum,2.8,86.47,15024c90-e54b-4e51-91ce-2f94f227cc36,Decision Making,2026-02-14T22:08:19.111+08:00,2026-02-14T14:08:19.111Z,LONG,,LONG,nearest_decision_symbol
718285057260782323,cmt_adausdt,SHORT_SIDE,SHORT,2026-02-16T22:35:02.823+08:00,2026-02-16T14:35:02.823Z,Exit Execution,SDM:Straddle,7130.0,0.2794,a809ad20-41db-458c-9470-2c4e894196a2,Exit Decision,2026-02-16T22:35:02.076+08:00,2026-02-16T14:35:02.076Z,close_short,,,nearest_exit_decision_symbol
718292498635555571,cmt_dogeusdt,SHORT_SIDE,SHORT,2026-02-16T23:04:36.985+08:00,2026-02-16T15:04:36.985Z,Exit Execution,SDM:Straddle,21800.0,0.09964,e7be7edf-f5df-40cb-a1a1-548a7d63dfc2,Exit Decision,2026-02-16T23:04:36.309+08:00,2026-02-16T15:04:36.309Z,close_short,,,nearest_exit_decision_symbol
718296940609012467,cmt_adausdt,LONG_SIDE,LONG,2026-02-16T23:22:16.034+08:00,2026-02-16T15:22:16.034Z,Exit Execution,SDM:Straddle,7130.0,0.2794,5826a17b-418b-4af9-b78b-ac9c3b107355,Exit Decision,2026-02-16T23:22:15.322+08:00,2026-02-16T15:22:15.322Z,close_long,,,nearest_exit_decision_symbol
718300344655807219,cmt_ltcusdt,LONG_SIDE,LONG,2026-02-16T23:35:47.624+08:00,2026-02-16T15:35:47.624Z,Exit Execution,SDM:Straddle,37.9,54.13,d62aab7c-c871-4786-b515-11e6f96ffcfc,Exit Decision,2026-02-16T23:35:46.944+08:00,2026-02-16T15:35:46.944Z,close_long,,,nearest_exit_decision_symbol
718300380693267187,cmt_adausdt,LONG_SIDE,LONG,2026-02-16T23:35:56.213+08:00,2026-02-16T15:35:56.213Z,Exit Execution,SDM:Straddle,4750.0,0.2826,af0cecf9-1fa9-4f62-a59f-7672b2c475b1,Exit Decision,2026-02-16T23:35:55.528+08:00,2026-02-16T15:35:55.528Z,close_long,,,nearest_exit_decision_symbol
718315995462107891,cmt_adausdt,LONG_SIDE,LONG,2026-02-17T00:37:59.068+08:00,2026-02-16T16:37:59.068Z,Exit Execution,SDM:Straddle,5121.468361331234,0.2801,e11a6a89-a7f7-4d7f-8325-2dcf94ca9ded,Exit Decision,2026-02-17T00:37:58.344+08:00,2026-02-16T16:37:58.344Z,close_hedge,,,nearest_exit_decision_symbol
718315998561698547,cmt_adausdt,SHORT_SIDE,SHORT,2026-02-17T00:37:59.804+08:00,2026-02-16T16:37:59.804Z,Exit Execution,SDM:Straddle,5121.468361331234,0.2801,e11a6a89-a7f7-4d7f-8325-2dcf94ca9ded,Exit Decision,2026-02-17T00:37:58.344+08:00,2026-02-16T16:37:58.344Z,close_hedge,,,nearest_exit_decision_symbol
718320699776697075,cmt_adausdt,LONG_SIDE,LONG,2026-02-17T00:56:40.660+08:00,2026-02-16T16:56:40.660Z,Exit Execution,SDM:Straddle,4959.303791463768,0.2793,c8f1846c-2ebe-401b-b319-c146a2715ac3,Exit Decision,2026-02-17T00:56:39.982+08:00,2026-02-16T16:56:39.982Z,close_hedge,,,nearest_exit_decision_symbol
718320702670766835,cmt_adausdt,SHORT_SIDE,SHORT,2026-02-17T00:56:41.349+08:00,2026-02-16T16:56:41.349Z,Exit Execution,SDM:Straddle,4959.303791463768,0.2793,c8f1846c-2ebe-401b-b319-c146a2715ac3,Exit Decision,2026-02-17T00:56:39.982+08:00,2026-02-16T16:56:39.982Z,close_hedge,,,nearest_exit_decision_symbol
718325376379519731,cmt_adausdt,LONG_SIDE,LONG,2026-02-17T01:15:15.650+08:00,2026-02-16T17:15:15.650Z,Exit Execution,SDM:Straddle,6912.594273275554,0.2806,8d69f351-a076-44cb-97cb-5112441c2465,Exit Decision,2026-02-17T01:15:14.946+08:00,2026-02-16T17:15:14.946Z,close_hedge,,,nearest_exit_decision_symbol
718325379281978099,cmt_adausdt,SHORT_SIDE,SHORT,2026-02-17T01:15:16.340+08:00,2026-02-16T17:15:16.340Z,Exit Execution,SDM:Straddle,6912.594273275554,0.2806,8d69f351-a076-44cb-97cb-5112441c2465,Exit Decision,2026-02-17T01:15:14.946+08:00,2026-02-16T17:15:14.946Z,close_hedge,,,nearest_exit_decision_symbol
718581970564547315,cmt_ethusdt,LONG_SIDE,LONG,2026-02-17T18:14:52.469+08:00,2026-02-17T10:14:52.469Z,Exit Execution,SDM:Straddle,0.8870178447261364,1971.76,c3d5688e-fb11-4225-81b9-b65c982cb431,Exit Decision,2026-02-17T18:14:51.784+08:00,2026-02-17T10:14:51.784Z,close_hedge,,,nearest_exit_decision_symbol
718581973462811379,cmt_ethusdt,SHORT_SIDE,SHORT,2026-02-17T18:14:53.160+08:00,2026-02-17T10:14:53.160Z,Exit Execution,SDM:Straddle,0.8870178447261364,1971.76,c3d5688e-fb11-4225-81b9-b65c982cb431,Exit Decision,2026-02-17T18:14:51.784+08:00,2026-02-17T10:14:51.784Z,close_hedge,,,nearest_exit_decision_symbol
718602916302160627,cmt_btcusdt,LONG_SIDE,LONG,2026-02-17T19:38:06.393+08:00,2026-02-17T11:38:06.393Z,Exit Execution,SDM:Straddle,0.028764802517521188,67754.0,ef08ec1f-398b-4649-9a2e-b584f6eaeff3,Exit Decision,2026-02-17T19:38:05.615+08:00,2026-02-17T11:38:05.615Z,close_hedge,,,nearest_exit_decision_symbol
718602919397556979,cmt_btcusdt,SHORT_SIDE,SHORT,2026-02-17T19:38:07.060+08:00,2026-02-17T11:38:07.060Z,Exit Execution,SDM:Straddle,0.028764802517521188,67754.0,ef08ec1f-398b-4649-9a2e-b584f6eaeff3,Exit Decision,2026-02-17T19:38:05.615+08:00,2026-02-17T11:38:05.615Z,close_hedge,,,nearest_exit_decision_symbol
718611156264026867,cmt_btcusdt,LONG_SIDE,LONG,2026-02-17T20:10:50.884+08:00,2026-02-17T12:10:50.884Z,Exit Execution,SDM:Straddle,0.02861469087959999,67772.5,5063d428-f728-41d0-8b51-7e768fea5680,Exit Decision,2026-02-17T20:10:50.198+08:00,2026-02-17T12:10:50.198Z,close_hedge,,,nearest_exit_decision_symbol
718611159107764979,cmt_btcusdt,SHORT_SIDE,SHORT,2026-02-17T20:10:51.562+08:00,2026-02-17T12:10:51.562Z,Exit Execution,SDM:Straddle,0.02861469087959999,67772.5,5063d428-f728-41d0-8b51-7e768fea5680,Exit Decision,2026-02-17T20:10:50.198+08:00,2026-02-17T12:10:50.198Z,close_hedge,,,nearest_exit_decision_symbol
718634563999367923,cmt_btcusdt,OPEN_SHORT,2,2026-02-17T21:43:51.721+08:00,2026-02-17T13:43:51.721Z,Order Execution,SDM:momentum,0.001,67989.6,22878a18-08fe-46cb-a71a-a744d7c66f0d,Decision Making,2026-02-17T21:43:51.056+08:00,2026-02-17T13:43:51.056Z,SHORT,,SHORT,nearest_decision_symbol
718682637383762675,cmt_btcusdt,LONG_SIDE,LONG,2026-02-18T00:54:53.310+08:00,2026-02-17T16:54:53.310Z,Exit Execution,SDM:Straddle,0.01907711903890899,67594.2,6f229dd9-9417-473a-986c-741f5fb725ce,Exit Decision,2026-02-18T00:54:52.625+08:00,2026-02-17T16:54:52.625Z,close_hedge_force_unblock,,,nearest_exit_decision_symbol
718682640290415347,cmt_btcusdt,SHORT_SIDE,SHORT,2026-02-18T00:54:54.004+08:00,2026-02-17T16:54:54.004Z,Exit Execution,SDM:Straddle,0.01907711903890899,67594.2,6f229dd9-9417-473a-986c-741f5fb725ce,Exit Decision,2026-02-18T00:54:52.625+08:00,2026-02-17T16:54:52.625Z,close_hedge_force_unblock,,,nearest_exit_decision_symbol
718700769720664819,cmt_btcusdt,LONG_SIDE,LONG,2026-02-18T02:06:56.397+08:00,2026-02-17T18:06:56.397Z,Exit Execution,SDM:Straddle,0.025690985072252596,67118.3,8beb039e-9fde-453e-ae3d-c412038cd282,Exit Decision,2026-02-18T02:06:55.721+08:00,2026-02-17T18:06:55.721Z,close_hedge_force_unblock,,,nearest_exit_decision_symbol
718700772719592179,cmt_btcusdt,SHORT_SIDE,SHORT,2026-02-18T02:06:57.112+08:00,2026-02-17T18:06:57.112Z,Exit Execution,SDM:Straddle,0.025690985072252596,67118.3,8beb039e-9fde-453e-ae3d-c412038cd282,Exit Decision,2026-02-18T02:06:55.721+08:00,2026-02-17T18:06:55.721Z,close_hedge_force_unblock,,,nearest_exit_decision_symbol
718703822129595123,cmt_btcusdt,LONG_SIDE,LONG,2026-02-18T02:19:04.147+08:00,2026-02-17T18:19:04.147Z,Exit Execution,SDM:Straddle,0.02623259094632775,67250.9,b571808b-58ae-44dc-b880-6b86ea7ee7be,Exit Decision,2026-02-18T02:19:03.472+08:00,2026-02-17T18:19:03.472Z,close_hedge_force_unblock,,,nearest_exit_decision_symbol
718703824994304755,cmt_btcusdt,SHORT_SIDE,SHORT,2026-02-18T02:19:04.830+08:00,2026-02-17T18:19:04.830Z,Exit Execution,SDM:Straddle,0.02623259094632775,67250.9,b571808b-58ae-44dc-b880-6b86ea7ee7be,Exit Decision,2026-02-18T02:19:03.472+08:00,2026-02-17T18:19:03.472Z,close_hedge_force_unblock,,,nearest_exit_decision_symbol
718705428552221427,cmt_btcusdt,LONG_SIDE,LONG,2026-02-18T02:25:27.147+08:00,2026-02-17T18:25:27.147Z,Exit Execution,SDM:Straddle,0.02455045872407698,67235.9,8ef8788f-295d-4950-917c-c36918501bb3,Exit Decision,2026-02-18T02:25:26.465+08:00,2026-02-17T18:25:26.465Z,close_hedge_force_unblock,,,nearest_exit_decision_symbol
718705431412736755,cmt_btcusdt,SHORT_SIDE,SHORT,2026-02-18T02:25:27.829+08:00,2026-02-17T18:25:27.829Z,Exit Execution,SDM:Straddle,0.02455045872407698,67235.9,8ef8788f-295d-4950-917c-c36918501bb3,Exit Decision,2026-02-18T02:25:26.465+08:00,2026-02-17T18:25:26.465Z,close_hedge_force_unblock,,,nearest_exit_decision_symbol
718708802290975475,cmt_btcusdt,LONG_SIDE,LONG,2026-02-18T02:38:51.511+08:00,2026-02-17T18:38:51.511Z,Exit Execution,SDM:Straddle,0.026505805283160006,67745.1,190273f9-73fc-44e1-8d96-9418123a3d1a,Exit Decision,2026-02-18T02:38:50.839+08:00,2026-02-17T18:38:50.839Z,close_hedge_force_unblock,,,nearest_exit_decision_symbol
718708805138907891,cmt_btcusdt,SHORT_SIDE,SHORT,2026-02-18T02:38:52.189+08:00,2026-02-17T18:38:52.189Z,Exit Execution,SDM:Straddle,0.026505805283160006,67745.1,190273f9-73fc-44e1-8d96-9418123a3d1a,Exit Decision,2026-02-18T02:38:50.839+08:00,2026-02-17T18:38:50.839Z,close_hedge_force_unblock,,,nearest_exit_decision_symbol
718712170229007091,cmt_ethusdt,LONG_SIDE,LONG,2026-02-18T02:52:14.488+08:00,2026-02-17T18:52:14.488Z,Exit Execution,SDM:Straddle,0.6216254169259465,1999.43,30e1fd30-8cd7-4564-b036-f38b20ddfcc9,Exit Decision,2026-02-18T02:52:13.815+08:00,2026-02-17T18:52:13.815Z,close_hedge_force_unblock,,,nearest_exit_decision_symbol
718712173051773683,cmt_ethusdt,SHORT_SIDE,SHORT,2026-02-18T02:52:15.160+08:00,2026-02-17T18:52:15.160Z,Exit Execution,SDM:Straddle,0.6216254169259465,1999.43,30e1fd30-8cd7-4564-b036-f38b20ddfcc9,Exit Decision,2026-02-18T02:52:13.815+08:00,2026-02-17T18:52:13.815Z,close_hedge_force_unblock,,,nearest_exit_decision_symbol
718718639242478323,cmt_btcusdt,LONG_SIDE,LONG,2026-02-18T03:17:56.823+08:00,2026-02-17T19:17:56.823Z,Exit Execution,SDM:Straddle,0.02520203664938186,68017.9,bea8393b-9df3-4d7d-9421-0f42bb89be45,Exit Decision,2026-02-18T03:17:56.115+08:00,2026-02-17T19:17:56.115Z,close_hedge_force_unblock,,,nearest_exit_decision_symbol
718718642253988595,cmt_btcusdt,SHORT_SIDE,SHORT,2026-02-18T03:17:57.541+08:00,2026-02-17T19:17:57.541Z,Exit Execution,SDM:Straddle,0.02520203664938186,68017.9,bea8393b-9df3-4d7d-9421-0f42bb89be45,Exit Decision,2026-02-18T03:17:56.115+08:00,2026-02-17T19:17:56.115Z,close_hedge_force_unblock,,,nearest_exit_decision_symbol
718718864870867699,cmt_btcusdt,LONG_SIDE,LONG,2026-02-18T03:18:50.615+08:00,2026-02-17T19:18:50.615Z,Exit Execution,SDM:Straddle,0.026005439812799385,67988.9,5f4219df-f841-4940-b366-906a008d4b13,Exit Decision,2026-02-18T03:18:49.939+08:00,2026-02-17T19:18:49.939Z,close_hedge_force_unblock,,,nearest_exit_decision_symbol
718718867777520371,cmt_btcusdt,SHORT_SIDE,SHORT,2026-02-18T03:18:51.309+08:00,2026-02-17T19:18:51.309Z,Exit Execution,SDM:Straddle,0.026005439812799385,67988.9,5f4219df-f841-4940-b366-906a008d4b13,Exit Decision,2026-02-18T03:18:49.939+08:00,2026-02-17T19:18:49.939Z,close_hedge_force_unblock,,,nearest_exit_decision_symbol
718721943133487859,cmt_btcusdt,LONG_SIDE,LONG,2026-02-18T03:31:04.530+08:00,2026-02-17T19:31:04.530Z,Exit Execution,SDM:Straddle,0.02711154842561028,68022.3,f8dac17f-d363-4dec-8c35-3f5385eee45d,Exit Decision,2026-02-18T03:31:03.835+08:00,2026-02-17T19:31:03.835Z,close_hedge_force_unblock,,,nearest_exit_decision_symbol
718721945956254451,cmt_btcusdt,SHORT_SIDE,SHORT,2026-02-18T03:31:05.204+08:00,2026-02-17T19:31:05.204Z,Exit Execution,SDM:Straddle,0.02711154842561028,68022.3,f8dac17f-d363-4dec-8c35-3f5385eee45d,Exit Decision,2026-02-18T03:31:03.835+08:00,2026-02-17T19:31:03.835Z,close_hedge_force_unblock,,,nearest_exit_decision_symbol
718722087740506867,cmt_ltcusdt,LONG_SIDE,LONG,2026-02-18T03:31:39.007+08:00,2026-02-17T19:31:39.007Z,Exit Execution,SDM:Straddle,30.47638704814873,54.18,1e7c4f4d-62a6-460c-bcb8-16cf4176a4aa,Exit Decision,2026-02-18T03:31:38.332+08:00,2026-02-17T19:31:38.332Z,close_hedge_force_unblock,,,nearest_exit_decision_symbol
718722090571662067,cmt_ltcusdt,SHORT_SIDE,SHORT,2026-02-18T03:31:39.683+08:00,2026-02-17T19:31:39.683Z,Exit Execution,SDM:Straddle,30.47638704814873,54.18,1e7c4f4d-62a6-460c-bcb8-16cf4176a4aa,Exit Decision,2026-02-18T03:31:38.332+08:00,2026-02-17T19:31:38.332Z,close_hedge_force_unblock,,,nearest_exit_decision_symbol
718725142603105011,cmt_ltcusdt,LONG_SIDE,LONG,2026-02-18T03:43:47.345+08:00,2026-02-17T19:43:47.345Z,Exit Execution,SDM:Straddle,31.346857534080332,54.18,bfca319d-509a-4b52-b467-71338e8645de,Exit Decision,2026-02-18T03:43:46.669+08:00,2026-02-17T19:43:46.669Z,close_hedge_force_unblock,,,nearest_exit_decision_symbol
718725145501369075,cmt_ltcusdt,SHORT_SIDE,SHORT,2026-02-18T03:43:48.035+08:00,2026-02-17T19:43:48.035Z,Exit Execution,SDM:Straddle,31.346857534080332,54.18,bfca319d-509a-4b52-b467-71338e8645de,Exit Decision,2026-02-18T03:43:46.669+08:00,2026-02-17T19:43:46.669Z,close_hedge_force_unblock,,,nearest_exit_decision_symbol
718725221762204403,cmt_btcusdt,LONG_SIDE,LONG,2026-02-18T03:44:06.218+08:00,2026-02-17T19:44:06.218Z,Exit Execution,SDM:Straddle,0.026487633787708898,67805.2,d89a8912-347f-486b-9543-807a09b7f7c1,Exit Decision,2026-02-18T03:44:05.517+08:00,2026-02-17T19:44:05.517Z,close_hedge_force_unblock,,,nearest_exit_decision_symbol
718725224677245683,cmt_btcusdt,SHORT_SIDE,SHORT,2026-02-18T03:44:06.913+08:00,2026-02-17T19:44:06.913Z,Exit Execution,SDM:Straddle,0.026487633787708898,67805.2,d89a8912-347f-486b-9543-807a09b7f7c1,Exit Decision,2026-02-18T03:44:05.517+08:00,2026-02-17T19:44:05.517Z,close_hedge_force_unblock,,,nearest_exit_decision_symbol
718730414381859571,cmt_ltcusdt,LONG_SIDE,LONG,2026-02-18T04:04:44.234+08:00,2026-02-17T20:04:44.234Z,Exit Execution,SDM:Straddle,32.97022804335628,54.23,0151ae81-2443-4fb1-a757-27bb3c7f6146,Exit Decision,2026-02-18T04:04:43.524+08:00,2026-02-17T20:04:43.524Z,close_hedge_force_unblock,,,nearest_exit_decision_symbol
718730417267540723,cmt_ltcusdt,SHORT_SIDE,SHORT,2026-02-18T04:04:44.923+08:00,2026-02-17T20:04:44.923Z,Exit Execution,SDM:Straddle,32.97022804335628,54.23,0151ae81-2443-4fb1-a757-27bb3c7f6146,Exit Decision,2026-02-18T04:04:43.524+08:00,2026-02-17T20:04:43.524Z,close_hedge_force_unblock,,,nearest_exit_decision_symbol
718730492723069683,cmt_btcusdt,LONG_SIDE,LONG,2026-02-18T04:05:02.913+08:00,2026-02-17T20:05:02.913Z,Exit Execution,SDM:Straddle,0.026413486122948006,67781.0,7484f121-92ea-4471-abcd-cbf7dfcc80f8,Exit Decision,2026-02-18T04:05:02.230+08:00,2026-02-17T20:05:02.230Z,close_hedge_force_unblock,,,nearest_exit_decision_symbol
718730495608750835,cmt_btcusdt,SHORT_SIDE,SHORT,2026-02-18T04:05:03.600+08:00,2026-02-17T20:05:03.600Z,Exit Execution,SDM:Straddle,0.026413486122948006,67781.0,7484f121-92ea-4471-abcd-cbf7dfcc80f8,Exit Decision,2026-02-18T04:05:02.230+08:00,2026-02-17T20:05:02.230Z,close_hedge_force_unblock,,,nearest_exit_decision_symbol
718733916864774899,cmt_btcusdt,LONG_SIDE,LONG,2026-02-18T04:18:39.289+08:00,2026-02-17T20:18:39.289Z,Exit Execution,SDM:Straddle,0.02724493668679254,67562.6,e64b43b1-c166-4f87-ac3a-e085e4d22486,Exit Decision,2026-02-18T04:18:38.625+08:00,2026-02-17T20:18:38.625Z,close_hedge_force_unblock,,,nearest_exit_decision_symbol
718733919691735795,cmt_btcusdt,SHORT_SIDE,SHORT,2026-02-18T04:18:39.963+08:00,2026-02-17T20:18:39.963Z,Exit Execution,SDM:Straddle,0.02724493668679254,67562.6,e64b43b1-c166-4f87-ac3a-e085e4d22486,Exit Decision,2026-02-18T04:18:38.625+08:00,2026-02-17T20:18:38.625Z,close_hedge_force_unblock,,,nearest_exit_decision_symbol
718735257053954803,cmt_ltcusdt,LONG_SIDE,LONG,2026-02-18T04:23:58.816+08:00,2026-02-17T20:23:58.816Z,Exit Execution,SDM:Straddle,30.902171864769688,53.94,322a9acf-f21c-444a-a512-01392743e2da,Exit Decision,2026-02-18T04:23:58.137+08:00,2026-02-17T20:23:58.137Z,close_hedge_force_unblock,,,nearest_exit_decision_symbol
718735259872527091,cmt_ltcusdt,SHORT_SIDE,SHORT,2026-02-18T04:23:59.488+08:00,2026-02-17T20:23:59.488Z,Exit Execution,SDM:Straddle,30.902171864769688,53.94,322a9acf-f21c-444a-a512-01392743e2da,Exit Decision,2026-02-18T04:23:58.137+08:00,2026-02-17T20:23:58.137Z,close_hedge_force_unblock,,,nearest_exit_decision_symbol
718743920346923763,cmt_ltcusdt,LONG_SIDE,LONG,2026-02-18T04:58:24.308+08:00,2026-02-17T20:58:24.308Z,Exit Execution,SDM:Straddle,31.59395141306509,54.13,94bb0dbc-287c-4145-9091-6794f4375f64,Exit Decision,2026-02-18T04:58:23.632+08:00,2026-02-17T20:58:23.632Z,close_hedge_force_unblock,,,nearest_exit_decision_symbol
718743923157107443,cmt_ltcusdt,SHORT_SIDE,SHORT,2026-02-18T04:58:24.977+08:00,2026-02-17T20:58:24.977Z,Exit Execution,SDM:Straddle,31.59395141306509,54.13,94bb0dbc-287c-4145-9091-6794f4375f64,Exit Decision,2026-02-18T04:58:23.632+08:00,2026-02-17T20:58:23.632Z,close_hedge_force_unblock,,,nearest_exit_decision_symbol
718745525850997491,cmt_ltcusdt,LONG_SIDE,LONG,2026-02-18T05:04:47.090+08:00,2026-02-17T21:04:47.090Z,Exit Execution,SDM:Straddle,34.06990181665509,54.12,4f9cf471-d6ee-4c0a-ae17-dfe645a9b23b,Exit Decision,2026-02-18T05:04:46.404+08:00,2026-02-17T21:04:46.404Z,close_hedge_force_unblock,,,nearest_exit_decision_symbol
718745528875090675,cmt_ltcusdt,SHORT_SIDE,SHORT,2026-02-18T05:04:47.809+08:00,2026-02-17T21:04:47.809Z,Exit Execution,SDM:Straddle,34.06990181665509,54.12,4f9cf471-d6ee-4c0a-ae17-dfe645a9b23b,Exit Decision,2026-02-18T05:04:46.404+08:00,2026-02-17T21:04:46.404Z,close_hedge_force_unblock,,,nearest_exit_decision_symbol
718747135184470771,cmt_ltcusdt,LONG_SIDE,LONG,2026-02-18T05:11:10.785+08:00,2026-02-17T21:11:10.785Z,Exit Execution,SDM:Straddle,31.577115554462793,54.15,b2dec299-63d4-4d28-81a4-f84664469a1c,Exit Decision,2026-02-18T05:11:10.104+08:00,2026-02-17T21:11:10.104Z,close_hedge_force_unblock,,,nearest_exit_decision_symbol
718747138057569011,cmt_ltcusdt,SHORT_SIDE,SHORT,2026-02-18T05:11:11.468+08:00,2026-02-17T21:11:11.468Z,Exit Execution,SDM:Straddle,31.577115554462793,54.15,b2dec299-63d4-4d28-81a4-f84664469a1c,Exit Decision,2026-02-18T05:11:10.104+08:00,2026-02-17T21:11:10.104Z,close_hedge_force_unblock,,,nearest_exit_decision_symbol
718751742224761587,cmt_ltcusdt,LONG_SIDE,LONG,2026-02-18T05:29:29.188+08:00,2026-02-17T21:29:29.188Z,Exit Execution,SDM:Straddle,32.4321527966238,54.25,1b85a843-c8af-41b1-9401-5d0775c14fdf,Exit Decision,2026-02-18T05:29:28.507+08:00,2026-02-17T21:29:28.507Z,close_hedge_force_unblock,,,nearest_exit_decision_symbol
718751745097859827,cmt_ltcusdt,SHORT_SIDE,SHORT,2026-02-18T05:29:29.871+08:00,2026-02-17T21:29:29.871Z,Exit Execution,SDM:Straddle,32.4321527966238,54.25,1b85a843-c8af-41b1-9401-5d0775c14fdf,Exit Decision,2026-02-18T05:29:28.507+08:00,2026-02-17T21:29:28.507Z,close_hedge_force_unblock,,,nearest_exit_decision_symbol
718753352531313395,cmt_ltcusdt,LONG_SIDE,LONG,2026-02-18T05:35:53.115+08:00,2026-02-17T21:35:53.115Z,Exit Execution,SDM:Straddle,30.690889815963047,54.26,47b1a611-fa3e-4d40-97e4-c63995d99fc0,Exit Decision,2026-02-18T05:35:52.439+08:00,2026-02-17T21:35:52.439Z,close_hedge_force_unblock,,,nearest_exit_decision_symbol
718753355379245811,cmt_ltcusdt,SHORT_SIDE,SHORT,2026-02-18T05:35:53.793+08:00,2026-02-17T21:35:53.793Z,Exit Execution,SDM:Straddle,30.690889815963047,54.26,47b1a611-fa3e-4d40-97e4-c63995d99fc0,Exit Decision,2026-02-18T05:35:52.439+08:00,2026-02-17T21:35:52.439Z,close_hedge_force_unblock,,,nearest_exit_decision_symbol
718753628201943795,cmt_btcusdt,LONG_SIDE,LONG,2026-02-18T05:36:58.840+08:00,2026-02-17T21:36:58.840Z,Exit Execution,SDM:Straddle,0.025519198508543433,67560.0,d66d4e22-6e9c-416e-8f7e-72a559e4bc24,Exit Decision,2026-02-18T05:36:58.162+08:00,2026-02-17T21:36:58.162Z,close_hedge_force_unblock,,,nearest_exit_decision_symbol
718753631058264819,cmt_btcusdt,SHORT_SIDE,SHORT,2026-02-18T05:36:59.521+08:00,2026-02-17T21:36:59.521Z,Exit Execution,SDM:Straddle,0.025519198508543433,67560.0,d66d4e22-6e9c-416e-8f7e-72a559e4bc24,Exit Decision,2026-02-18T05:36:58.162+08:00,2026-02-17T21:36:58.162Z,close_hedge_force_unblock,,,nearest_exit_decision_symbol
718755182606811891,cmt_ltcusdt,LONG_SIDE,LONG,2026-02-18T05:43:09.437+08:00,2026-02-17T21:43:09.437Z,Exit Execution,SDM:Straddle,31.20861194064762,54.31,674e0402-c576-4f22-bd8d-f730d64dcea8,Exit Decision,2026-02-18T05:43:08.707+08:00,2026-02-17T21:43:08.707Z,close_hedge_force_unblock,,,nearest_exit_decision_symbol
718755185437967091,cmt_ltcusdt,SHORT_SIDE,SHORT,2026-02-18T05:43:10.113+08:00,2026-02-17T21:43:10.113Z,Exit Execution,SDM:Straddle,31.20861194064762,54.31,674e0402-c576-4f22-bd8d-f730d64dcea8,Exit Decision,2026-02-18T05:43:08.707+08:00,2026-02-17T21:43:08.707Z,close_hedge_force_unblock,,,nearest_exit_decision_symbol
718755663244690163,cmt_ltcusdt,LONG_SIDE,LONG,2026-02-18T05:45:04.032+08:00,2026-02-17T21:45:04.032Z,Exit Execution,SDM:Straddle,31.190423366430746,54.31,226c9ab2-b556-4442-8e73-b68d379cfc73,Exit Decision,2026-02-18T05:45:03.346+08:00,2026-02-17T21:45:03.346Z,close_hedge_force_unblock,,,nearest_exit_decision_symbol
718755666138759923,cmt_ltcusdt,SHORT_SIDE,SHORT,2026-02-18T05:45:04.722+08:00,2026-02-17T21:45:04.722Z,Exit Execution,SDM:Straddle,31.190423366430746,54.31,226c9ab2-b556-4442-8e73-b68d379cfc73,Exit Decision,2026-02-18T05:45:03.346+08:00,2026-02-17T21:45:03.346Z,close_hedge_force_unblock,,,nearest_exit_decision_symbol
718755727786640115,cmt_btcusdt,LONG_SIDE,LONG,2026-02-18T05:45:19.419+08:00,2026-02-17T21:45:19.419Z,Exit Execution,SDM:Straddle,0.026421940482708343,67566.9,337176fa-6d47-4388-a42f-69ad1a4bf104,Exit Decision,2026-02-18T05:45:18.728+08:00,2026-02-17T21:45:18.728Z,close_hedge_force_unblock,,,nearest_exit_decision_symbol
718755730668126963,cmt_btcusdt,SHORT_SIDE,SHORT,2026-02-18T05:45:20.106+08:00,2026-02-17T21:45:20.106Z,Exit Execution,SDM:Straddle,0.026421940482708343,67566.9,337176fa-6d47-4388-a42f-69ad1a4bf104,Exit Decision,2026-02-18T05:45:18.728+08:00,2026-02-17T21:45:18.728Z,close_hedge_force_unblock,,,nearest_exit_decision_symbol
718758730543399667,cmt_btcusdt,LONG_SIDE,LONG,2026-02-18T05:57:15.333+08:00,2026-02-17T21:57:15.333Z,Exit Execution,SDM:Straddle,0.024996695965790083,67605.1,d25bea09-6aab-4b62-903a-21ea37791b7e,Exit Decision,2026-02-18T05:57:14.627+08:00,2026-02-17T21:57:14.627Z,close_hedge_force_unblock,,,nearest_exit_decision_symbol
718758733387137779,cmt_btcusdt,SHORT_SIDE,SHORT,2026-02-18T05:57:16.010+08:00,2026-02-17T21:57:16.010Z,Exit Execution,SDM:Straddle,0.024996695965790083,67605.1,d25bea09-6aab-4b62-903a-21ea37791b7e,Exit Decision,2026-02-18T05:57:14.627+08:00,2026-02-17T21:57:14.627Z,close_hedge_force_unblock,,,nearest_exit_decision_symbol
718760329911206643,cmt_btcusdt,LONG_SIDE,LONG,2026-02-18T06:03:36.651+08:00,2026-02-17T22:03:36.651Z,Exit Execution,SDM:Straddle,0.024471377041865836,67628.6,4fd99455-2feb-431b-a0fb-7a185ec3a37f,Exit Decision,2026-02-18T06:03:35.963+08:00,2026-02-17T22:03:35.963Z,close_hedge_force_unblock,,,nearest_exit_decision_symbol
718760332746556147,cmt_btcusdt,SHORT_SIDE,SHORT,2026-02-18T06:03:37.327+08:00,2026-02-17T22:03:37.327Z,Exit Execution,SDM:Straddle,0.024471377041865836,67628.6,4fd99455-2feb-431b-a0fb-7a185ec3a37f,Exit Decision,2026-02-18T06:03:35.963+08:00,2026-02-17T22:03:35.963Z,close_hedge_force_unblock,,,nearest_exit_decision_symbol
718761854767203059,cmt_ltcusdt,LONG_SIDE,LONG,2026-02-18T06:09:40.206+08:00,2026-02-17T22:09:40.206Z,Exit Execution,SDM:Straddle,31.14390062616159,54.44,fb9582ae-a10d-4eb4-a15e-883094dd0069,Exit Decision,2026-02-18T06:09:39.489+08:00,2026-02-17T22:09:39.489Z,close_hedge_force_unblock,,,nearest_exit_decision_symbol
718761857640301299,cmt_ltcusdt,SHORT_SIDE,SHORT,2026-02-18T06:09:40.890+08:00,2026-02-17T22:09:40.890Z,Exit Execution,SDM:Straddle,31.14390062616159,54.44,fb9582ae-a10d-4eb4-a15e-883094dd0069,Exit Decision,2026-02-18T06:09:39.489+08:00,2026-02-17T22:09:39.489Z,close_hedge_force_unblock,,,nearest_exit_decision_symbol
718763480223580915,cmt_ltcusdt,LONG_SIDE,LONG,2026-02-18T06:16:07.745+08:00,2026-02-17T22:16:07.745Z,Exit Execution,SDM:Straddle,32.06341598166821,54.37,daa1225e-6d45-4900-b33d-c04579fc1807,Exit Decision,2026-02-18T06:16:07.065+08:00,2026-02-17T22:16:07.065Z,close_hedge_force_unblock,,,nearest_exit_decision_symbol
718763483071513331,cmt_ltcusdt,SHORT_SIDE,SHORT,2026-02-18T06:16:08.423+08:00,2026-02-17T22:16:08.423Z,Exit Execution,SDM:Straddle,32.06341598166821,54.37,daa1225e-6d45-4900-b33d-c04579fc1807,Exit Decision,2026-02-18T06:16:07.065+08:00,2026-02-17T22:16:07.065Z,close_hedge_force_unblock,,,nearest_exit_decision_symbol
718763693667517171,cmt_ltcusdt,LONG_SIDE,LONG,2026-02-18T06:16:58.633+08:00,2026-02-17T22:16:58.633Z,Exit Execution,SDM:Straddle,30.68258334047326,54.33,53100472-1aa3-4167-a8a0-71fa0806f684,Exit Decision,2026-02-18T06:16:57.958+08:00,2026-02-17T22:16:57.958Z,close_hedge_force_unblock,,,nearest_exit_decision_symbol
718763696490283763,cmt_ltcusdt,SHORT_SIDE,SHORT,2026-02-18T06:16:59.307+08:00,2026-02-17T22:16:59.307Z,Exit Execution,SDM:Straddle,30.68258334047326,54.33,53100472-1aa3-4167-a8a0-71fa0806f684,Exit Decision,2026-02-18T06:16:57.958+08:00,2026-02-17T22:16:57.958Z,close_hedge_force_unblock,,,nearest_exit_decision_symbol
718768466571559667,cmt_ltcusdt,LONG_SIDE,LONG,2026-02-18T06:35:56.583+08:00,2026-02-17T22:35:56.583Z,Exit Execution,SDM:Straddle,31.467476502673758,54.15,095b7a3d-4f27-4c94-9d4c-6730a1de45c9,Exit Decision,2026-02-18T06:35:55.907+08:00,2026-02-17T22:35:55.907Z,close_hedge_force_unblock,,,nearest_exit_decision_symbol
718768469440463603,cmt_ltcusdt,SHORT_SIDE,SHORT,2026-02-18T06:35:57.266+08:00,2026-02-17T22:35:57.266Z,Exit Execution,SDM:Straddle,31.467476502673758,54.15,095b7a3d-4f27-4c94-9d4c-6730a1de45c9,Exit Decision,2026-02-18T06:35:55.907+08:00,2026-02-17T22:35:55.907Z,close_hedge_force_unblock,,,nearest_exit_decision_symbol
718771938834514675,cmt_ltcusdt,LONG_SIDE,LONG,2026-02-18T06:49:44.435+08:00,2026-02-17T22:49:44.435Z,Exit Execution,SDM:Straddle,31.07280010468467,54.2,e003ba12-551f-44b5-aea5-497a4713a684,Exit Decision,2026-02-18T06:49:43.761+08:00,2026-02-17T22:49:43.761Z,close_hedge_force_unblock,,,nearest_exit_decision_symbol
718771941724390131,cmt_ltcusdt,SHORT_SIDE,SHORT,2026-02-18T06:49:45.125+08:00,2026-02-17T22:49:45.125Z,Exit Execution,SDM:Straddle,31.07280010468467,54.2,e003ba12-551f-44b5-aea5-497a4713a684,Exit Decision,2026-02-18T06:49:43.761+08:00,2026-02-17T22:49:43.761Z,close_hedge_force_unblock,,,nearest_exit_decision_symbol
718773539074736883,cmt_ltcusdt,LONG_SIDE,LONG,2026-02-18T06:56:06.005+08:00,2026-02-17T22:56:06.005Z,Exit Execution,SDM:Straddle,30.20887251146863,54.12,be6c08c5-14fa-450f-b33c-05257bb09aa5,Exit Decision,2026-02-18T06:56:05.273+08:00,2026-02-17T22:56:05.273Z,close_hedge_force_unblock,,,nearest_exit_decision_symbol
718773542107218675,cmt_ltcusdt,SHORT_SIDE,SHORT,2026-02-18T06:56:06.685+08:00,2026-02-17T22:56:06.685Z,Exit Execution,SDM:Straddle,30.20887251146863,54.12,be6c08c5-14fa-450f-b33c-05257bb09aa5,Exit Decision,2026-02-18T06:56:05.273+08:00,2026-02-17T22:56:05.273Z,close_hedge_force_unblock,,,nearest_exit_decision_symbol
718773752254431987,cmt_ltcusdt,LONG_SIDE,LONG,2026-02-18T06:56:56.790+08:00,2026-02-17T22:56:56.790Z,Exit Execution,SDM:Straddle,29.33536344529042,53.99,342ba3b1-05d4-495f-9d7f-d2543e1449ab,Exit Decision,2026-02-18T06:56:56.099+08:00,2026-02-17T22:56:56.099Z,close_hedge_force_unblock,,,nearest_exit_decision_symbol
718773755106558707,cmt_ltcusdt,SHORT_SIDE,SHORT,2026-02-18T06:56:57.468+08:00,2026-02-17T22:56:57.468Z,Exit Execution,SDM:Straddle,29.33536344529042,53.99,342ba3b1-05d4-495f-9d7f-d2543e1449ab,Exit Decision,2026-02-18T06:56:56.099+08:00,2026-02-17T22:56:56.099Z,close_hedge_force_unblock,,,nearest_exit_decision_symbol
718775351395746547,cmt_ltcusdt,LONG_SIDE,LONG,2026-02-18T07:03:18.052+08:00,2026-02-17T23:03:18.052Z,Exit Execution,SDM:Straddle,32.24225030586598,53.91,29b64d45-04df-40b1-90b2-a3cf380df8e7,Exit Decision,2026-02-18T07:03:17.343+08:00,2026-02-17T23:03:17.343Z,close_hedge_force_unblock,,,nearest_exit_decision_symbol
718775354176570099,cmt_ltcusdt,SHORT_SIDE,SHORT,2026-02-18T07:03:18.714+08:00,2026-02-17T23:03:18.714Z,Exit Execution,SDM:Straddle,32.24225030586598,53.91,29b64d45-04df-40b1-90b2-a3cf380df8e7,Exit Decision,2026-02-18T07:03:17.343+08:00,2026-02-17T23:03:17.343Z,close_hedge_force_unblock,,,nearest_exit_decision_symbol
718778368639632115,cmt_ltcusdt,LONG_SIDE,LONG,2026-02-18T07:15:17.420+08:00,2026-02-17T23:15:17.420Z,Exit Execution,SDM:Straddle,33.08453281206011,53.81,f63dbfcb-78c0-4bc6-8c32-8a7af3ec4372,Exit Decision,2026-02-18T07:15:16.718+08:00,2026-02-17T23:15:16.718Z,close_hedge_force_unblock,,,nearest_exit_decision_symbol
718778371592422131,cmt_ltcusdt,SHORT_SIDE,SHORT,2026-02-18T07:15:18.125+08:00,2026-02-17T23:15:18.125Z,Exit Execution,SDM:Straddle,33.08453281206011,53.81,f63dbfcb-78c0-4bc6-8c32-8a7af3ec4372,Exit Decision,2026-02-18T07:15:16.718+08:00,2026-02-17T23:15:16.718Z,close_hedge_force_unblock,,,nearest_exit_decision_symbol
718781752142725875,cmt_ltcusdt,LONG_SIDE,LONG,2026-02-18T07:28:44.110+08:00,2026-02-17T23:28:44.110Z,Exit Execution,SDM:Straddle,33.21747755982282,53.95,b2a366b5-689c-4aa7-b8cf-f227480edff0,Exit Decision,2026-02-18T07:28:43.417+08:00,2026-02-17T23:28:43.417Z,close_hedge_force_unblock,,,nearest_exit_decision_symbol
718781754952909555,cmt_ltcusdt,SHORT_SIDE,SHORT,2026-02-18T07:28:44.780+08:00,2026-02-17T23:28:44.780Z,Exit Execution,SDM:Straddle,33.21747755982282,53.95,b2a366b5-689c-4aa7-b8cf-f227480edff0,Exit Decision,2026-02-18T07:28:43.417+08:00,2026-02-17T23:28:43.417Z,close_hedge_force_unblock,,,nearest_exit_decision_symbol
718783354563986163,cmt_ltcusdt,LONG_SIDE,LONG,2026-02-18T07:35:06.156+08:00,2026-02-17T23:35:06.156Z,Exit Execution,SDM:Straddle,29.703679923416665,53.87,b1056dd5-982b-4268-a63d-00dfcb4a69e8,Exit Decision,2026-02-18T07:35:05.481+08:00,2026-02-17T23:35:05.481Z,close_hedge_force_unblock,,,nearest_exit_decision_symbol
718783357374169843,cmt_ltcusdt,SHORT_SIDE,SHORT,2026-02-18T07:35:06.825+08:00,2026-02-17T23:35:06.825Z,Exit Execution,SDM:Straddle,29.703679923416665,53.87,b1056dd5-982b-4268-a63d-00dfcb4a69e8,Exit Decision,2026-02-18T07:35:05.481+08:00,2026-02-17T23:35:05.481Z,close_hedge_force_unblock,,,nearest_exit_decision_symbol
718784960613319411,cmt_ltcusdt,LONG_SIDE,LONG,2026-02-18T07:41:29.070+08:00,2026-02-17T23:41:29.070Z,Exit Execution,SDM:Straddle,29.829906752782144,53.96,12ffc688-4456-4ae6-bcbd-1910f8bfa9fe,Exit Decision,2026-02-18T07:41:28.360+08:00,2026-02-17T23:41:28.360Z,close_hedge_force_unblock,,,nearest_exit_decision_symbol
718784963499000563,cmt_ltcusdt,SHORT_SIDE,SHORT,2026-02-18T07:41:29.757+08:00,2026-02-17T23:41:29.757Z,Exit Execution,SDM:Straddle,29.829906752782144,53.96,12ffc688-4456-4ae6-bcbd-1910f8bfa9fe,Exit Decision,2026-02-18T07:41:28.360+08:00,2026-02-17T23:41:28.360Z,close_hedge_force_unblock,,,nearest_exit_decision_symbol
718789984840057587,cmt_ltcusdt,LONG_SIDE,LONG,2026-02-18T08:01:26.941+08:00,2026-02-18T00:01:26.941Z,Exit Execution,SDM:Straddle,33.46835597996342,53.8,fa6485d6-5427-4662-9993-377b6e110c12,Exit Decision,2026-02-18T08:01:26.220+08:00,2026-02-18T00:01:26.220Z,close_hedge_force_unblock,,,nearest_exit_decision_symbol
718789987687990003,cmt_ltcusdt,SHORT_SIDE,SHORT,2026-02-18T08:01:27.618+08:00,2026-02-18T00:01:27.618Z,Exit Execution,SDM:Straddle,33.46835597996342,53.8,fa6485d6-5427-4662-9993-377b6e110c12,Exit Decision,2026-02-18T08:01:26.220+08:00,2026-02-18T00:01:26.220Z,close_hedge_force_unblock,,,nearest_exit_decision_symbol
718793189959402227,cmt_ltcusdt,LONG_SIDE,LONG,2026-02-18T08:14:11.098+08:00,2026-02-18T00:14:11.098Z,Exit Execution,SDM:Straddle,33.694617192531744,53.89,4694dd98-cecc-4302-b275-365875071715,Exit Decision,2026-02-18T08:14:10.424+08:00,2026-02-18T00:14:10.424Z,close_hedge_force_unblock,,,nearest_exit_decision_symbol
718793192794751731,cmt_ltcusdt,SHORT_SIDE,SHORT,2026-02-18T08:14:11.775+08:00,2026-02-18T00:14:11.775Z,Exit Execution,SDM:Straddle,33.694617192531744,53.89,4694dd98-cecc-4302-b275-365875071715,Exit Decision,2026-02-18T08:14:10.424+08:00,2026-02-18T00:14:10.424Z,close_hedge_force_unblock,,,nearest_exit_decision_symbol
718796373901705971,cmt_ltcusdt,LONG_SIDE,LONG,2026-02-18T08:26:50.209+08:00,2026-02-18T00:26:50.209Z,Exit Execution,SDM:Straddle,31.038779824734988,53.83,9caed15b-df71-4bc8-9269-fb55d0ebf6eb,Exit Decision,2026-02-18T08:26:49.538+08:00,2026-02-18T00:26:49.538Z,close_hedge_force_unblock,,,nearest_exit_decision_symbol
718796376737055475,cmt_ltcusdt,SHORT_SIDE,SHORT,2026-02-18T08:26:50.883+08:00,2026-02-18T00:26:50.883Z,Exit Execution,SDM:Straddle,31.038779824734988,53.83,9caed15b-df71-4bc8-9269-fb55d0ebf6eb,Exit Decision,2026-02-18T08:26:49.538+08:00,2026-02-18T00:26:49.538Z,close_hedge_force_unblock,,,nearest_exit_decision_symbol
718799559668531955,cmt_ltcusdt,LONG_SIDE,LONG,2026-02-18T08:39:29.754+08:00,2026-02-18T00:39:29.754Z,Exit Execution,SDM:Straddle,31.065003564691306,53.95,a5746b1c-57bf-4d00-a12c-e71a18c71942,Exit Decision,2026-02-18T08:39:29.063+08:00,2026-02-18T00:39:29.063Z,close_hedge_force_unblock,,,nearest_exit_decision_symbol
718799562570990323,cmt_ltcusdt,SHORT_SIDE,SHORT,2026-02-18T08:39:30.446+08:00,2026-02-18T00:39:30.446Z,Exit Execution,SDM:Straddle,31.065003564691306,53.95,a5746b1c-57bf-4d00-a12c-e71a18c71942,Exit Decision,2026-02-18T08:39:29.063+08:00,2026-02-18T00:39:29.063Z,close_hedge_force_unblock,,,nearest_exit_decision_symbol
718816501037007603,cmt_ltcusdt,LONG_SIDE,LONG,2026-02-18T09:46:48.892+08:00,2026-02-18T01:46:48.892Z,Exit Execution,SDM:Straddle,31.48264466879859,53.85,9085127f-e986-4199-946f-2785caf272bb,Exit Decision,2026-02-18T09:46:48.192+08:00,2026-02-18T01:46:48.192Z,close_hedge_force_unblock,,,nearest_exit_decision_symbol
718816503901717235,cmt_ltcusdt,SHORT_SIDE,SHORT,2026-02-18T09:46:49.577+08:00,2026-02-18T01:46:49.577Z,Exit Execution,SDM:Straddle,31.48264466879859,53.85,9085127f-e986-4199-946f-2785caf272bb,Exit Decision,2026-02-18T09:46:48.192+08:00,2026-02-18T01:46:48.192Z,close_hedge_force_unblock,,,nearest_exit_decision_symbol
718819686162105075,cmt_ltcusdt,LONG_SIDE,LONG,2026-02-18T09:59:28.285+08:00,2026-02-18T01:59:28.285Z,Exit Execution,SDM:Straddle,30.62890302746256,53.81,c145c997-48d4-4e03-aedd-084336ef084e,Exit Decision,2026-02-18T09:59:27.622+08:00,2026-02-18T01:59:27.622Z,close_hedge_force_unblock,,,nearest_exit_decision_symbol
718819689014231795,cmt_ltcusdt,SHORT_SIDE,SHORT,2026-02-18T09:59:28.965+08:00,2026-02-18T01:59:28.965Z,Exit Execution,SDM:Straddle,30.62890302746256,53.81,c145c997-48d4-4e03-aedd-084336ef084e,Exit Decision,2026-02-18T09:59:27.622+08:00,2026-02-18T01:59:27.622Z,close_hedge_force_unblock,,,nearest_exit_decision_symbol
718821350155748083,cmt_btcusdt,LONG_SIDE,LONG,2026-02-18T10:06:05.013+08:00,2026-02-18T02:06:05.013Z,Exit Execution,SDM:Straddle,0.024524969340431302,67193.2,b1766ad7-3ede-4d79-901a-2d14edfc87cd,Exit Decision,2026-02-18T10:06:04.315+08:00,2026-02-18T02:06:04.315Z,close_hedge_force_unblock,,,nearest_exit_decision_symbol
718821352995291891,cmt_btcusdt,SHORT_SIDE,SHORT,2026-02-18T10:06:05.689+08:00,2026-02-18T02:06:05.689Z,Exit Execution,SDM:Straddle,0.024524969340431302,67193.2,b1766ad7-3ede-4d79-901a-2d14edfc87cd,Exit Decision,2026-02-18T10:06:04.315+08:00,2026-02-18T02:06:04.315Z,close_hedge_force_unblock,,,nearest_exit_decision_symbol
718824385812628211,cmt_btcusdt,LONG_SIDE,LONG,2026-02-18T10:18:08.770+08:00,2026-02-18T02:18:08.770Z,Exit Execution,SDM:Straddle,0.02340156721786497,67297.9,f86a14f7-7dea-4c21-8e17-1d7ecd359c07,Exit Decision,2026-02-18T10:18:08.066+08:00,2026-02-18T02:18:08.066Z,close_hedge_force_unblock,,,nearest_exit_decision_symbol
718824388832527091,cmt_btcusdt,SHORT_SIDE,SHORT,2026-02-18T10:18:09.489+08:00,2026-02-18T02:18:09.489Z,Exit Execution,SDM:Straddle,0.02340156721786497,67297.9,f86a14f7-7dea-4c21-8e17-1d7ecd359c07,Exit Decision,2026-02-18T10:18:08.066+08:00,2026-02-18T02:18:08.066Z,close_hedge_force_unblock,,,nearest_exit_decision_symbol
718825923696132851,cmt_ltcusdt,LONG_SIDE,LONG,2026-02-18T10:24:15.429+08:00,2026-02-18T02:24:15.429Z,Exit Execution,SDM:Straddle,30.23215460479511,54.14,0977a96a-3028-4a8b-835a-f42c533a7132,Exit Decision,2026-02-18T10:24:14.745+08:00,2026-02-18T02:24:14.745Z,close_hedge_force_unblock,,,nearest_exit_decision_symbol
718825926586008307,cmt_ltcusdt,SHORT_SIDE,SHORT,2026-02-18T10:24:16.118+08:00,2026-02-18T02:24:16.118Z,Exit Execution,SDM:Straddle,30.23215460479511,54.14,0977a96a-3028-4a8b-835a-f42c533a7132,Exit Decision,2026-02-18T10:24:14.745+08:00,2026-02-18T02:24:14.745Z,close_hedge_force_unblock,,,nearest_exit_decision_symbol
718829800357102323,cmt_ltcusdt,LONG_SIDE,LONG,2026-02-18T10:39:39.699+08:00,2026-02-18T02:39:39.699Z,Exit Execution,SDM:Straddle,30.20095310310706,54.11,a84e007e-5546-452e-8876-5c7cc3857c26,Exit Decision,2026-02-18T10:39:39.006+08:00,2026-02-18T02:39:39.006Z,close_hedge_force_unblock,,,nearest_exit_decision_symbol
718829803238589171,cmt_ltcusdt,SHORT_SIDE,SHORT,2026-02-18T10:39:40.383+08:00,2026-02-18T02:39:40.383Z,Exit Execution,SDM:Straddle,30.20095310310706,54.11,a84e007e-5546-452e-8876-5c7cc3857c26,Exit Decision,2026-02-18T10:39:39.006+08:00,2026-02-18T02:39:39.006Z,close_hedge_force_unblock,,,nearest_exit_decision_symbol
718829864567702259,cmt_btcusdt,LONG_SIDE,LONG,2026-02-18T10:39:55.006+08:00,2026-02-18T02:39:55.006Z,Exit Execution,SDM:Straddle,0.024328139805968346,67349.8,5d29493e-6bd1-4fe0-a5e4-e4dc6ecc0152,Exit Decision,2026-02-18T10:39:54.330+08:00,2026-02-18T02:39:54.330Z,close_hedge_force_unblock,,,nearest_exit_decision_symbol
718829867444994803,cmt_btcusdt,SHORT_SIDE,SHORT,2026-02-18T10:39:55.692+08:00,2026-02-18T02:39:55.692Z,Exit Execution,SDM:Straddle,0.024328139805968346,67349.8,5d29493e-6bd1-4fe0-a5e4-e4dc6ecc0152,Exit Decision,2026-02-18T10:39:54.330+08:00,2026-02-18T02:39:54.330Z,close_hedge_force_unblock,,,nearest_exit_decision_symbol
718832876174443251,cmt_btcusdt,LONG_SIDE,LONG,2026-02-18T10:51:53.029+08:00,2026-02-18T02:51:53.029Z,Exit Execution,SDM:Straddle,0.0229283278594634,67325.4,4fc03494-d6cc-47e5-9cd0-e3bdc353939e,Exit Decision,2026-02-18T10:51:52.351+08:00,2026-02-18T02:51:52.351Z,close_hedge_force_unblock,,,nearest_exit_decision_symbol
718832879164982003,cmt_btcusdt,SHORT_SIDE,SHORT,2026-02-18T10:51:53.743+08:00,2026-02-18T02:51:53.743Z,Exit Execution,SDM:Straddle,0.0229283278594634,67325.4,4fc03494-d6cc-47e5-9cd0-e3bdc353939e,Exit Decision,2026-02-18T10:51:52.351+08:00,2026-02-18T02:51:52.351Z,close_hedge_force_unblock,,,nearest_exit_decision_symbol
718833022081696499,cmt_ltcusdt,LONG_SIDE,LONG,2026-02-18T10:52:27.816+08:00,2026-02-18T02:52:27.816Z,Exit Execution,SDM:Straddle,31.202407506290612,54.07,fecb8ed6-4d56-4160-a504-532f750a8cf6,Exit Decision,2026-02-18T10:52:27.155+08:00,2026-02-18T02:52:27.155Z,close_hedge_force_unblock,,,nearest_exit_decision_symbol
718833024925434611,cmt_ltcusdt,SHORT_SIDE,SHORT,2026-02-18T10:52:28.494+08:00,2026-02-18T02:52:28.494Z,Exit Execution,SDM:Straddle,31.202407506290612,54.07,fecb8ed6-4d56-4160-a504-532f750a8cf6,Exit Decision,2026-02-18T10:52:27.155+08:00,2026-02-18T02:52:27.155Z,close_hedge_force_unblock,,,nearest_exit_decision_symbol
718834630349816563,cmt_ltcusdt,LONG_SIDE,LONG,2026-02-18T10:58:51.256+08:00,2026-02-18T02:58:51.256Z,Exit Execution,SDM:Straddle,30.32403216633034,54.05,692e4a0e-2748-463d-b9f6-4a1024242e57,Exit Decision,2026-02-18T10:58:50.576+08:00,2026-02-18T02:58:50.576Z,close_hedge_force_unblock,,,nearest_exit_decision_symbol
718834633231303411,cmt_ltcusdt,SHORT_SIDE,SHORT,2026-02-18T10:58:51.944+08:00,2026-02-18T02:58:51.944Z,Exit Execution,SDM:Straddle,30.32403216633034,54.05,692e4a0e-2748-463d-b9f6-4a1024242e57,Exit Decision,2026-02-18T10:58:50.576+08:00,2026-02-18T02:58:50.576Z,close_hedge_force_unblock,,,nearest_exit_decision_symbol
718836110368703219,cmt_btcusdt,LONG_SIDE,LONG,2026-02-18T11:04:44.120+08:00,2026-02-18T03:04:44.120Z,Exit Execution,SDM:Straddle,0.0229054529495873,67311.9,32236cd4-5a12-4fef-8c2c-1f9c605b5241,Exit Decision,2026-02-18T11:04:43.443+08:00,2026-02-18T03:04:43.443Z,close_hedge_force_unblock,,,nearest_exit_decision_symbol
718836113287938803,cmt_btcusdt,SHORT_SIDE,SHORT,2026-02-18T11:04:44.817+08:00,2026-02-18T03:04:44.817Z,Exit Execution,SDM:Straddle,0.0229054529495873,67311.9,32236cd4-5a12-4fef-8c2c-1f9c605b5241,Exit Decision,2026-02-18T11:04:43.443+08:00,2026-02-18T03:04:43.443Z,close_hedge_force_unblock,,,nearest_exit_decision_symbol
718836253985866483,cmt_ltcusdt,LONG_SIDE,LONG,2026-02-18T11:05:18.360+08:00,2026-02-18T03:05:18.360Z,Exit Execution,SDM:Straddle,28.29618635765184,54.11,029331ee-1dcb-4309-92cb-2321d07042ff,Exit Decision,2026-02-18T11:05:17.676+08:00,2026-02-18T03:05:17.676Z,close_hedge_force_unblock,,,nearest_exit_decision_symbol
718836256867353331,cmt_ltcusdt,SHORT_SIDE,SHORT,2026-02-18T11:05:19.048+08:00,2026-02-18T03:05:19.048Z,Exit Execution,SDM:Straddle,28.29618635765184,54.11,029331ee-1dcb-4309-92cb-2321d07042ff,Exit Decision,2026-02-18T11:05:17.676+08:00,2026-02-18T03:05:17.676Z,close_hedge_force_unblock,,,nearest_exit_decision_symbol
718840432502506227,cmt_bnbusdt,LONG_SIDE,LONG,2026-02-18T11:21:54.598+08:00,2026-02-18T03:21:54.598Z,Exit Execution,SDM:Straddle,2.6605676981265454,616.96,2c9785b9-6e27-47c2-8c5a-5812883f271e,Exit Decision,2026-02-18T11:21:53.917+08:00,2026-02-18T03:21:53.917Z,close_hedge_force_unblock,,,nearest_exit_decision_symbol
718840435371410163,cmt_bnbusdt,SHORT_SIDE,SHORT,2026-02-18T11:21:55.280+08:00,2026-02-18T03:21:55.280Z,Exit Execution,SDM:Straddle,2.6605676981265454,616.96,2c9785b9-6e27-47c2-8c5a-5812883f271e,Exit Decision,2026-02-18T11:21:53.917+08:00,2026-02-18T03:21:53.917Z,close_hedge_force_unblock,,,nearest_exit_decision_symbol
718863936685867763,cmt_btcusdt,LONG_SIDE,LONG,2026-02-18T12:55:18.431+08:00,2026-02-18T04:55:18.431Z,Exit Execution,SDM:Straddle,0.021875632976146815,67632.9,e29da356-b0b9-4a1e-8f11-9611398f9b93,Exit Decision,2026-02-18T12:55:17.699+08:00,2026-02-18T04:55:17.699Z,close_hedge,,,nearest_exit_decision_symbol
718863939512828659,cmt_btcusdt,SHORT_SIDE,SHORT,2026-02-18T12:55:19.108+08:00,2026-02-18T04:55:19.108Z,Exit Execution,SDM:Straddle,0.021875632976146815,67632.9,e29da356-b0b9-4a1e-8f11-9611398f9b93,Exit Decision,2026-02-18T12:55:17.699+08:00,2026-02-18T04:55:17.699Z,close_hedge,,,nearest_exit_decision_symbol
718866894043480819,cmt_ltcusdt,LONG_SIDE,LONG,2026-02-18T13:07:03.520+08:00,2026-02-18T05:07:03.520Z,Exit Execution,SDM:Straddle,27.6235636571573,54.13,dc041aa8-42bb-4872-9daa-e378021d524a,Exit Decision,2026-02-18T13:07:02.844+08:00,2026-02-18T05:07:02.844Z,close_hedge,,,nearest_exit_decision_symbol
718866896899801843,cmt_ltcusdt,SHORT_SIDE,SHORT,2026-02-18T13:07:04.201+08:00,2026-02-18T05:07:04.201Z,Exit Execution,SDM:Straddle,27.6235636571573,54.13,dc041aa8-42bb-4872-9daa-e378021d524a,Exit Decision,2026-02-18T13:07:02.844+08:00,2026-02-18T05:07:02.844Z,close_hedge,,,nearest_exit_decision_symbol
718881406490510067,cmt_btcusdt,LONG_SIDE,LONG,2026-02-18T14:04:43.558+08:00,2026-02-18T06:04:43.558Z,Exit Execution,SDM:Straddle,0.022278755765663946,67664.2,870fcbf2-cc26-4286-8f20-b5f3d77afaf7,Exit Decision,2026-02-18T14:04:42.874+08:00,2026-02-18T06:04:42.874Z,close_hedge,,,nearest_exit_decision_symbol
718881409384579827,cmt_btcusdt,SHORT_SIDE,SHORT,2026-02-18T14:04:44.247+08:00,2026-02-18T06:04:44.247Z,Exit Execution,SDM:Straddle,0.022278755765663946,67664.2,870fcbf2-cc26-4286-8f20-b5f3d77afaf7,Exit Decision,2026-02-18T14:04:42.874+08:00,2026-02-18T06:04:42.874Z,close_hedge,,,nearest_exit_decision_symbol
718907434583720691,cmt_btcusdt,LONG_SIDE,LONG,2026-02-18T15:48:09.138+08:00,2026-02-18T07:48:09.138Z,Exit Execution,SDM:Straddle,0.02066408158857874,67726.4,4b33a94b-f4cc-48bb-a827-3df06e258647,Exit Decision,2026-02-18T15:48:08.425+08:00,2026-02-18T07:48:08.425Z,close_hedge,,,nearest_exit_decision_symbol
718907437356155635,cmt_btcusdt,SHORT_SIDE,SHORT,2026-02-18T15:48:09.800+08:00,2026-02-18T07:48:09.800Z,Exit Execution,SDM:Straddle,0.02066408158857874,67726.4,4b33a94b-f4cc-48bb-a827-3df06e258647,Exit Decision,2026-02-18T15:48:08.425+08:00,2026-02-18T07:48:08.425Z,close_hedge,,,nearest_exit_decision_symbol
718939728874832627,cmt_dogeusdt,LONG_SIDE,LONG,2026-02-18T17:56:28.697+08:00,2026-02-18T09:56:28.697Z,Exit Execution,SDM:Straddle,14173.678580979587,0.10136,415e9a53-57b4-436d-91fc-f0edc0b27476,Exit Decision,2026-02-18T17:56:28.019+08:00,2026-02-18T09:56:28.019Z,close_hedge,,,nearest_exit_decision_symbol
718939731672433395,cmt_dogeusdt,SHORT_SIDE,SHORT,2026-02-18T17:56:29.364+08:00,2026-02-18T09:56:29.364Z,Exit Execution,SDM:Straddle,14173.678580979587,0.10136,415e9a53-57b4-436d-91fc-f0edc0b27476,Exit Decision,2026-02-18T17:56:28.019+08:00,2026-02-18T09:56:28.019Z,close_hedge,,,nearest_exit_decision_symbol
718949613519766259,cmt_dogeusdt,LONG_SIDE,LONG,2026-02-18T18:35:45.380+08:00,2026-02-18T10:35:45.380Z,Exit Execution,SDM:Straddle,14105.51543736842,0.10146,8fa16c06-a541-4763-8299-eb1b1de3e9ba,Exit Decision,2026-02-18T18:35:44.689+08:00,2026-02-18T10:35:44.689Z,close_long,,,nearest_exit_decision_symbol
719009526509994739,cmt_solusdt,OPEN_SHORT,2,2026-02-18T22:33:49.751+08:00,2026-02-18T14:33:49.751Z,Order Execution,SDM:momentum,6.8,82.6,91b1173a-735c-48ea-b7e9-6daa36a08db8,Exit Decision,2026-02-19T19:13:11.655+08:00,2026-02-19T11:13:11.655Z,,,,exact_order_id
719009526509994739,cmt_solusdt,UNKNOWN,,2026-02-19T19:13:11.655+08:00,2026-02-19T11:13:11.655Z,Exit Decision,PositionMonitor,6.8,82.6,91b1173a-735c-48ea-b7e9-6daa36a08db8,Exit Decision,2026-02-19T19:13:11.655+08:00,2026-02-19T11:13:11.655Z,,,,exact_order_id
719333649257857779,cmt_solusdt,OPEN_SHORT,2,2026-02-19T20:01:46.636+08:00,2026-02-19T12:01:46.636Z,Order Execution,SDM:momentum,7.1,81.15,b77e7f4f-78bd-44be-905b-b598debf0ca5,Exit Decision,2026-02-19T21:40:33.635+08:00,2026-02-19T13:40:33.635Z,,,,exact_order_id
719333649257857779,cmt_solusdt,UNKNOWN,,2026-02-19T21:40:33.635+08:00,2026-02-19T13:40:33.635Z,Exit Decision,PositionMonitor,13.9,81.15,b77e7f4f-78bd-44be-905b-b598debf0ca5,Exit Decision,2026-02-19T21:40:33.635+08:00,2026-02-19T13:40:33.635Z,,,,exact_order_id
719690360103633651,cmt_solusdt,OPEN_SHORT,2,2026-02-20T19:39:13.128+08:00,2026-02-20T11:39:13.128Z,Order Execution,SDM:momentum,6.9,83.65,56baf911-b9be-4ce1-a193-b68414bc8b29,Decision Making,2026-02-20T19:39:12.441+08:00,2026-02-20T11:39:12.441Z,SHORT,,SHORT,nearest_decision_symbol
720650808491770611,cmt_solusdt,OPEN_SHORT,2,2026-02-23T11:15:41.870+08:00,2026-02-23T03:15:41.870Z,Order Execution,SDM:momentum,6.9,77.9,295dd7c7-406f-4f5a-a87d-0b1260286aab,Decision Making,2026-02-23T11:15:41.194+08:00,2026-02-23T03:15:41.194Z,SHORT,,SHORT,nearest_decision_symbol
720652121468306163,cmt_solusdt,OPEN_SHORT,2,2026-02-23T11:20:54.907+08:00,2026-02-23T03:20:54.907Z,Order Execution,SDM:momentum,6.9,77.65,b7b9d1f2-bcad-47d8-885d-4c267a64e4f4,Decision Making,2026-02-23T11:20:54.231+08:00,2026-02-23T03:20:54.231Z,SHORT,,SHORT,nearest_decision_symbol
720653434121880307,cmt_solusdt,OPEN_SHORT,2,2026-02-23T11:26:07.868+08:00,2026-02-23T03:26:07.868Z,Order Execution,SDM:momentum,6.9,77.47,1d320908-2305-4b7e-a9cc-1c471e57b5a5,Decision Making,2026-02-23T11:26:07.170+08:00,2026-02-23T03:26:07.170Z,SHORT,,SHORT,nearest_decision_symbol
720693750489154291,cmt_btcusdt,OPEN_LONG,1,2026-02-23T14:06:20.038+08:00,2026-02-23T06:06:20.038Z,Order Execution,BreakoutStraddle,0.03157268325974692,,f9595b69-322e-4efd-820d-0841996624c3,Decision Making,2026-02-23T14:06:27.361+08:00,2026-02-23T06:06:27.361Z,HOLD,STRADDLE_BLOCKED,NO_TRADE,nearest_decision_symbol_bidirectional
720693753345475315,cmt_btcusdt,OPEN_SHORT,2,2026-02-23T14:06:20.721+08:00,2026-02-23T06:06:20.721Z,Order Execution,BreakoutStraddle,0.03157268325974692,,f9595b69-322e-4efd-820d-0841996624c3,Decision Making,2026-02-23T14:06:27.361+08:00,2026-02-23T06:06:27.361Z,HOLD,STRADDLE_BLOCKED,NO_TRADE,nearest_decision_symbol_bidirectional
720701883097809651,cmt_btcusdt,CLOSE_LONG,3,2026-02-23T14:38:39.003+08:00,2026-02-23T06:38:39.003Z,Order Execution,BreakoutStraddle,0.03157268325974692,,abc4ce39-9ef4-4102-b88f-eefcc16cef0b,Exit Decision,2026-02-23T14:38:38.333+08:00,2026-02-23T06:38:38.333Z,close_hedge,,,nearest_exit_decision_symbol
720701883097809651,cmt_btcusdt,LONG_SIDE,LONG,2026-02-23T14:38:39.009+08:00,2026-02-23T06:38:39.009Z,Exit Execution,SDM:Straddle,0.03157268325974692,65095.8,abc4ce39-9ef4-4102-b88f-eefcc16cef0b,Exit Decision,2026-02-23T14:38:38.333+08:00,2026-02-23T06:38:38.333Z,close_hedge,,,nearest_exit_decision_symbol
720701885958324979,cmt_btcusdt,CLOSE_SHORT,4,2026-02-23T14:38:39.684+08:00,2026-02-23T06:38:39.684Z,Order Execution,BreakoutStraddle,0.03157268325974692,,abc4ce39-9ef4-4102-b88f-eefcc16cef0b,Exit Decision,2026-02-23T14:38:38.333+08:00,2026-02-23T06:38:38.333Z,close_hedge,,,nearest_exit_decision_symbol
720701885958324979,cmt_btcusdt,SHORT_SIDE,SHORT,2026-02-23T14:38:39.690+08:00,2026-02-23T06:38:39.690Z,Exit Execution,SDM:Straddle,0.03157268325974692,65095.8,abc4ce39-9ef4-4102-b88f-eefcc16cef0b,Exit Decision,2026-02-23T14:38:38.333+08:00,2026-02-23T06:38:38.333Z,close_hedge,,,nearest_exit_decision_symbol
720706279638565619,cmt_btcusdt,OPEN_SHORT,2,2026-02-23T14:56:07.221+08:00,2026-02-23T06:56:07.221Z,Order Execution,SDM:momentum,0.001,65734.8,1be07353-0d05-49bf-88a7-a258793708d9,Decision Making,2026-02-23T14:56:06.546+08:00,2026-02-23T06:56:06.546Z,SHORT,,SHORT,nearest_decision_symbol
720706301880959731,cmt_ethusdt,OPEN_SHORT,2,2026-02-23T14:56:12.524+08:00,2026-02-23T06:56:12.524Z,Order Execution,SDM:momentum,0.21,1878.59,7d865fee-3b29-40e6-acc3-f13a8dcf6faa,Decision Making,2026-02-23T14:56:11.848+08:00,2026-02-23T06:56:11.848Z,SHORT,,SHORT,nearest_decision_symbol
720716258642756339,cmt_solusdt,OPEN_SHORT,2,2026-02-23T15:35:46.401+08:00,2026-02-23T07:35:46.401Z,Order Execution,SDM:momentum,7.2,79.13,8e9107eb-9d00-444d-868c-19919c1a227b,Decision Making,2026-02-23T15:35:45.717+08:00,2026-02-23T07:35:45.717Z,SHORT,,SHORT,nearest_decision_symbol
720717571694789363,cmt_solusdt,OPEN_SHORT,2,2026-02-23T15:40:59.457+08:00,2026-02-23T07:40:59.457Z,Order Execution,SDM:momentum,5.8,79.54,8399edbe-8644-4e5f-837a-49187f9fcf01,Exit Decision,2026-02-23T15:45:08.542+08:00,2026-02-23T07:45:08.542Z,,,,exact_order_id
720717571694789363,cmt_solusdt,UNKNOWN,,2026-02-23T15:45:08.542+08:00,2026-02-23T07:45:08.542Z,Exit Decision,PositionMonitor,54.5,80.34543119266056,8399edbe-8644-4e5f-837a-49187f9fcf01,Exit Decision,2026-02-23T15:45:08.542+08:00,2026-02-23T07:45:08.542Z,,,,exact_order_id
720720194774762227,cmt_solusdt,OPEN_SHORT,2,2026-02-23T15:51:24.848+08:00,2026-02-23T07:51:24.848Z,Order Execution,SDM:momentum,7.6,79.41,00b77610-70f6-44d0-961f-a40c2f38e49e,Decision Making,2026-02-23T15:51:24.174+08:00,2026-02-23T07:51:24.174Z,SHORT,,SHORT,nearest_decision_symbol
720721507260564211,cmt_solusdt,OPEN_SHORT,2,2026-02-23T15:56:37.767+08:00,2026-02-23T07:56:37.767Z,Order Execution,SDM:momentum,5.6,79.37,f798455d-64c1-45c4-9a3a-d3fdc32d158a,Exit Decision,2026-02-23T19:30:45.094+08:00,2026-02-23T11:30:45.094Z,,,,exact_order_id
720748449410056947,cmt_ethusdt,OPEN_SHORT,2,2026-02-23T17:43:41.277+08:00,2026-02-23T09:43:41.277Z,Order Execution,SDM:momentum,0.2,1909.34,526e1a75-7fd7-4700-a9d2-a9c6ab368315,Decision Making,2026-02-23T17:43:40.598+08:00,2026-02-23T09:43:40.598Z,SHORT,,SHORT,nearest_decision_symbol
720721507260564211,cmt_solusdt,UNKNOWN,,2026-02-23T19:30:45.094+08:00,2026-02-23T11:30:45.094Z,Exit Decision,PositionMonitor,67.7,79.3930303030303,f798455d-64c1-45c4-9a3a-d3fdc32d158a,Exit Decision,2026-02-23T19:30:45.094+08:00,2026-02-23T11:30:45.094Z,,,,exact_order_id
