order_id,order_event_log_id,order_event_ts_utc,order_event_ts_utc8,order_stage,order_model,symbol,side_code,side_label,size,entry_price,strategy,order_success,linked_decision_log_id,linked_decision_stage,linked_decision_ts_utc,linked_decision_ts_utc8,linked_decision_model,linked_action,linked_reason,linked_selected_over_raw,linked_selected_over_corrected,match_type,time_delta_ms,order_event_status,order_event_attempts,source_table
709951351949361395,ee9a1646-d68c-4b55-9f3f-28cfa1cee882,2026-01-24T14:39:52.628Z,2026-01-24T22:39:52.628+08:00,Execution,SDM:momentum,cmt_ltcusdt,1,OPEN_LONG,0.5,68.74,,True,f8ac7999-1fce-4df4-9669-a1cda9c7eb97,Decision Making,2026-01-24T14:39:51.522Z,2026-01-24T22:39:51.522+08:00,SDM:momentum,LONG,,,,nearest_decision_symbol,1106,done,1,ai_logs
710099572831027443,d334eb8c-f323-4002-9fc4-1f31f8e33c99,2026-01-25T00:28:51.247Z,2026-01-25T08:28:51.247+08:00,Execution,SDM:momentum,cmt_solusdt,2,OPEN_SHORT,0.2,126.98,,True,f1a056be-1e43-46ec-9cf4-dc08f74b49c6,Decision Making,2026-01-25T00:28:50.081Z,2026-01-25T08:28:50.081+08:00,SDM:momentum,SHORT,,,,nearest_decision_symbol,1166,done,1,ai_logs
712689577822781683,daf1d62e-933b-4a08-8625-d7e0f092277e,2026-02-01T04:00:36.555Z,2026-02-01T12:00:36.555+08:00,Execution,SDM:momentum,cmt_solusdt,2,OPEN_SHORT,0.1,104.85,,True,e09e23a0-2c7e-447a-8c78-890a9dbe5f6f,Decision Making,2026-02-01T04:00:35.413Z,2026-02-01T12:00:35.413+08:00,SDM:momentum,SHORT,,,,nearest_decision_symbol,1142,done,1,ai_logs
713032482416492787,709fd9fc-88de-4dd3-96fa-0b695c120f62,2026-02-02T02:43:11.379Z,2026-02-02T10:43:11.379+08:00,Execution,SDM:momentum,cmt_xrpusdt,2,OPEN_SHORT,10.0,1.5949,,True,c556ca1b-8b70-4bae-9e39-3fb935e915b5,Decision Making,2026-02-02T02:43:10.807Z,2026-02-02T10:43:10.807+08:00,AlphaGenesis-SDM-v1,SHORT,,,,nearest_decision_symbol,572,done,1,ai_logs
713032496761012467,ecf69dc3-b775-4a2b-89f4-7fcd75be0bcb,2026-02-02T02:43:14.799Z,2026-02-02T10:43:14.799+08:00,Execution,SDM:momentum,cmt_adausdt,2,OPEN_SHORT,40.0,0.2889,,True,e299421b-e0c7-41a7-b227-a82a9ab6bb18,Decision Making,2026-02-02T02:43:14.234Z,2026-02-02T10:43:14.234+08:00,AlphaGenesis-SDM-v1,SHORT,,,,nearest_decision_symbol,565,done,1,ai_logs
713032510975508723,861dc3f1-c625-4d5f-8c97-43327f51803f,2026-02-02T02:43:18.188Z,2026-02-02T10:43:18.188+08:00,Execution,SDM:momentum,cmt_bnbusdt,2,OPEN_SHORT,0.1,762.97,,True,e2406a91-9b81-43c0-86db-d958936f93cf,Decision Making,2026-02-02T02:43:17.599Z,2026-02-02T10:43:17.599+08:00,AlphaGenesis-SDM-v1,SHORT,,,,nearest_decision_symbol,589,done,1,ai_logs
713032525169033459,61a03d0e-bd80-4e0e-9cbe-6609791dec62,2026-02-02T02:43:21.572Z,2026-02-02T10:43:21.572+08:00,Execution,SDM:momentum,cmt_ltcusdt,2,OPEN_SHORT,0.2,59.1,,True,de2b45ba-c21d-4826-9104-b79e12608168,Decision Making,2026-02-02T02:43:21.019Z,2026-02-02T10:43:21.019+08:00,AlphaGenesis-SDM-v1,SHORT,,,,nearest_decision_symbol,553,done,1,ai_logs
713032539492581619,07de4de4-19b8-4994-8a28-ea769a7a40fe,2026-02-02T02:43:24.987Z,2026-02-02T10:43:24.987+08:00,Execution,SDM:momentum,cmt_btcusdt,2,OPEN_SHORT,0.001,77009.0,,True,af2162cf-eb8a-4ffc-931e-6336e3e4e709,Decision Making,2026-02-02T02:43:24.421Z,2026-02-02T10:43:24.421+08:00,AlphaGenesis-SDM-v1,SHORT,,,,nearest_decision_symbol,566,done,1,ai_logs
713032553749020915,a747110f-0474-4197-816b-74794d01393d,2026-02-02T02:43:28.386Z,2026-02-02T10:43:28.386+08:00,Execution,SDM:momentum,cmt_ethusdt,2,OPEN_SHORT,0.01,2277.41,,True,aff424cb-69fe-4374-a946-2df57c709f94,Decision Making,2026-02-02T02:43:27.813Z,2026-02-02T10:43:27.813+08:00,AlphaGenesis-SDM-v1,SHORT,,,,nearest_decision_symbol,573,done,1,ai_logs
713032568525553907,1ff63f7a-2bf6-450a-93fa-d665ebb33b03,2026-02-02T02:43:31.913Z,2026-02-02T10:43:31.913+08:00,Execution,SDM:momentum,cmt_dogeusdt,2,OPEN_SHORT,100.0,0.10412,,True,cec39060-c383-4bad-91eb-8d7ba21dda3a,Decision Making,2026-02-02T02:43:31.310Z,2026-02-02T10:43:31.310+08:00,AlphaGenesis-SDM-v1,SHORT,,,,nearest_decision_symbol,603,done,1,ai_logs
715027400227816179,13cfc99a-3387-4022-b48a-4461a82a1065,2026-02-07T14:50:16.846Z,2026-02-07T22:50:16.846+08:00,Execution,SDM:momentum,cmt_solusdt,2,OPEN_SHORT,0.3,85.68,,True,a5cacbcc-a488-4f0d-ac71-03a503624b91,Decision Making,2026-02-07T14:50:16.265Z,2026-02-07T22:50:16.265+08:00,AlphaGenesis-SDM-v1,SHORT,,,,nearest_decision_symbol,581,done,1,ai_logs
715027414538781427,af26c934-6f3a-4a0a-9987-96a4f5fad90a,2026-02-07T14:50:20.258Z,2026-02-07T22:50:20.258+08:00,Execution,SDM:momentum,cmt_dogeusdt,2,OPEN_SHORT,300.0,0.0956,,True,87fb93d3-0e66-476f-b92a-61562d7a5cab,Decision Making,2026-02-07T14:50:19.688Z,2026-02-07T22:50:19.688+08:00,AlphaGenesis-SDM-v1,SHORT,,,,nearest_decision_symbol,570,done,1,ai_logs
715027428916855539,5c1877de-d891-4d7b-8438-2c89669f525b,2026-02-07T14:50:23.687Z,2026-02-07T22:50:23.687+08:00,Execution,SDM:momentum,cmt_xrpusdt,2,OPEN_SHORT,20.0,1.3963,,True,4f1fef92-d5d1-47ea-9a8b-0e692e53cc98,Decision Making,2026-02-07T14:50:23.104Z,2026-02-07T22:50:23.104+08:00,AlphaGenesis-SDM-v1,SHORT,,,,nearest_decision_symbol,583,done,1,ai_logs
715027443215237875,a8420758-0271-40c0-b46f-421bbd036bf8,2026-02-07T14:50:27.093Z,2026-02-07T22:50:27.093+08:00,Execution,SDM:momentum,cmt_adausdt,2,OPEN_SHORT,110.0,0.269,,True,52ca4fe9-cfaf-467d-a4d1-62cd195baf1c,Decision Making,2026-02-07T14:50:26.517Z,2026-02-07T22:50:26.517+08:00,AlphaGenesis-SDM-v1,SHORT,,,,nearest_decision_symbol,576,done,1,ai_logs
715027457891107571,86c6c082-f038-4ef1-801b-530b27cbf6e7,2026-02-07T14:50:30.607Z,2026-02-07T22:50:30.607+08:00,Execution,SDM:momentum,cmt_bnbusdt,2,OPEN_SHORT,0.1,635.82,,True,957780c3-2924-4d8e-b48d-e458720aad77,Decision Making,2026-02-07T14:50:30.011Z,2026-02-07T22:50:30.011+08:00,AlphaGenesis-SDM-v1,SHORT,,,,nearest_decision_symbol,596,done,1,ai_logs
715027472638280435,f5af3315-216d-4081-bc15-776c878daf76,2026-02-07T14:50:34.111Z,2026-02-07T22:50:34.111+08:00,Execution,SDM:momentum,cmt_ltcusdt,2,OPEN_SHORT,0.5,53.72,,True,6caeafa0-4e73-4a6e-8602-95138ef89b77,Decision Making,2026-02-07T14:50:33.507Z,2026-02-07T22:50:33.507+08:00,AlphaGenesis-SDM-v1,SHORT,,,,nearest_decision_symbol,604,done,1,ai_logs
715027487242846963,b1d10077-aad8-4bf3-8f22-7bf395c47da8,2026-02-07T14:50:37.591Z,2026-02-07T22:50:37.591+08:00,Execution,SDM:momentum,cmt_btcusdt,2,OPEN_SHORT,0.001,68585.3,,True,64b7d1ec-5431-4b2e-8dc8-a875955cac31,Decision Making,2026-02-07T14:50:37.013Z,2026-02-07T22:50:37.013+08:00,AlphaGenesis-SDM-v1,SHORT,,,,nearest_decision_symbol,578,done,1,ai_logs
715027501583172339,175ed3ec-20f0-430f-8a6b-d3531ec2b26e,2026-02-07T14:50:41.011Z,2026-02-07T22:50:41.011+08:00,Execution,SDM:momentum,cmt_ethusdt,2,OPEN_SHORT,0.01,2018.55,,True,a2d0b979-5ef9-45e7-8058-5adf89c6d2f5,Decision Making,2026-02-07T14:50:40.443Z,2026-02-07T22:50:40.443+08:00,AlphaGenesis-SDM-v1,SHORT,,,,nearest_decision_symbol,568,done,1,ai_logs
715028873380627187,f2d7e3c9-052e-4c0e-9906-dcf17bacca53,2026-02-07T14:56:08.063Z,2026-02-07T22:56:08.063+08:00,Execution,SDM:momentum,cmt_btcusdt,2,OPEN_SHORT,0.001,68532.6,,True,dae10415-7832-40e4-be52-51c63ed369d0,Decision Making,2026-02-07T14:56:07.479Z,2026-02-07T22:56:07.479+08:00,AlphaGenesis-SDM-v1,SHORT,,,,nearest_decision_symbol,584,done,1,ai_logs
715170389268890355,2a3797a4-0327-47a3-a91a-1ac2c1182b9d,2026-02-08T00:18:28.093Z,2026-02-08T08:18:28.093+08:00,Order Execution,SDM:momentum,cmt_solusdt,2,OPEN_SHORT,0.3,87.23,,True,8e39f12d-4338-4aeb-862b-1bd5f8e56e65,Decision Making,2026-02-08T00:18:27.509Z,2026-02-08T08:18:27.509+08:00,AlphaGenesis-SDM-v1,SHORT,,,,nearest_decision_symbol,584,done,1,ai_logs
715170404531962611,b5c6d3ff-e898-4ac2-a66b-3d8884c5c9a7,2026-02-08T00:18:31.735Z,2026-02-08T08:18:31.735+08:00,Order Execution,SDM:momentum,cmt_dogeusdt,2,OPEN_SHORT,300.0,0.09785,,True,c491d31b-bfc5-4c36-ae2c-566035e46bfb,Decision Making,2026-02-08T00:18:31.097Z,2026-02-08T08:18:31.097+08:00,AlphaGenesis-SDM-v1,SHORT,,,,nearest_decision_symbol,638,done,1,ai_logs
715170419954418419,92915239-2542-4604-9a17-00d90803dc1f,2026-02-08T00:18:35.412Z,2026-02-08T08:18:35.412+08:00,Order Execution,SDM:momentum,cmt_xrpusdt,2,OPEN_SHORT,20.0,1.4195,,True,21d3974a-0caa-4da3-9174-eac583655a17,Decision Making,2026-02-08T00:18:34.829Z,2026-02-08T08:18:34.829+08:00,AlphaGenesis-SDM-v1,SHORT,,,,nearest_decision_symbol,583,done,1,ai_logs
715170435049718515,2fe79a9f-ef7d-4ff6-a6c4-60161a6f641f,2026-02-08T00:18:39.022Z,2026-02-08T08:18:39.022+08:00,Order Execution,SDM:momentum,cmt_adausdt,2,OPEN_SHORT,110.0,0.2716,,True,4b25a9f2-b1fd-4288-b980-1cd0b0bba144,Decision Making,2026-02-08T00:18:38.392Z,2026-02-08T08:18:38.392+08:00,AlphaGenesis-SDM-v1,SHORT,,,,nearest_decision_symbol,630,done,1,ai_logs
715170450958713587,2feed322-823d-4eff-9cfe-81ada4cf8113,2026-02-08T00:18:42.812Z,2026-02-08T08:18:42.812+08:00,Order Execution,SDM:momentum,cmt_bnbusdt,2,OPEN_SHORT,0.1,647.32,,True,720c1168-2044-4a47-966b-3500d103af77,Decision Making,2026-02-08T00:18:42.129Z,2026-02-08T08:18:42.129+08:00,AlphaGenesis-SDM-v1,SHORT,,,,nearest_decision_symbol,683,done,1,ai_logs
715170466037236467,5090d9d3-36fd-4a7b-a5a0-d255110bc422,2026-02-08T00:18:46.398Z,2026-02-08T08:18:46.398+08:00,Order Execution,SDM:momentum,cmt_ltcusdt,2,OPEN_SHORT,0.5,55.02,,True,dc2b872f-7dbc-42e7-9c79-8ca35bd41be6,Exit Decision,2026-02-08T00:18:47.841Z,2026-02-08T08:18:47.841+08:00,PositionMonitor,,,,,exact_order_id,-1443,done,1,ai_logs
715170466037236467,dc2b872f-7dbc-42e7-9c79-8ca35bd41be6,2026-02-08T00:18:47.841Z,2026-02-08T08:18:47.841+08:00,Exit Decision,PositionMonitor,cmt_ltcusdt,,UNKNOWN,0.5,55.02,,,dc2b872f-7dbc-42e7-9c79-8ca35bd41be6,Exit Decision,2026-02-08T00:18:47.841Z,2026-02-08T08:18:47.841+08:00,PositionMonitor,,,,,exact_order_id,0,done,1,ai_logs
715170482030117619,9be23c37-38b5-402d-9135-8c580128f18f,2026-02-08T00:18:50.209Z,2026-02-08T08:18:50.209+08:00,Order Execution,SDM:momentum,cmt_btcusdt,2,OPEN_SHORT,0.001,69206.8,,True,b63d8b05-55b4-4b2e-ae21-e6b4203a896b,Decision Making,2026-02-08T00:18:49.587Z,2026-02-08T08:18:49.587+08:00,AlphaGenesis-SDM-v1,SHORT,,,,nearest_decision_symbol,622,done,1,ai_logs
715170497272218355,904294e5-a342-489f-995d-d85c40468a49,2026-02-08T00:18:53.854Z,2026-02-08T08:18:53.854+08:00,Order Execution,SDM:momentum,cmt_ethusdt,2,OPEN_SHORT,0.01,2084.81,,True,43b5d7a7-bd12-418c-9bf0-22ab6a470850,Decision Making,2026-02-08T00:18:53.237Z,2026-02-08T08:18:53.237+08:00,AlphaGenesis-SDM-v1,SHORT,,,,nearest_decision_symbol,617,done,1,ai_logs
715171894172582643,395a71f1-86dc-4a0b-a717-5b8303b9c4f2,2026-02-08T00:24:26.895Z,2026-02-08T08:24:26.895+08:00,Order Execution,SDM:momentum,cmt_ltcusdt,2,OPEN_SHORT,0.5,54.94,,True,08e8020b-19f8-459e-bbd7-f7fa2b8fbdef,Decision Making,2026-02-08T00:24:26.292Z,2026-02-08T08:24:26.292+08:00,AlphaGenesis-SDM-v1,SHORT,,,,nearest_decision_symbol,603,done,1,ai_logs
715272238252688115,41de62c3-83b8-4dc6-afea-3b6070823919,2026-02-08T07:03:10.796Z,2026-02-08T15:03:10.796+08:00,Order Execution,SDM:momentum,cmt_solusdt,2,OPEN_SHORT,0.3,87.17,,True,1ea1f520-672a-45b9-9584-67e6566c0abf,Decision Making,2026-02-08T07:03:10.164Z,2026-02-08T15:03:10.164+08:00,AlphaGenesis-SDM-v1,SHORT,,,,nearest_decision_symbol,632,done,1,ai_logs
715272253784195827,94d14b4a-557b-45ff-a2e6-29739a62719c,2026-02-08T07:03:14.500Z,2026-02-08T15:03:14.500+08:00,Order Execution,SDM:momentum,cmt_dogeusdt,2,OPEN_SHORT,300.0,0.0969,,True,2cfd42e6-eeac-4046-a367-70dce5e73fe9,Decision Making,2026-02-08T07:03:13.848Z,2026-02-08T15:03:13.848+08:00,AlphaGenesis-SDM-v1,SHORT,,,,nearest_decision_symbol,652,done,1,ai_logs
715272269177291507,ca8cfb2a-800f-4105-8294-5aef6950d9a3,2026-02-08T07:03:18.157Z,2026-02-08T15:03:18.157+08:00,Order Execution,SDM:momentum,cmt_xrpusdt,2,OPEN_SHORT,20.0,1.4181,,True,e2cc0aac-ace9-4ef6-ab2f-971b50ca27c9,Decision Making,2026-02-08T07:03:17.525Z,2026-02-08T15:03:17.525+08:00,AlphaGenesis-SDM-v1,SHORT,,,,nearest_decision_symbol,632,done,1,ai_logs
715272284327117555,f7173417-6aca-4a71-8b68-844584fef5f7,2026-02-08T07:03:21.780Z,2026-02-08T15:03:21.780+08:00,Order Execution,SDM:momentum,cmt_adausdt,2,OPEN_SHORT,110.0,0.2704,,True,41c9af2c-f5b3-43b8-9dd2-8383ba399245,Decision Making,2026-02-08T07:03:21.157Z,2026-02-08T15:03:21.157+08:00,AlphaGenesis-SDM-v1,SHORT,,,,nearest_decision_symbol,623,done,1,ai_logs
715272299976065779,c1d32c95-85e3-4914-b754-7bd61df6ad2f,2026-02-08T07:03:25.502Z,2026-02-08T15:03:25.502+08:00,Order Execution,SDM:momentum,cmt_bnbusdt,2,OPEN_SHORT,0.1,640.84,,True,82445ac0-262e-477a-8aa6-deeb25d99df9,Decision Making,2026-02-08T07:03:24.897Z,2026-02-08T15:03:24.897+08:00,AlphaGenesis-SDM-v1,SHORT,,,,nearest_decision_symbol,605,done,1,ai_logs
715272315910226675,08eb0f0c-9764-4caf-881b-1d60ee0d5605,2026-02-08T07:03:29.303Z,2026-02-08T15:03:29.303+08:00,Order Execution,SDM:momentum,cmt_ltcusdt,2,OPEN_SHORT,0.5,55.04,,True,2bfc2b1c-44bd-4ca0-8f12-072d8b03c3b8,Exit Decision,2026-02-08T07:03:30.151Z,2026-02-08T15:03:30.151+08:00,PositionMonitor,,,,,exact_order_id,-848,done,1,ai_logs
715272315910226675,2bfc2b1c-44bd-4ca0-8f12-072d8b03c3b8,2026-02-08T07:03:30.151Z,2026-02-08T15:03:30.151+08:00,Exit Decision,PositionMonitor,cmt_ltcusdt,,UNKNOWN,0.5,55.04,,,2bfc2b1c-44bd-4ca0-8f12-072d8b03c3b8,Exit Decision,2026-02-08T07:03:30.151Z,2026-02-08T15:03:30.151+08:00,PositionMonitor,,,,,exact_order_id,0,done,1,ai_logs
715272331882136307,19732c27-8b82-4e5a-99ce-a49a2ee2e935,2026-02-08T07:03:33.117Z,2026-02-08T15:03:33.117+08:00,Order Execution,SDM:momentum,cmt_btcusdt,2,OPEN_SHORT,0.001,69319.9,,True,582b586c-ed4e-48a7-bf1d-16d0f199db4d,Decision Making,2026-02-08T07:03:32.477Z,2026-02-08T15:03:32.477+08:00,AlphaGenesis-SDM-v1,SHORT,,,,nearest_decision_symbol,640,done,1,ai_logs
715272347971486451,a41651f2-d65d-4810-8d76-c6eddb3ba52a,2026-02-08T07:03:36.946Z,2026-02-08T15:03:36.946+08:00,Order Execution,SDM:momentum,cmt_ethusdt,2,OPEN_SHORT,0.01,2080.13,,True,7daa0ecb-863b-4007-aae0-94fd1fd8b461,Decision Making,2026-02-08T07:03:36.309Z,2026-02-08T15:03:36.309+08:00,AlphaGenesis-SDM-v1,SHORT,,,,nearest_decision_symbol,637,done,1,ai_logs
715273745278698227,4034d959-98e1-4bd8-a308-8a0e85660cdb,2026-02-08T07:09:10.092Z,2026-02-08T15:09:10.092+08:00,Order Execution,SDM:momentum,cmt_ltcusdt,2,OPEN_SHORT,0.5,54.91,,True,98fbf97c-ef48-4b24-a401-05651d945889,Decision Making,2026-02-08T07:09:09.467Z,2026-02-08T15:09:09.467+08:00,AlphaGenesis-SDM-v1,SHORT,,,,nearest_decision_symbol,625,done,1,ai_logs
715347959645995763,563a70bf-1673-4cb0-8309-95ae5d79193c,2026-02-08T12:04:04.168Z,2026-02-08T20:04:04.168+08:00,Order Execution,SDM:momentum,cmt_solusdt,2,OPEN_SHORT,0.3,88.03,,True,db4f2bcc-20d2-4e28-aa0e-b435f0053a6a,Decision Making,2026-02-08T12:04:03.592Z,2026-02-08T20:04:03.592+08:00,AlphaGenesis-SDM-v1,SHORT,,,,nearest_decision_symbol,576,done,1,ai_logs
715347975378830067,e9872dd3-42cf-48dd-b131-b4898d9cbc72,2026-02-08T12:04:07.926Z,2026-02-08T20:04:07.926+08:00,Order Execution,SDM:momentum,cmt_dogeusdt,2,OPEN_SHORT,300.0,0.09805,,True,dff9b466-43d3-443b-bc1c-3454c8a10f93,Decision Making,2026-02-08T12:04:07.318Z,2026-02-08T20:04:07.318+08:00,AlphaGenesis-SDM-v1,SHORT,,,,nearest_decision_symbol,608,done,1,ai_logs
715347990289580787,c4a9214b-db55-4538-ac15-8a15390525b8,2026-02-08T12:04:11.481Z,2026-02-08T20:04:11.481+08:00,Order Execution,SDM:momentum,cmt_xrpusdt,2,OPEN_SHORT,20.0,1.4496,,True,d16f7356-420c-451b-aa52-bae75ae9f404,Decision Making,2026-02-08T12:04:10.882Z,2026-02-08T20:04:10.882+08:00,AlphaGenesis-SDM-v1,SHORT,,,,nearest_decision_symbol,599,done,1,ai_logs
715348005913363187,10525e71-5015-4289-bfb5-6a1c566ffad2,2026-02-08T12:04:15.213Z,2026-02-08T20:04:15.213+08:00,Order Execution,SDM:momentum,cmt_adausdt,2,OPEN_SHORT,110.0,0.2737,,True,dcf670db-1781-4071-b78f-2527bf92f5ed,Decision Making,2026-02-08T12:04:14.581Z,2026-02-08T20:04:14.581+08:00,AlphaGenesis-SDM-v1,SHORT,,,,nearest_decision_symbol,632,done,1,ai_logs
715348021222572787,671b3725-11a8-48f5-b55d-ffe6e52a767b,2026-02-08T12:04:18.856Z,2026-02-08T20:04:18.856+08:00,Order Execution,SDM:momentum,cmt_bnbusdt,2,OPEN_SHORT,0.1,644.4,,True,01a6c273-a8a8-4d14-937e-377cd8f987b6,Decision Making,2026-02-08T12:04:18.253Z,2026-02-08T20:04:18.253+08:00,AlphaGenesis-SDM-v1,SHORT,,,,nearest_decision_symbol,603,done,1,ai_logs
715348036561142515,8df7958b-9e55-41eb-83ee-5a2ffd250aaa,2026-02-08T12:04:22.510Z,2026-02-08T20:04:22.510+08:00,Order Execution,SDM:momentum,cmt_ltcusdt,2,OPEN_SHORT,0.5,55.33,,True,b105db72-c5af-46e9-8dbf-da8d97eb5dea,Exit Decision,2026-02-08T12:04:24.060Z,2026-02-08T20:04:24.060+08:00,PositionMonitor,,,,,exact_order_id,-1550,done,1,ai_logs
715348036561142515,b105db72-c5af-46e9-8dbf-da8d97eb5dea,2026-02-08T12:04:24.060Z,2026-02-08T20:04:24.060+08:00,Exit Decision,PositionMonitor,cmt_ltcusdt,,UNKNOWN,0.5,55.33,,,b105db72-c5af-46e9-8dbf-da8d97eb5dea,Exit Decision,2026-02-08T12:04:24.060Z,2026-02-08T20:04:24.060+08:00,PositionMonitor,,,,,exact_order_id,0,done,1,ai_logs
715350872187470579,074170fb-e6c3-482f-a92e-80c516dcb3e7,2026-02-08T12:15:38.580Z,2026-02-08T20:15:38.580+08:00,Order Execution,SDM:momentum,cmt_ltcusdt,2,OPEN_SHORT,0.5,55.24,,True,1ed36bc2-432a-4443-84c3-6ac867799351,Decision Making,2026-02-08T12:15:37.970Z,2026-02-08T20:15:37.970+08:00,AlphaGenesis-SDM-v1,SHORT,,,,nearest_decision_symbol,610,done,1,ai_logs
715375924081591027,df69b529-1e21-4a39-ab84-f9b09c14f267,2026-02-08T13:55:11.422Z,2026-02-08T21:55:11.422+08:00,Order Execution,SDM:momentum,cmt_solusdt,2,OPEN_SHORT,0.3,88.36,,True,faf1810d-252a-4ea8-8e97-f796b6aa06cd,Decision Making,2026-02-08T13:55:10.793Z,2026-02-08T21:55:10.793+08:00,AlphaGenesis-SDM-v1,SHORT,,,,nearest_decision_symbol,629,done,1,ai_logs
715375942314230515,cd4a78a7-04c9-445d-bf5c-5b6d1cfb8af8,2026-02-08T13:55:15.761Z,2026-02-08T21:55:15.761+08:00,Order Execution,SDM:momentum,cmt_dogeusdt,2,OPEN_SHORT,300.0,0.09818,,True,d79fbd7b-9603-42aa-9977-1fb3128ec537,Decision Making,2026-02-08T13:55:15.171Z,2026-02-08T21:55:15.171+08:00,AlphaGenesis-SDM-v1,SHORT,,,,nearest_decision_symbol,590,done,1,ai_logs
715375960483955443,aedcf610-228e-44dc-98c8-144d428361f8,2026-02-08T13:55:20.092Z,2026-02-08T21:55:20.092+08:00,Order Execution,SDM:momentum,cmt_xrpusdt,2,OPEN_SHORT,20.0,1.4595,,True,9bfd9cf5-4e3d-46a1-8358-0940e984c358,Decision Making,2026-02-08T13:55:19.487Z,2026-02-08T21:55:19.487+08:00,AlphaGenesis-SDM-v1,SHORT,,,,nearest_decision_symbol,605,done,1,ai_logs
715375978808869619,08b01bcd-2ee0-444c-882a-62b63eabcb81,2026-02-08T13:55:24.460Z,2026-02-08T21:55:24.460+08:00,Order Execution,SDM:momentum,cmt_adausdt,2,OPEN_SHORT,110.0,0.2736,,True,6fe99d54-664b-4df9-a704-4d89c22ae9e1,Decision Making,2026-02-08T13:55:23.832Z,2026-02-08T21:55:23.832+08:00,AlphaGenesis-SDM-v1,SHORT,,,,nearest_decision_symbol,628,done,1,ai_logs
715375997238641395,b361a3f8-b94c-4167-beab-1011f9ec96ae,2026-02-08T13:55:28.865Z,2026-02-08T21:55:28.865+08:00,Order Execution,SDM:momentum,cmt_bnbusdt,2,OPEN_SHORT,0.1,644.02,,True,8ab47e15-e783-419e-9bd2-29d0a119a50b,Decision Making,2026-02-08T13:55:28.221Z,2026-02-08T21:55:28.221+08:00,AlphaGenesis-SDM-v1,SHORT,,,,nearest_decision_symbol,644,done,1,ai_logs
715376015446115059,610b192e-3313-4c0b-9588-2b00c4a2d78d,2026-02-08T13:55:33.205Z,2026-02-08T21:55:33.205+08:00,Order Execution,SDM:momentum,cmt_ltcusdt,2,OPEN_SHORT,0.5,55.16,,True,36d35a3b-d6b7-457a-af05-92cdfbd62bc8,Exit Decision,2026-02-08T13:55:37.024Z,2026-02-08T21:55:37.024+08:00,PositionMonitor,,,,,exact_order_id,-3819,done,1,ai_logs
715376015446115059,36d35a3b-d6b7-457a-af05-92cdfbd62bc8,2026-02-08T13:55:37.024Z,2026-02-08T21:55:37.024+08:00,Exit Decision,PositionMonitor,cmt_ltcusdt,,UNKNOWN,0.5,55.16,,,36d35a3b-d6b7-457a-af05-92cdfbd62bc8,Exit Decision,2026-02-08T13:55:37.024Z,2026-02-08T21:55:37.024+08:00,PositionMonitor,,,,,exact_order_id,0,done,1,ai_logs
715377510069568243,5f558beb-4242-4998-8033-f3be79394377,2026-02-08T14:01:29.543Z,2026-02-08T22:01:29.543+08:00,Order Execution,SDM:momentum,cmt_btcusdt,2,OPEN_SHORT,0.001,71397.6,,True,1b404f36-3beb-4606-9008-d514326ad1a2,Decision Making,2026-02-08T14:01:28.954Z,2026-02-08T22:01:28.954+08:00,AlphaGenesis-SDM-v1,SHORT,,,,nearest_decision_symbol,589,done,1,ai_logs
715378947751150323,90b9edae-723d-4470-8021-33b2ebd16420,2026-02-08T14:07:12.323Z,2026-02-08T22:07:12.323+08:00,Order Execution,SDM:momentum,cmt_ltcusdt,2,OPEN_SHORT,0.5,55.29,,True,711dddfd-ab53-49e1-875f-041c1893a100,Exit Decision,2026-02-08T14:07:13.704Z,2026-02-08T22:07:13.704+08:00,PositionMonitor,,,,,exact_order_id,-1381,done,1,ai_logs
715378947751150323,711dddfd-ab53-49e1-875f-041c1893a100,2026-02-08T14:07:13.704Z,2026-02-08T22:07:13.704+08:00,Exit Decision,PositionMonitor,cmt_ltcusdt,,UNKNOWN,0.5,55.29,,,711dddfd-ab53-49e1-875f-041c1893a100,Exit Decision,2026-02-08T14:07:13.704Z,2026-02-08T22:07:13.704+08:00,PositionMonitor,,,,,exact_order_id,0,done,1,ai_logs
715380320941114099,de5ceb37-b715-40b0-b324-e086b7bdd53f,2026-02-08T14:12:39.706Z,2026-02-08T22:12:39.706+08:00,Order Execution,SDM:momentum,cmt_ltcusdt,2,OPEN_SHORT,0.5,55.33,,True,675b219e-e915-4709-a3f5-8c79daf7562b,Decision Making,2026-02-08T14:12:39.115Z,2026-02-08T22:12:39.115+08:00,AlphaGenesis-SDM-v1,SHORT,,,,nearest_decision_symbol,591,done,1,ai_logs
715399055668151027,f4618c1f-2672-4e2c-8e9c-86768c484266,2026-02-08T15:27:06.422Z,2026-02-08T23:27:06.422+08:00,Order Execution,SDM:momentum,cmt_ethusdt,2,OPEN_SHORT,0.01,2102.29,,True,c8b5345f-28bb-4f0d-a229-770a8a0b260a,Decision Making,2026-02-08T15:27:05.788Z,2026-02-08T23:27:05.788+08:00,AlphaGenesis-SDM-v1,SHORT,,,,nearest_decision_symbol,634,done,1,ai_logs
715433173080605427,86da19bd-9e89-4a00-b909-a8d6b4065a34,2026-02-08T17:42:40.649Z,2026-02-09T01:42:40.649+08:00,Order Execution,SDM:momentum,cmt_solusdt,2,OPEN_SHORT,0.3,86.86,,True,25e62313-a25e-4405-bb41-82ea5deba2c2,Decision Making,2026-02-08T17:42:39.973Z,2026-02-09T01:42:39.973+08:00,AlphaGenesis-SDM-v1,SHORT,,,,nearest_decision_symbol,676,done,1,ai_logs
715433189073486579,046d72d8-f0b5-4843-8e2f-7f4ac1a1a584,2026-02-08T17:42:44.453Z,2026-02-09T01:42:44.453+08:00,Order Execution,SDM:momentum,cmt_dogeusdt,2,OPEN_SHORT,300.0,0.09631,,True,a845b466-8ed9-44af-8924-29cc2cd8875e,Decision Making,2026-02-08T17:42:43.806Z,2026-02-09T01:42:43.806+08:00,AlphaGenesis-SDM-v1,SHORT,,,,nearest_decision_symbol,647,done,1,ai_logs
715433214381916915,42ebca13-10bd-4708-be8c-18b41cae9a01,2026-02-08T17:42:50.484Z,2026-02-09T01:42:50.484+08:00,Order Execution,SDM:momentum,cmt_adausdt,2,OPEN_SHORT,110.0,0.2704,,True,4310ab12-f189-4c0e-873e-f8a7ef4c6a4d,Decision Making,2026-02-08T17:42:49.898Z,2026-02-09T01:42:49.898+08:00,AlphaGenesis-SDM-v1,SHORT,,,,nearest_decision_symbol,586,done,1,ai_logs
715433229942784755,75c78ada-b682-4bfd-bb0c-32499452366a,2026-02-08T17:42:54.198Z,2026-02-09T01:42:54.198+08:00,Order Execution,SDM:momentum,cmt_bnbusdt,2,OPEN_SHORT,0.1,638.69,,True,416e4c78-2ed1-4b44-9fec-24d1674c5d3f,Decision Making,2026-02-08T17:42:53.586Z,2026-02-09T01:42:53.586+08:00,AlphaGenesis-SDM-v1,SHORT,,,,nearest_decision_symbol,612,done,1,ai_logs
715433245717562099,12eb2e96-f751-449b-83f4-9eed07705f8f,2026-02-08T17:42:57.966Z,2026-02-09T01:42:57.966+08:00,Order Execution,SDM:momentum,cmt_ltcusdt,2,OPEN_SHORT,0.5,54.28,,True,abad82b0-386e-436b-8036-35abf91d697b,Exit Decision,2026-02-08T17:42:59.095Z,2026-02-09T01:42:59.095+08:00,PositionMonitor,,,,,exact_order_id,-1129,done,1,ai_logs
715433245717562099,abad82b0-386e-436b-8036-35abf91d697b,2026-02-08T17:42:59.095Z,2026-02-09T01:42:59.095+08:00,Exit Decision,PositionMonitor,cmt_ltcusdt,,UNKNOWN,0.5,54.28,,,abad82b0-386e-436b-8036-35abf91d697b,Exit Decision,2026-02-08T17:42:59.095Z,2026-02-09T01:42:59.095+08:00,PositionMonitor,,,,,exact_order_id,0,done,1,ai_logs
715434692601447155,346a10ab-6832-4583-9419-e856cda593e3,2026-02-08T17:48:42.920Z,2026-02-09T01:48:42.920+08:00,Order Execution,SDM:momentum,cmt_ltcusdt,2,OPEN_SHORT,0.5,54.31,,True,b0af4f95-603b-43b3-9c84-4721ad6e93f3,Decision Making,2026-02-08T17:48:42.288Z,2026-02-09T01:48:42.288+08:00,AlphaGenesis-SDM-v1,SHORT,,,,nearest_decision_symbol,632,done,1,ai_logs
715461678073905907,ae945fd6-0b3f-44b1-a1cb-932f420d0d62,2026-02-08T19:35:56.767Z,2026-02-09T03:35:56.767+08:00,Order Execution,SDM:momentum,cmt_solusdt,2,OPEN_SHORT,0.3,88.02,,True,2fcf9290-a06a-484c-92f9-f19b7ea5472e,Decision Making,2026-02-08T19:35:56.087Z,2026-02-09T03:35:56.087+08:00,AlphaGenesis-SDM-v1,SHORT,,,,nearest_decision_symbol,680,done,1,ai_logs
715461695849366259,f024cc89-ccd3-40e8-a204-7b19edf794e3,2026-02-08T19:36:00.997Z,2026-02-09T03:36:00.997+08:00,Order Execution,SDM:momentum,cmt_dogeusdt,2,OPEN_SHORT,300.0,0.0973,,True,2ca3afc5-0a92-4fbb-b8ff-43d619b944c2,Decision Making,2026-02-08T19:36:00.413Z,2026-02-09T03:36:00.413+08:00,AlphaGenesis-SDM-v1,SHORT,,,,nearest_decision_symbol,584,done,1,ai_logs
715461727675745011,db8427ec-7714-4267-8984-a9414b4a31de,2026-02-08T19:36:08.593Z,2026-02-09T03:36:08.593+08:00,Order Execution,SDM:momentum,cmt_adausdt,2,OPEN_SHORT,110.0,0.2736,,True,ddaa6531-7e2a-4e08-9e8c-2076a4b16e83,Decision Making,2026-02-08T19:36:07.954Z,2026-02-09T03:36:07.954+08:00,AlphaGenesis-SDM-v1,SHORT,,,,nearest_decision_symbol,639,done,1,ai_logs
715461746248123123,2bc54ef0-530a-4c17-9d73-655a8c9de4d8,2026-02-08T19:36:13.015Z,2026-02-09T03:36:13.015+08:00,Order Execution,SDM:momentum,cmt_bnbusdt,2,OPEN_SHORT,0.1,647.25,,True,600daba9-5bc9-4fe8-8096-d37f16abcdef,Decision Making,2026-02-08T19:36:12.369Z,2026-02-09T03:36:12.369+08:00,AlphaGenesis-SDM-v1,SHORT,,,,nearest_decision_symbol,646,done,1,ai_logs
715461763545432819,95486002-af6a-4842-8007-1fc0dffa6ee8,2026-02-08T19:36:17.133Z,2026-02-09T03:36:17.133+08:00,Order Execution,SDM:momentum,cmt_ltcusdt,2,OPEN_SHORT,0.5,54.79,,True,044b6f18-7ee4-487d-bc46-08c656ef05de,Decision Making,2026-02-08T19:36:16.547Z,2026-02-09T03:36:16.547+08:00,AlphaGenesis-SDM-v1,SHORT,,,,nearest_decision_symbol,586,done,1,ai_logs
715488832635536115,465a1ae3-f113-4512-a217-da3efe380dbc,2026-02-08T21:23:50.913Z,2026-02-09T05:23:50.913+08:00,Order Execution,SDM:momentum,cmt_solusdt,2,OPEN_SHORT,0.3,87.21,,True,90945336-ce52-414a-a261-622bad52a784,Decision Making,2026-02-08T21:23:50.278Z,2026-02-09T05:23:50.278+08:00,AlphaGenesis-SDM-v1,SHORT,,,,nearest_decision_symbol,635,done,1,ai_logs
715488850310333171,f69cb8d6-922e-42cf-b6c7-38abe96e1a9a,2026-02-08T21:23:55.127Z,2026-02-09T05:23:55.127+08:00,Order Execution,SDM:momentum,cmt_dogeusdt,2,OPEN_SHORT,300.0,0.09679,,True,a7cc2a4b-05df-446c-a862-1a74e2633c27,Decision Making,2026-02-08T21:23:54.499Z,2026-02-09T05:23:54.499+08:00,AlphaGenesis-SDM-v1,SHORT,,,,nearest_decision_symbol,628,done,1,ai_logs
715488881037804275,9e6a129e-1d15-41ba-aae0-fb9cb1ecd465,2026-02-08T21:24:02.450Z,2026-02-09T05:24:02.450+08:00,Order Execution,SDM:momentum,cmt_adausdt,2,OPEN_SHORT,110.0,0.2715,,True,f16370e5-6cf9-4f1f-b80b-c7b5946bc52f,Decision Making,2026-02-08T21:24:01.823Z,2026-02-09T05:24:01.823+08:00,AlphaGenesis-SDM-v1,SHORT,,,,nearest_decision_symbol,627,done,1,ai_logs
715488898687435507,0d0229bf-c1ae-49cf-8f72-39fcc778bad9,2026-02-08T21:24:06.661Z,2026-02-09T05:24:06.661+08:00,Order Execution,SDM:momentum,cmt_bnbusdt,2,OPEN_SHORT,0.1,646.01,,True,e25059d4-a81c-4149-90a3-940a168b9a6a,Decision Making,2026-02-08T21:24:06.046Z,2026-02-09T05:24:06.046+08:00,AlphaGenesis-SDM-v1,SHORT,,,,nearest_decision_symbol,615,done,1,ai_logs
715488916811023091,00d15966-d396-42f3-becf-1fc111c01eef,2026-02-08T21:24:10.980Z,2026-02-09T05:24:10.980+08:00,Order Execution,SDM:momentum,cmt_ltcusdt,2,OPEN_SHORT,0.5,54.47,,True,517b3814-90b1-47d6-a7d9-318327149938,Decision Making,2026-02-08T21:24:10.322Z,2026-02-09T05:24:10.322+08:00,AlphaGenesis-SDM-v1,SHORT,,,,nearest_decision_symbol,658,done,1,ai_logs
715514451524059891,791c97a9-55e9-4b82-99df-0709a37a96b2,2026-02-08T23:05:38.929Z,2026-02-09T07:05:38.929+08:00,Order Execution,SDM:momentum,cmt_btcusdt,1,OPEN_LONG,0.001,71831.4,,True,23689056-06a0-4f5f-8cf0-4b8029f8510b,Decision Making,2026-02-08T23:05:38.336Z,2026-02-09T07:05:38.336+08:00,AlphaGenesis-SDM-v1,LONG,,,,nearest_decision_symbol,593,done,1,ai_logs
715515932864152307,5c05f40a-9626-445a-b886-3f560baa1a82,2026-02-08T23:11:32.108Z,2026-02-09T07:11:32.108+08:00,Order Execution,SDM:momentum,cmt_solusdt,2,OPEN_SHORT,0.3,87.91,,True,7a48241f-8f0d-4d3f-a1b2-52a1d233a4bc,Exit Decision,2026-02-09T02:51:51.785Z,2026-02-09T10:51:51.785+08:00,PositionMonitor,,,,,exact_order_id,-13219677,done,1,ai_logs
715515950975156979,a8e2d90d-43fd-4aca-a47f-354576db3b0c,2026-02-08T23:11:36.437Z,2026-02-09T07:11:36.437+08:00,Order Execution,SDM:momentum,cmt_dogeusdt,2,OPEN_SHORT,300.0,0.09779,,True,acf506a0-70a0-459d-8275-673de5dc41fb,Decision Making,2026-02-08T23:11:35.785Z,2026-02-09T07:11:35.785+08:00,AlphaGenesis-SDM-v1,SHORT,,,,nearest_decision_symbol,652,done,1,ai_logs
715515982390493939,fa517b4e-0df0-4f10-813d-9dc01e97ff50,2026-02-08T23:11:43.917Z,2026-02-09T07:11:43.917+08:00,Order Execution,SDM:momentum,cmt_adausdt,2,OPEN_SHORT,110.0,0.2727,,True,23440a7b-8d2c-44fa-a6d4-5c99828e4134,Decision Making,2026-02-08T23:11:43.238Z,2026-02-09T07:11:43.238+08:00,AlphaGenesis-SDM-v1,SHORT,,,,nearest_decision_symbol,679,done,1,ai_logs
715516000799294195,da8a2c53-355e-4d80-94fc-42b3d98ff107,2026-02-08T23:11:48.316Z,2026-02-09T07:11:48.316+08:00,Order Execution,SDM:momentum,cmt_bnbusdt,2,OPEN_SHORT,0.1,647.14,,True,3285ddef-38d2-45ad-9d8b-b5ed4d89337d,Decision Making,2026-02-08T23:11:47.648Z,2026-02-09T07:11:47.648+08:00,AlphaGenesis-SDM-v1,SHORT,,,,nearest_decision_symbol,668,done,1,ai_logs
715516019682050803,2210f1a6-2aa3-4164-9dcc-8e952109b5d9,2026-02-08T23:11:52.806Z,2026-02-09T07:11:52.806+08:00,Order Execution,SDM:momentum,cmt_ltcusdt,2,OPEN_SHORT,0.5,54.9,,True,1709bddb-197c-429c-bb4e-02fcd04d8271,Decision Making,2026-02-08T23:11:52.191Z,2026-02-09T07:11:52.191+08:00,AlphaGenesis-SDM-v1,SHORT,,,,nearest_decision_symbol,615,done,1,ai_logs
715542834219844339,96f31d15-8626-47d9-b5ef-1482a27dfc7e,2026-02-09T00:58:25.892Z,2026-02-09T08:58:25.892+08:00,Order Execution,SDM:momentum,cmt_dogeusdt,2,OPEN_SHORT,300.0,0.09635,,True,68235ec8-7ada-4f94-81a0-5960ded59ce2,Decision Making,2026-02-09T00:58:25.292Z,2026-02-09T08:58:25.292+08:00,AlphaGenesis-SDM-v1,SHORT,,,,nearest_decision_symbol,600,done,1,ai_logs
715542877140157171,050e4d64-6a37-4137-b841-07170c5ef5f2,2026-02-09T00:58:36.125Z,2026-02-09T08:58:36.125+08:00,Order Execution,SDM:momentum,cmt_bnbusdt,2,OPEN_SHORT,0.1,639.71,,True,8f50333e-4110-41c9-875c-cb2f33ed4504,Decision Making,2026-02-09T00:58:35.527Z,2026-02-09T08:58:35.527+08:00,AlphaGenesis-SDM-v1,SHORT,,,,nearest_decision_symbol,598,done,1,ai_logs
715542895062418163,96531116-345e-4754-9ff9-161dd609f290,2026-02-09T00:58:40.395Z,2026-02-09T08:58:40.395+08:00,Order Execution,SDM:momentum,cmt_ltcusdt,2,OPEN_SHORT,0.5,54.38,,True,4875e903-08d6-4270-b1c2-f9f5e9e66e68,Decision Making,2026-02-09T00:58:39.769Z,2026-02-09T08:58:39.769+08:00,AlphaGenesis-SDM-v1,SHORT,,,,nearest_decision_symbol,626,done,1,ai_logs
715570520036213491,27f4432c-164e-4210-ac18-01dbf6713253,2026-02-09T02:48:26.715Z,2026-02-09T10:48:26.715+08:00,Order Execution,SDM:momentum,cmt_dogeusdt,2,OPEN_SHORT,300.0,0.09698,,True,3583f5ac-6611-47f8-9291-8870a09eca57,Exit Decision,2026-02-09T02:51:53.236Z,2026-02-09T10:51:53.236+08:00,PositionMonitor,,,,,exact_order_id,-206521,done,1,ai_logs
715570555721351923,051ff82d-f208-4feb-aec2-d41d48ec5a0d,2026-02-09T02:48:35.222Z,2026-02-09T10:48:35.222+08:00,Order Execution,SDM:momentum,cmt_bnbusdt,2,OPEN_SHORT,0.1,642.3,,True,a50a4ce7-eb2f-4b4e-ad06-f114457c3730,Exit Decision,2026-02-09T02:51:52.507Z,2026-02-09T10:51:52.507+08:00,PositionMonitor,,,,,exact_order_id,-197285,done,1,ai_logs
715570574931264243,f859d065-49c0-4595-88fb-bfc6823a5006,2026-02-09T02:48:39.803Z,2026-02-09T10:48:39.803+08:00,Order Execution,SDM:momentum,cmt_ltcusdt,2,OPEN_SHORT,0.5,54.73,,True,c23ccde1-f003-4e3c-8c77-a782bc4adfb1,Exit Decision,2026-02-09T02:51:51.060Z,2026-02-09T10:51:51.060+08:00,PositionMonitor,,,,,exact_order_id,-191257,done,1,ai_logs
715570574931264243,c23ccde1-f003-4e3c-8c77-a782bc4adfb1,2026-02-09T02:51:51.060Z,2026-02-09T10:51:51.060+08:00,Exit Decision,PositionMonitor,cmt_ltcusdt,,UNKNOWN,0.5,54.73,,,c23ccde1-f003-4e3c-8c77-a782bc4adfb1,Exit Decision,2026-02-09T02:51:51.060Z,2026-02-09T10:51:51.060+08:00,PositionMonitor,,,,,exact_order_id,0,done,30,ai_logs
715515932864152307,7a48241f-8f0d-4d3f-a1b2-52a1d233a4bc,2026-02-09T02:51:51.785Z,2026-02-09T10:51:51.785+08:00,Exit Decision,PositionMonitor,cmt_solusdt,,UNKNOWN,0.3,87.91,,,7a48241f-8f0d-4d3f-a1b2-52a1d233a4bc,Exit Decision,2026-02-09T02:51:51.785Z,2026-02-09T10:51:51.785+08:00,PositionMonitor,,,,,exact_order_id,0,done,30,ai_logs
715570555721351923,a50a4ce7-eb2f-4b4e-ad06-f114457c3730,2026-02-09T02:51:52.507Z,2026-02-09T10:51:52.507+08:00,Exit Decision,PositionMonitor,cmt_bnbusdt,,UNKNOWN,0.1,642.3,,,a50a4ce7-eb2f-4b4e-ad06-f114457c3730,Exit Decision,2026-02-09T02:51:52.507Z,2026-02-09T10:51:52.507+08:00,PositionMonitor,,,,,exact_order_id,0,done,30,ai_logs
715570520036213491,3583f5ac-6611-47f8-9291-8870a09eca57,2026-02-09T02:51:53.236Z,2026-02-09T10:51:53.236+08:00,Exit Decision,PositionMonitor,cmt_dogeusdt,,UNKNOWN,300.0,0.09698,,,3583f5ac-6611-47f8-9291-8870a09eca57,Exit Decision,2026-02-09T02:51:53.236Z,2026-02-09T10:51:53.236+08:00,PositionMonitor,,,,,exact_order_id,0,done,30,ai_logs
715635425103839987,4d109f11-6326-415d-91cc-7d42c2ab4cb0,2026-02-09T07:06:21.288Z,2026-02-09T15:06:21.288+08:00,Order Execution,SDM:momentum,cmt_bnbusdt,2,OPEN_SHORT,0.2,635.21,,True,5593b86f-9823-433e-a259-b2e1fc5a49ac,Exit Decision,2026-02-09T08:27:58.305Z,2026-02-09T16:27:58.305+08:00,PositionMonitor,,,,,exact_order_id,-4897017,done,1,ai_logs
715635425103839987,5593b86f-9823-433e-a259-b2e1fc5a49ac,2026-02-09T08:27:58.305Z,2026-02-09T16:27:58.305+08:00,Exit Decision,PositionMonitor,cmt_bnbusdt,,UNKNOWN,0.2,635.21,,,5593b86f-9823-433e-a259-b2e1fc5a49ac,Exit Decision,2026-02-09T08:27:58.305Z,2026-02-09T16:27:58.305+08:00,PositionMonitor,,,,,exact_order_id,0,done,30,ai_logs
716050597945541363,9b719dfd-5fa5-4ef9-89df-21f6402dbb81,2026-02-10T10:36:06.206Z,2026-02-10T18:36:06.206+08:00,Order Execution,SDM:momentum,cmt_ltcusdt,2,OPEN_SHORT,4.0,53.27,,True,c02ce38a-0041-4411-b255-526d8b38df1b,Exit Decision,2026-02-10T12:39:40.869Z,2026-02-10T20:39:40.869+08:00,PositionMonitor,,,,,exact_order_id,-7414663,done,1,ai_logs
716057749007368947,d164836a-ab49-4633-9e0d-8930fb58b936,2026-02-10T11:04:31.151Z,2026-02-10T19:04:31.151+08:00,Order Execution,SDM:momentum,cmt_xrpusdt,2,OPEN_SHORT,90.0,1.4114,,True,cc3b15e4-32cb-4070-bd1e-d29098446b64,Decision Making,2026-02-10T11:04:30.477Z,2026-02-10T19:04:30.477+08:00,AlphaGenesis-SDM-v1,SHORT,,,,nearest_decision_symbol,674,done,1,ai_logs
716050597945541363,c02ce38a-0041-4411-b255-526d8b38df1b,2026-02-10T12:39:40.869Z,2026-02-10T20:39:40.869+08:00,Exit Decision,PositionMonitor,cmt_ltcusdt,,UNKNOWN,4.0,53.27,,,c02ce38a-0041-4411-b255-526d8b38df1b,Exit Decision,2026-02-10T12:39:40.869Z,2026-02-10T20:39:40.869+08:00,PositionMonitor,,,,,exact_order_id,0,done,1,ai_logs
716087641975554803,f8f52cf0-bd93-436e-a7ba-e0bb7713b528,2026-02-10T13:03:18.192Z,2026-02-10T21:03:18.192+08:00,Order Execution,SDM:momentum,cmt_ethusdt,2,OPEN_SHORT,0.1,2008.67,,True,2fbd8c90-7236-4e29-ae26-8f24ba342789,Decision Making,2026-02-10T13:03:17.510Z,2026-02-10T21:03:17.510+08:00,AlphaGenesis-SDM-v1,SHORT,,HOLD,SHORT,nearest_decision_symbol,682,done,1,ai_logs
716090420395770611,bee845de-ca0e-4510-9d88-0a693c04b76b,2026-02-10T13:14:20.619Z,2026-02-10T21:14:20.619+08:00,Order Execution,SDM:momentum,cmt_xrpusdt,2,OPEN_SHORT,80.0,1.4065,,True,11390b54-68c7-4e02-9959-451a94a3212e,Decision Making,2026-02-10T13:14:19.939Z,2026-02-10T21:14:19.939+08:00,AlphaGenesis-SDM-v1,SHORT,,HOLD,SHORT,nearest_decision_symbol,680,done,1,ai_logs
716113612787155699,de9fe0a9-38ae-4cd5-b21b-d0d3072ea343,2026-02-10T14:46:30.116Z,2026-02-10T22:46:30.116+08:00,Order Execution,SDM:momentum,cmt_solusdt,2,OPEN_SHORT,2.5,83.42,,True,958cf3e1-c0a5-4fd1-a21e-831400abb9d3,Decision Making,2026-02-10T14:46:29.433Z,2026-02-10T22:46:29.433+08:00,AlphaGenesis-SDM-v1,SHORT,,HOLD,SHORT,nearest_decision_symbol,683,done,1,ai_logs
716113655329981171,47d04a60-6a90-4abf-998a-63dcd60b69ba,2026-02-10T14:46:40.260Z,2026-02-10T22:46:40.260+08:00,Order Execution,SDM:momentum,cmt_ltcusdt,2,OPEN_SHORT,4.0,53.14,,True,22ca6c80-30e2-49ad-8e40-9f8971ef7e8d,Decision Making,2026-02-10T14:46:39.569Z,2026-02-10T22:46:39.569+08:00,AlphaGenesis-SDM-v1,SHORT,,HOLD,SHORT,nearest_decision_symbol,691,done,1,ai_logs
716113745595597555,ffa4c41a-92a0-41c0-a74a-48dae3ee70c1,2026-02-10T14:47:01.779Z,2026-02-10T22:47:01.779+08:00,Order Execution,SDM:momentum,cmt_btcusdt,2,OPEN_SHORT,0.001,68035.9,,True,169ab5aa-48d7-4711-9c90-8105ec56f91c,Decision Making,2026-02-10T14:47:01.098Z,2026-02-10T22:47:01.098+08:00,AlphaGenesis-SDM-v1,SHORT,,HOLD,SHORT,nearest_decision_symbol,681,done,1,ai_logs
716113818979140339,e2de0d05-d4a9-416e-bd71-523b1fea1e00,2026-02-10T14:47:19.276Z,2026-02-10T22:47:19.276+08:00,Order Execution,SDM:momentum,cmt_bnbusdt,2,OPEN_SHORT,0.2,615.94,,True,eab44f57-6bc4-46d4-84d2-8b7e589e90f1,Decision Making,2026-02-10T14:47:18.594Z,2026-02-10T22:47:18.594+08:00,AlphaGenesis-SDM-v1,SHORT,,HOLD,SHORT,nearest_decision_symbol,682,done,1,ai_logs
716115237928960755,9fb3d4a6-2d90-4996-ac78-c54ef6e1b858,2026-02-10T14:52:57.582Z,2026-02-10T22:52:57.582+08:00,Order Execution,SDM:momentum,cmt_xrpusdt,2,OPEN_SHORT,90.0,1.4017,,True,df07fc44-9d26-4b4c-9bec-3a1d49a9f382,Decision Making,2026-02-10T14:52:56.902Z,2026-02-10T22:52:56.902+08:00,AlphaGenesis-SDM-v1,SHORT,,HOLD,SHORT,nearest_decision_symbol,680,done,1,ai_logs
716139740096627443,f93c66aa-9703-4200-ad53-f0ac7e309bb2,2026-02-10T16:30:19.342Z,2026-02-11T00:30:19.342+08:00,Order Execution,SDM:momentum,cmt_ethusdt,2,OPEN_SHORT,0.1,2023.7,,True,67e76306-9692-4d42-b2ac-94c226151817,Decision Making,2026-02-10T16:30:18.758Z,2026-02-11T00:30:18.758+08:00,AlphaGenesis-SDM-v1,SHORT,,HOLD,SHORT,nearest_decision_symbol,584,done,1,ai_logs
716141277254517491,8781db4c-39b5-4af1-8243-3a442bb6fc1a,2026-02-10T16:36:25.831Z,2026-02-11T00:36:25.831+08:00,Order Execution,SDM:momentum,cmt_xrpusdt,2,OPEN_SHORT,80.0,1.4128,,True,9220db23-42b9-4de6-890e-62f3dfb0c2c1,Decision Making,2026-02-10T16:36:25.205Z,2026-02-11T00:36:25.205+08:00,AlphaGenesis-SDM-v1,SHORT,,HOLD,SHORT,nearest_decision_symbol,626,done,1,ai_logs
716148100418241267,be359f15-fc53-455a-88c1-6551f81aa548,2026-02-10T17:03:32.595Z,2026-02-11T01:03:32.595+08:00,Order Execution,SDM:momentum,cmt_btcusdt,2,OPEN_SHORT,0.001,69381.6,,True,8e39b00b-6dda-42fa-81aa-21065a3930a1,Decision Making,2026-02-10T17:03:31.967Z,2026-02-11T01:03:31.967+08:00,AlphaGenesis-SDM-v1,SHORT,,HOLD,SHORT,nearest_decision_symbol,628,done,1,ai_logs
716156090860962547,bdd11e78-c948-4e6c-afd7-af9375dbd9cc,2026-02-10T17:35:17.681Z,2026-02-11T01:35:17.681+08:00,Order Execution,SDM:momentum,cmt_ltcusdt,2,OPEN_SHORT,3.6,53.69,,True,69c26de0-55d1-4a52-913e-0994c8216692,Exit Decision,2026-02-11T08:08:05.009Z,2026-02-11T16:08:05.009+08:00,PositionMonitor,,,,,exact_order_id,-52367328,done,1,ai_logs
716195807006556915,69de3115-dc2a-470d-b8b7-bf5a990b4bf9,2026-02-10T20:13:06.747Z,2026-02-11T04:13:06.747+08:00,Order Execution,SDM:momentum,cmt_ethusdt,2,OPEN_SHORT,0.1,2009.14,,True,0047b828-f3d4-47d6-aa25-a253c66ef53e,Decision Making,2026-02-10T20:13:06.064Z,2026-02-11T04:13:06.064+08:00,AlphaGenesis-SDM-v1,SHORT,,HOLD,SHORT,nearest_decision_symbol,683,done,1,ai_logs
716195969091240691,6be94c24-e487-436d-bae2-48689e64b038,2026-02-10T20:13:45.389Z,2026-02-11T04:13:45.389+08:00,Order Execution,SDM:momentum,cmt_dogeusdt,2,OPEN_SHORT,900.0,0.09267,,True,e4bc2405-dabb-4f83-8ec0-27801c61d89b,Decision Making,2026-02-10T20:13:44.665Z,2026-02-11T04:13:44.665+08:00,AlphaGenesis-SDM-v1,SHORT,,HOLD,SHORT,nearest_decision_symbol,724,done,1,ai_logs
716196008106656499,c9dc977f-bc67-48a1-89b6-c1432fe61853,2026-02-10T20:13:54.691Z,2026-02-11T04:13:54.691+08:00,Order Execution,SDM:momentum,cmt_xrpusdt,2,OPEN_SHORT,90.0,1.3968,,True,c754fe50-b450-4304-9279-5e3e628c619f,Decision Making,2026-02-10T20:13:54.008Z,2026-02-11T04:13:54.008+08:00,AlphaGenesis-SDM-v1,SHORT,,HOLD,SHORT,nearest_decision_symbol,683,done,1,ai_logs
716222576493331187,927b891c-97f0-4cc9-a8bf-de58ee6b6017,2026-02-10T21:59:29.080Z,2026-02-11T05:59:29.080+08:00,Order Execution,SDM:momentum,cmt_solusdt,2,OPEN_SHORT,2.5,82.37,,True,640a13b0-2923-418c-988a-d1196858655e,Decision Making,2026-02-10T21:59:28.490Z,2026-02-11T05:59:28.490+08:00,AlphaGenesis-SDM-v1,SHORT,,HOLD,SHORT,nearest_decision_symbol,590,done,1,ai_logs
716224136539538163,bd3de3ff-881d-4de0-b601-7bb7f13c8cc7,2026-02-10T22:05:41.021Z,2026-02-11T06:05:41.021+08:00,Order Execution,SDM:momentum,cmt_xrpusdt,2,OPEN_SHORT,80.0,1.3969,,True,9bb2e0c5-fe2a-49c4-9171-7dc135f84692,Decision Making,2026-02-10T22:05:40.423Z,2026-02-11T06:05:40.423+08:00,AlphaGenesis-SDM-v1,SHORT,,HOLD,SHORT,nearest_decision_symbol,598,done,1,ai_logs
716224163588604659,81f79246-63a6-4a28-9b71-b8067de7009d,2026-02-10T22:05:47.474Z,2026-02-11T06:05:47.474+08:00,Order Execution,SDM:momentum,cmt_dogeusdt,2,OPEN_SHORT,800.0,0.09269,,True,792d71b7-0424-4576-88a0-7a6995093a53,Decision Making,2026-02-10T22:05:46.836Z,2026-02-11T06:05:46.836+08:00,AlphaGenesis-SDM-v1,SHORT,,HOLD,SHORT,nearest_decision_symbol,638,done,1,ai_logs
716249770624025331,213119f7-a9a8-4ede-9dd1-94a2716dc48b,2026-02-10T23:47:32.665Z,2026-02-11T07:47:32.665+08:00,Order Execution,SDM:momentum,cmt_adausdt,2,OPEN_SHORT,460.0,0.2615,,True,e0b3f339-8e36-4bd3-957c-7948ccdc83ee,Decision Making,2026-02-10T23:47:32.074Z,2026-02-11T07:47:32.074+08:00,AlphaGenesis-SDM-v1,SHORT,,HOLD,SHORT,nearest_decision_symbol,591,done,1,ai_logs
716251287519232755,654b55cb-10f0-4ba4-996e-d0d38e4c0f0f,2026-02-10T23:53:34.319Z,2026-02-11T07:53:34.319+08:00,Order Execution,SDM:momentum,cmt_dogeusdt,2,OPEN_SHORT,800.0,0.09266,,True,8099fff5-6d8d-4004-9cfd-db3933453c4d,Decision Making,2026-02-10T23:53:33.737Z,2026-02-11T07:53:33.737+08:00,AlphaGenesis-SDM-v1,SHORT,,HOLD,SHORT,nearest_decision_symbol,582,done,1,ai_logs
716278209418625779,3028c6bb-9445-4b62-8849-684a2715c95c,2026-02-11T01:40:33.011Z,2026-02-11T09:40:33.011+08:00,Order Execution,SDM:momentum,cmt_solusdt,2,OPEN_SHORT,2.3,83.46,,True,b51958ff-80ee-42ae-80eb-8ab88a9b4df8,Exit Decision,2026-02-13T05:29:50.675Z,2026-02-13T13:29:50.675+08:00,PositionMonitor,,,,,exact_order_id,-186557664,done,1,ai_logs
716279199039488755,2585c252-4d49-410b-903a-2defdb36d9a9,2026-02-11T01:44:28.956Z,2026-02-11T09:44:28.956+08:00,Order Execution,SDM:momentum,cmt_dogeusdt,2,OPEN_SHORT,800.0,0.09302,,True,5517cac1-03f9-4257-8cbc-f8d026236cce,Exit Decision,2026-02-11T08:08:07.757Z,2026-02-11T16:08:07.757+08:00,PositionMonitor,,,,,exact_order_id,-23018801,done,1,ai_logs
716295669463122675,c1389b92-6281-403c-bcaa-80c381afff3f,2026-02-11T02:49:55.809Z,2026-02-11T10:49:55.809+08:00,Order Execution,SDM:momentum,cmt_ethusdt,2,OPEN_SHORT,0.09,2013.44,,True,e4aebf60-17bf-440c-a47f-9690be19e2e2,Exit Decision,2026-02-11T10:33:02.592Z,2026-02-11T18:33:02.592+08:00,PositionMonitor,,,,,exact_order_id,-27786783,done,1,ai_logs
716303210565862131,1de6e4e0-b5b3-4f4a-84cb-a97b882f822a,2026-02-11T03:19:53.747Z,2026-02-11T11:19:53.747+08:00,Order Execution,SDM:momentum,cmt_adausdt,2,OPEN_SHORT,440.0,0.2606,,True,06bbff35-1106-496c-9591-50684a15b02a,Exit Decision,2026-02-13T23:55:38.417Z,2026-02-14T07:55:38.417+08:00,PositionMonitor,,,,,exact_order_id,-246944670,done,1,ai_logs
716307454555587315,124bb467-5aa8-47fa-87ab-346b0d69588a,2026-02-11T03:36:45.594Z,2026-02-11T11:36:45.594+08:00,Exit Execution,SDM:Straddle,cmt_bnbusdt,LONG,LONG_SIDE,0.9438229204113373,616.1,,True,89159cbf-329b-4b03-94e0-3a26e2e66846,Exit Decision,2026-02-11T03:36:44.923Z,2026-02-11T11:36:44.923+08:00,SDM:Straddle,close_hedge,,,,nearest_exit_decision_symbol,671,done,1,ai_logs
716307457403519731,e2b31e95-2016-453a-a5e3-7f81f786cbba,2026-02-11T03:36:46.275Z,2026-02-11T11:36:46.275+08:00,Exit Execution,SDM:Straddle,cmt_bnbusdt,SHORT,SHORT_SIDE,0.9438229204113373,616.1,,True,89159cbf-329b-4b03-94e0-3a26e2e66846,Exit Decision,2026-02-11T03:36:44.923Z,2026-02-11T11:36:44.923+08:00,SDM:Straddle,close_hedge,,,,nearest_exit_decision_symbol,1352,done,1,ai_logs
716308858649182963,279bdfa2-893c-4d71-afcf-89945080e9f2,2026-02-11T03:42:20.357Z,2026-02-11T11:42:20.357+08:00,Exit Execution,SDM:Straddle,cmt_solusdt,SHORT,SHORT_SIDE,2.3,83.46,,True,3d7f782d-a7c7-4f11-946a-e9e11554722f,Exit Decision,2026-02-11T03:42:19.681Z,2026-02-11T11:42:19.681+08:00,SDM:Straddle,close_short,,,,nearest_exit_decision_symbol,676,done,1,ai_logs
716310360944018163,7f9ffbbc-cb37-4bd4-9487-c19babb5033a,2026-02-11T03:48:18.532Z,2026-02-11T11:48:18.532+08:00,Exit Execution,SDM:Straddle,cmt_dogeusdt,SHORT,SHORT_SIDE,800.0,0.09302,,True,90d3743f-fd02-4b1d-a399-a2f31a6520e0,Exit Decision,2026-02-11T03:48:17.831Z,2026-02-11T11:48:17.831+08:00,SDM:Straddle,close_short,,,,nearest_exit_decision_symbol,701,done,1,ai_logs
716312573082862323,3f8fff8e-564d-474f-8e94-f4452578b5e2,2026-02-11T03:57:05.946Z,2026-02-11T11:57:05.946+08:00,Exit Execution,SDM:Straddle,cmt_solusdt,SHORT,SHORT_SIDE,2.3,83.46,,True,be8ff418-bc57-43b0-8815-231391207499,Exit Decision,2026-02-11T03:57:05.265Z,2026-02-11T11:57:05.265+08:00,SDM:Straddle,close_short,,,,nearest_exit_decision_symbol,681,done,1,ai_logs
716312651432461043,aebfebbe-f8cd-4980-86d6-b8f31d01da1e,2026-02-11T03:57:24.626Z,2026-02-11T11:57:24.626+08:00,Exit Execution,SDM:Straddle,cmt_dogeusdt,SHORT,SHORT_SIDE,800.0,0.09302,,True,b88582e7-9f14-4b58-a6a9-443889f3ffe4,Exit Decision,2026-02-11T03:57:23.940Z,2026-02-11T11:57:23.940+08:00,SDM:Straddle,close_short,,,,nearest_exit_decision_symbol,686,done,1,ai_logs
716316149737849587,efb5222e-8dd8-4d29-a676-fdbd5d5c5a72,2026-02-11T04:11:18.688Z,2026-02-11T12:11:18.688+08:00,Exit Execution,SDM:Straddle,cmt_ltcusdt,SHORT,SHORT_SIDE,3.6,53.69,,True,259985df-bf0e-4bb6-a4e1-817a39d2867f,Exit Decision,2026-02-11T04:11:15.092Z,2026-02-11T12:11:15.092+08:00,SDM:Straddle,close_runner,,,,nearest_exit_decision_symbol,3596,done,1,ai_logs
716317618696356595,235e6a65-db1c-48a3-be33-a808a9cba251,2026-02-11T04:17:08.915Z,2026-02-11T12:17:08.915+08:00,Exit Execution,SDM:Straddle,cmt_solusdt,SHORT,SHORT_SIDE,2.3,83.46,,True,8a6a5ff0-c8af-4f19-a217-cbcabbcdd514,Exit Decision,2026-02-11T04:17:08.248Z,2026-02-11T12:17:08.248+08:00,SDM:Straddle,close_short,,,,nearest_exit_decision_symbol,667,done,1,ai_logs
716317674317021939,04b47c86-f7d1-4f62-9cba-a002c25f670b,2026-02-11T04:17:22.177Z,2026-02-11T12:17:22.177+08:00,Exit Execution,SDM:Straddle,cmt_dogeusdt,SHORT,SHORT_SIDE,800.0,0.09302,,True,90e0f84f-4019-464b-96ce-12cd3886a9f9,Exit Decision,2026-02-11T04:17:21.508Z,2026-02-11T12:17:21.508+08:00,SDM:Straddle,close_short,,,,nearest_exit_decision_symbol,669,done,1,ai_logs
716320633943753459,f1ebca82-fb02-4830-8e66-d160de486637,2026-02-11T04:29:07.806Z,2026-02-11T12:29:07.806+08:00,Exit Execution,SDM:Straddle,cmt_bnbusdt,LONG,LONG_SIDE,0.9316953259548013,617.0,,True,3d1e32a2-69da-47c2-bac8-6005d104bc6c,Exit Decision,2026-02-11T04:29:07.115Z,2026-02-11T12:29:07.115+08:00,SDM:Straddle,close_hedge,,,,nearest_exit_decision_symbol,691,done,1,ai_logs
716320636833628915,cf77dfbe-7008-4941-8991-f83f6079283d,2026-02-11T04:29:08.495Z,2026-02-11T12:29:08.495+08:00,Exit Execution,SDM:Straddle,cmt_bnbusdt,SHORT,SHORT_SIDE,0.9316953259548013,617.0,,True,3d1e32a2-69da-47c2-bac8-6005d104bc6c,Exit Decision,2026-02-11T04:29:07.115Z,2026-02-11T12:29:07.115+08:00,SDM:Straddle,close_hedge,,,,nearest_exit_decision_symbol,1380,done,1,ai_logs
716325123526755059,ec142410-24e6-4444-b162-8c874fea7040,2026-02-11T04:46:58.207Z,2026-02-11T12:46:58.207+08:00,Exit Execution,SDM:Straddle,cmt_bnbusdt,LONG,LONG_SIDE,0.9327785833916354,613.9,,True,48a0157b-4956-4b3d-970f-4edf7b7f425e,Exit Decision,2026-02-11T04:46:57.527Z,2026-02-11T12:46:57.527+08:00,SDM:Straddle,close_hedge,,,,nearest_exit_decision_symbol,680,done,1,ai_logs
716325126345327347,22614bf9-971d-46d7-abfa-d0cd3e24a7b2,2026-02-11T04:46:58.877Z,2026-02-11T12:46:58.877+08:00,Exit Execution,SDM:Straddle,cmt_bnbusdt,SHORT,SHORT_SIDE,0.9327785833916354,613.9,,True,48a0157b-4956-4b3d-970f-4edf7b7f425e,Exit Decision,2026-02-11T04:46:57.527Z,2026-02-11T12:46:57.527+08:00,SDM:Straddle,close_hedge,,,,nearest_exit_decision_symbol,1350,done,1,ai_logs
716326607127577331,db50a4d9-113a-4c5d-9ca7-046b6a5ebe41,2026-02-11T04:52:51.924Z,2026-02-11T12:52:51.924+08:00,Exit Execution,SDM:Straddle,cmt_ethusdt,SHORT,SHORT_SIDE,0.09,2013.44,,True,5f10f3a6-b80b-4f39-b070-c7e89a81424f,Exit Decision,2026-02-11T04:52:51.230Z,2026-02-11T12:52:51.230+08:00,SDM:Straddle,close_short,,,,nearest_exit_decision_symbol,694,done,1,ai_logs
716329695771099891,0b382f07-d64f-4de3-bfb8-1a847acc9624,2026-02-11T05:05:08.314Z,2026-02-11T13:05:08.314+08:00,Exit Execution,SDM:Straddle,cmt_bnbusdt,LONG,LONG_SIDE,0.9363580035743722,611.52,,True,1e0bb764-8722-48f7-815f-22d482491d67,Exit Decision,2026-02-11T05:05:07.627Z,2026-02-11T13:05:07.627+08:00,SDM:Straddle,close_hedge,,,,nearest_exit_decision_symbol,687,done,1,ai_logs
716329698732278515,12877ce5-b518-4c96-a2f7-f3c7f4e11bc4,2026-02-11T05:05:09.019Z,2026-02-11T13:05:09.019+08:00,Exit Execution,SDM:Straddle,cmt_bnbusdt,SHORT,SHORT_SIDE,0.9363580035743722,611.52,,True,1e0bb764-8722-48f7-815f-22d482491d67,Exit Decision,2026-02-11T05:05:07.627Z,2026-02-11T13:05:07.627+08:00,SDM:Straddle,close_hedge,,,,nearest_exit_decision_symbol,1392,done,1,ai_logs
716334308238820083,25ef4f4b-0d3d-43e8-8d03-7e0bd4e17075,2026-02-11T05:23:28.011Z,2026-02-11T13:23:28.011+08:00,Exit Execution,SDM:Straddle,cmt_bnbusdt,LONG,LONG_SIDE,0.9379105036731015,611.52,,True,5ec195a8-fee1-482d-b6fe-704197a91543,Exit Decision,2026-02-11T05:23:27.345Z,2026-02-11T13:23:27.345+08:00,SDM:Straddle,close_hedge,,,,nearest_exit_decision_symbol,666,done,1,ai_logs
716334311107724019,d80278a2-e2e4-421b-9708-b9a98e66d0d2,2026-02-11T05:23:28.696Z,2026-02-11T13:23:28.696+08:00,Exit Execution,SDM:Straddle,cmt_bnbusdt,SHORT,SHORT_SIDE,0.9379105036731015,611.52,,True,5ec195a8-fee1-482d-b6fe-704197a91543,Exit Decision,2026-02-11T05:23:27.345Z,2026-02-11T13:23:27.345+08:00,SDM:Straddle,close_hedge,,,,nearest_exit_decision_symbol,1351,done,1,ai_logs
716334338819490547,96eab790-074a-434e-80da-1e5415bcec4a,2026-02-11T05:23:35.302Z,2026-02-11T13:23:35.302+08:00,Exit Execution,SDM:Straddle,cmt_adausdt,SHORT,SHORT_SIDE,440.0,0.2606,,True,d7b86287-d9df-4129-8197-618251e86498,Exit Decision,2026-02-11T05:23:34.635Z,2026-02-11T13:23:34.635+08:00,SDM:Straddle,close_short,,,,nearest_exit_decision_symbol,667,done,1,ai_logs
716339035177485043,5dc8cd89-e52c-45ff-9f16-13ba91645a47,2026-02-11T05:42:15.003Z,2026-02-11T13:42:15.003+08:00,Exit Execution,SDM:Straddle,cmt_bnbusdt,LONG,LONG_SIDE,0.938110262373483,611.38,,True,16422d68-ee8b-4703-9e17-c39040b6e0d1,Exit Decision,2026-02-11T05:42:14.326Z,2026-02-11T13:42:14.326+08:00,SDM:Straddle,close_hedge,,,,nearest_exit_decision_symbol,677,done,1,ai_logs
716339038079943411,767473c6-357e-4653-9894-fe16fa6eb2f2,2026-02-11T05:42:15.693Z,2026-02-11T13:42:15.693+08:00,Exit Execution,SDM:Straddle,cmt_bnbusdt,SHORT,SHORT_SIDE,0.938110262373483,611.38,,True,16422d68-ee8b-4703-9e17-c39040b6e0d1,Exit Decision,2026-02-11T05:42:14.326Z,2026-02-11T13:42:14.326+08:00,SDM:Straddle,close_hedge,,,,nearest_exit_decision_symbol,1367,done,1,ai_logs
716345858517369587,9510f9d0-68e8-419d-aeef-c3fabe06aa8d,2026-02-11T06:09:21.812Z,2026-02-11T14:09:21.812+08:00,Exit Execution,SDM:Straddle,cmt_ltcusdt,SHORT,SHORT_SIDE,3.6,53.69,,True,e61b060f-3957-4de0-8674-972f96ed4c77,Exit Decision,2026-02-11T06:09:18.238Z,2026-02-11T14:09:18.238+08:00,SDM:Straddle,close_runner,,,,nearest_exit_decision_symbol,3574,done,1,ai_logs
716345894957482739,91305f8f-0816-44b8-ae3c-e2dede501d16,2026-02-11T06:09:30.500Z,2026-02-11T14:09:30.500+08:00,Order Execution,SDM:momentum,cmt_xrpusdt,2,OPEN_SHORT,80.0,1.3699,,True,0b5462f1-8c7c-45ef-bdb1-ff6d01e68e2a,Decision Making,2026-02-11T06:09:29.821Z,2026-02-11T14:09:29.821+08:00,AlphaGenesis-SDM-v1,SHORT,,HOLD,SHORT,nearest_decision_symbol,679,done,1,ai_logs
716345951135990515,d0423719-3e64-4e68-a299-30d52526cf80,2026-02-11T06:09:43.895Z,2026-02-11T14:09:43.895+08:00,Order Execution,SDM:momentum,cmt_btcusdt,2,OPEN_SHORT,0.001,67121.3,,True,41abb36b-26e6-45f6-b1b6-6b2e6e98a2e6,Decision Making,2026-02-11T06:09:43.208Z,2026-02-11T14:09:43.208+08:00,AlphaGenesis-SDM-v1,SHORT,,HOLD,SHORT,nearest_decision_symbol,687,done,1,ai_logs
716347329682080499,c722f974-fa3c-4a81-86f8-2ab53c8a371a,2026-02-11T06:15:12.566Z,2026-02-11T14:15:12.566+08:00,Exit Execution,SDM:Straddle,cmt_solusdt,SHORT,SHORT_SIDE,2.3,83.46,,True,ac152fbf-b6f9-4eea-9a26-755529028d92,Exit Decision,2026-02-11T06:15:11.859Z,2026-02-11T14:15:11.859+08:00,SDM:Straddle,close_short,,,,nearest_exit_decision_symbol,707,done,1,ai_logs
716347346761286387,1ed78740-7fc0-4efb-97ce-0d793a1642e7,2026-02-11T06:15:16.638Z,2026-02-11T14:15:16.638+08:00,Exit Execution,SDM:Straddle,cmt_ethusdt,SHORT,SHORT_SIDE,0.09,2013.44,,True,d4a2cb79-acd3-4e10-8dfd-6408b3e24a0d,Exit Decision,2026-02-11T06:15:15.966Z,2026-02-11T14:15:15.966+08:00,SDM:Straddle,close_short,,,,nearest_exit_decision_symbol,672,done,1,ai_logs
716347389086008051,0346edf4-7064-40a6-8916-5dc11eeacc8f,2026-02-11T06:15:26.729Z,2026-02-11T14:15:26.729+08:00,Exit Execution,SDM:Straddle,cmt_adausdt,SHORT,SHORT_SIDE,440.0,0.2606,,True,ce58ab56-16fb-4989-a353-641b017aced2,Exit Decision,2026-02-11T06:15:26.008Z,2026-02-11T14:15:26.008+08:00,SDM:Straddle,close_short,,,,nearest_exit_decision_symbol,721,done,1,ai_logs
716347408694379251,7fb9e126-db78-4821-bb55-afbcd7f730be,2026-02-11T06:15:31.404Z,2026-02-11T14:15:31.404+08:00,Exit Execution,SDM:Straddle,cmt_dogeusdt,SHORT,SHORT_SIDE,800.0,0.09302,,True,c8e4e3ab-168a-4e87-a8c2-537cdfa83a13,Exit Decision,2026-02-11T06:15:30.723Z,2026-02-11T14:15:30.723+08:00,SDM:Straddle,close_short,,,,nearest_exit_decision_symbol,681,done,1,ai_logs
716362466740667123,eedb616f-a1cf-4bb9-9cdb-0c2f228eec6c,2026-02-11T07:15:21.522Z,2026-02-11T15:15:21.522+08:00,Exit Execution,SDM:Straddle,cmt_bnbusdt,LONG,LONG_SIDE,3.2021465748596163,601.92,,True,0e2f2faf-c3aa-4616-9194-45a35d980487,Exit Decision,2026-02-11T07:15:20.838Z,2026-02-11T15:15:20.838+08:00,SDM:Straddle,close_hedge,,,,nearest_exit_decision_symbol,684,done,1,ai_logs
716362469630542579,0abb9474-6fd1-436d-94b4-d842e69e8705,2026-02-11T07:15:22.212Z,2026-02-11T15:15:22.212+08:00,Exit Execution,SDM:Straddle,cmt_bnbusdt,SHORT,SHORT_SIDE,3.2021465748596163,601.92,,True,0e2f2faf-c3aa-4616-9194-45a35d980487,Exit Decision,2026-02-11T07:15:20.838Z,2026-02-11T15:15:20.838+08:00,SDM:Straddle,close_hedge,,,,nearest_exit_decision_symbol,1374,done,1,ai_logs
716375105336247027,0640234a-46ca-4e91-98b5-d55a1a919c4a,2026-02-11T08:05:34.797Z,2026-02-11T16:05:34.797+08:00,Exit Execution,SDM:Straddle,cmt_solusdt,SHORT,SHORT_SIDE,2.3,83.46,,True,1f77b9a1-da21-4d13-b704-23338febda08,Exit Decision,2026-02-11T08:05:34.092Z,2026-02-11T16:05:34.092+08:00,SDM:Straddle,close_runner,,,,nearest_exit_decision_symbol,705,done,1,ai_logs
716375137338786547,d244de1d-2b62-4de9-b705-70c5993375c4,2026-02-11T08:05:42.428Z,2026-02-11T16:05:42.428+08:00,Exit Execution,SDM:Straddle,cmt_ltcusdt,SHORT,SHORT_SIDE,3.6,53.69,,True,110d8fd0-352d-47e4-9e7d-467d9340d851,Exit Decision,2026-02-11T08:05:38.795Z,2026-02-11T16:05:38.795+08:00,SDM:Straddle,close_runner,,,,nearest_exit_decision_symbol,3633,done,1,ai_logs
716375255211311859,9cb42fd9-7cfc-4593-b159-b73447dacd23,2026-02-11T08:06:10.532Z,2026-02-11T16:06:10.532+08:00,Exit Execution,SDM:Straddle,cmt_solusdt,SHORT,SHORT_SIDE,2.3,83.46,,True,782b6249-c6be-4072-9eb4-e375d8c7924b,Exit Decision,2026-02-11T08:06:09.827Z,2026-02-11T16:06:09.827+08:00,SDM:Straddle,close_runner,,,,nearest_exit_decision_symbol,705,done,1,ai_logs
716375287725556467,459571f4-5eb8-46f4-91b8-ec08f5bf2f0e,2026-02-11T08:06:18.282Z,2026-02-11T16:06:18.282+08:00,Exit Execution,SDM:Straddle,cmt_ltcusdt,SHORT,SHORT_SIDE,30.2,53.69,,True,236dbbfa-3cc9-48fb-baa3-415545e08f22,Exit Decision,2026-02-11T08:06:14.631Z,2026-02-11T16:06:14.631+08:00,SDM:Straddle,close_runner,,,,nearest_exit_decision_symbol,3651,done,1,ai_logs
716375378628707059,2e3e83ed-aeb4-447a-8443-a3e320cbab67,2026-02-11T08:06:39.956Z,2026-02-11T16:06:39.956+08:00,Exit Execution,SDM:Straddle,cmt_dogeusdt,SHORT,SHORT_SIDE,24400.0,0.09302,,True,cfb7e533-1ca8-4667-8956-d218aaee65b6,Exit Decision,2026-02-11T08:06:36.316Z,2026-02-11T16:06:36.316+08:00,SDM:Straddle,close_runner,,,,nearest_exit_decision_symbol,3640,done,1,ai_logs
716375604164821747,50ccf868-2ab7-4f4c-a61a-af3317c2805e,2026-02-11T08:07:33.728Z,2026-02-11T16:07:33.728+08:00,Exit Execution,SDM:Straddle,cmt_solusdt,SHORT,SHORT_SIDE,2.3,83.46,,True,99a93e70-23bb-47ae-a09d-d58736523291,Exit Decision,2026-02-11T08:07:33.031Z,2026-02-11T16:07:33.031+08:00,SDM:Straddle,close_runner,,,,nearest_exit_decision_symbol,697,done,1,ai_logs
716375623857079027,53c721fe-54d3-46a1-a7a9-20ad570c3839,2026-02-11T08:07:38.422Z,2026-02-11T16:07:38.422+08:00,Exit Execution,SDM:Straddle,cmt_ltcusdt,SHORT,SHORT_SIDE,0.4,53.69,,True,4cebb6fd-b859-42ae-8b24-367387127161,Exit Decision,2026-02-11T08:07:37.746Z,2026-02-11T16:07:37.746+08:00,SDM:Straddle,close_runner,,,,nearest_exit_decision_symbol,676,done,1,ai_logs
716375691263738611,447ed338-571a-424f-8fa4-6b0b1775a52b,2026-02-11T08:07:54.495Z,2026-02-11T16:07:54.495+08:00,Exit Execution,SDM:Straddle,cmt_dogeusdt,SHORT,SHORT_SIDE,100.0,0.09302,,True,7ab130d9-64b3-422e-a8ab-44b4ba6934df,Exit Decision,2026-02-11T08:07:53.810Z,2026-02-11T16:07:53.810+08:00,SDM:Straddle,close_runner,,,,nearest_exit_decision_symbol,685,done,1,ai_logs
716156090860962547,69c26de0-55d1-4a52-913e-0994c8216692,2026-02-11T08:08:05.009Z,2026-02-11T16:08:05.009+08:00,Exit Decision,PositionMonitor,cmt_ltcusdt,,UNKNOWN,0.4,53.69,,,69c26de0-55d1-4a52-913e-0994c8216692,Exit Decision,2026-02-11T08:08:05.009Z,2026-02-11T16:08:05.009+08:00,PositionMonitor,,,,,exact_order_id,0,done,1,ai_logs
716279199039488755,5517cac1-03f9-4257-8cbc-f8d026236cce,2026-02-11T08:08:07.757Z,2026-02-11T16:08:07.757+08:00,Exit Decision,PositionMonitor,cmt_dogeusdt,,UNKNOWN,100.0,0.09302,,,5517cac1-03f9-4257-8cbc-f8d026236cce,Exit Decision,2026-02-11T08:08:07.757Z,2026-02-11T16:08:07.757+08:00,PositionMonitor,,,,,exact_order_id,0,done,1,ai_logs
716375828941767411,9222ec62-3f8d-419a-9bf1-3e4ce8302ca0,2026-02-11T08:08:27.320Z,2026-02-11T16:08:27.320+08:00,Order Execution,SDM:momentum,cmt_bnbusdt,2,OPEN_SHORT,0.1,598.62,,True,f18bb528-8bcf-4efc-bbf3-ddcbf1c84fc6,Decision Making,2026-02-11T08:08:26.619Z,2026-02-11T16:08:26.619+08:00,AlphaGenesis-SDM-v1,SHORT,,HOLD,SHORT,nearest_decision_symbol,701,done,1,ai_logs
716376748333204211,cd9574b4-f407-408c-87b6-e32582624cba,2026-02-11T08:12:06.518Z,2026-02-11T16:12:06.518+08:00,Exit Execution,SDM:Straddle,cmt_solusdt,SHORT,SHORT_SIDE,2.3,83.46,,True,00595ec3-67e8-4457-9a60-7c621a120321,Exit Decision,2026-02-11T08:12:05.791Z,2026-02-11T16:12:05.791+08:00,SDM:Straddle,close_runner,,,,nearest_exit_decision_symbol,727,done,1,ai_logs
716378167383687923,01ff786b-32e2-4aac-bc75-822aa3805652,2026-02-11T08:17:44.847Z,2026-02-11T16:17:44.847+08:00,Exit Execution,SDM:Straddle,cmt_ethusdt,SHORT,SHORT_SIDE,0.09,2013.44,,True,e5f97aaf-1022-4a11-b125-c370d1d81f3e,Exit Decision,2026-02-11T08:17:44.168Z,2026-02-11T16:17:44.168+08:00,SDM:Straddle,close_short,,,,nearest_exit_decision_symbol,679,done,1,ai_logs
716378201051366131,4d7f5f99-cb13-4717-83d4-df1a453e6193,2026-02-11T08:17:52.872Z,2026-02-11T16:17:52.872+08:00,Exit Execution,SDM:Straddle,cmt_adausdt,SHORT,SHORT_SIDE,440.0,0.2606,,True,90c3f0c9-4c72-46b2-9f7e-8ed6121a0425,Exit Decision,2026-02-11T08:17:52.183Z,2026-02-11T16:17:52.183+08:00,SDM:Straddle,close_short,,,,nearest_exit_decision_symbol,689,done,1,ai_logs
716384239787967219,7da9f669-5336-46fb-b0db-4f9bf45ef6d9,2026-02-11T08:41:52.622Z,2026-02-11T16:41:52.622+08:00,Exit Execution,SDM:Straddle,cmt_solusdt,SHORT,SHORT_SIDE,2.3,83.46,,True,a07de066-6637-4d90-b7fa-f806ac8c8cdf,Exit Decision,2026-02-11T08:41:51.914Z,2026-02-11T16:41:51.914+08:00,SDM:Straddle,close_runner,,,,nearest_exit_decision_symbol,708,done,1,ai_logs
716385656657412851,89bd0d16-129a-4025-8cbf-4c3ec985790d,2026-02-11T08:47:30.429Z,2026-02-11T16:47:30.429+08:00,Exit Execution,SDM:Straddle,cmt_ethusdt,SHORT,SHORT_SIDE,0.02,2013.44,,True,25dbc537-e9cb-47b9-9615-eabd8dc6f7e9,Exit Decision,2026-02-11T08:47:29.743Z,2026-02-11T16:47:29.743+08:00,SDM:Straddle,close_short,,,,nearest_exit_decision_symbol,686,done,1,ai_logs
716385690266370803,5b6c6813-ac1c-4cdd-b6be-3bcb82947904,2026-02-11T08:47:38.440Z,2026-02-11T16:47:38.440+08:00,Exit Execution,SDM:Straddle,cmt_adausdt,SHORT,SHORT_SIDE,440.0,0.2606,,True,f4450662-9053-45d8-83b4-84539ef79859,Exit Decision,2026-02-11T08:47:37.769Z,2026-02-11T16:47:37.769+08:00,SDM:Straddle,close_short,,,,nearest_exit_decision_symbol,671,done,1,ai_logs
716392874039575283,9eae9dc4-4cfe-46de-b1d5-2b995d9e9ae3,2026-02-11T09:16:11.188Z,2026-02-11T17:16:11.188+08:00,Exit Execution,SDM:Straddle,cmt_btcusdt,LONG,LONG_SIDE,0.023515491255059428,66978.9,,True,5fac23f8-aaf8-4f59-96ab-3efe6f064747,Exit Decision,2026-02-11T09:16:10.493Z,2026-02-11T17:16:10.493+08:00,SDM:Straddle,close_hedge,,,,nearest_exit_decision_symbol,695,done,1,ai_logs
716392876828787443,13588912-b920-400c-be9e-a5f2acdd265c,2026-02-11T09:16:11.851Z,2026-02-11T17:16:11.851+08:00,Exit Execution,SDM:Straddle,cmt_btcusdt,SHORT,SHORT_SIDE,0.023515491255059428,66978.9,,True,5fac23f8-aaf8-4f59-96ab-3efe6f064747,Exit Decision,2026-02-11T09:16:10.493Z,2026-02-11T17:16:10.493+08:00,SDM:Straddle,close_hedge,,,,nearest_exit_decision_symbol,1358,done,1,ai_logs
716400048027468531,af9216eb-95b1-45e0-a92a-374f9f3ab2b5,2026-02-11T09:44:41.600Z,2026-02-11T17:44:41.600+08:00,Exit Execution,SDM:Straddle,cmt_xrpusdt,LONG,LONG_SIDE,1152.1042624705578,1.3671,,True,18c4d88f-3b21-410a-9b86-d840e9b05ca6,Exit Decision,2026-02-11T09:44:40.917Z,2026-02-11T17:44:40.917+08:00,SDM:Straddle,close_hedge,,,,nearest_exit_decision_symbol,683,done,1,ai_logs
716400050883789555,1b0b1ba9-68ec-4e4f-b50f-0b6e3b1b9be1,2026-02-11T09:44:42.281Z,2026-02-11T17:44:42.281+08:00,Exit Execution,SDM:Straddle,cmt_xrpusdt,SHORT,SHORT_SIDE,1152.1042624705578,1.3671,,True,18c4d88f-3b21-410a-9b86-d840e9b05ca6,Exit Decision,2026-02-11T09:44:40.917Z,2026-02-11T17:44:40.917+08:00,SDM:Straddle,close_hedge,,,,nearest_exit_decision_symbol,1364,done,1,ai_logs
716401539169649395,d4c603c2-3f8b-411a-8294-1bdb0d70862f,2026-02-11T09:50:37.114Z,2026-02-11T17:50:37.114+08:00,Exit Execution,SDM:Straddle,cmt_btcusdt,LONG,LONG_SIDE,0.02247304195113583,66924.8,,True,8b2b6bc3-3e50-4328-812e-9cbba1462a79,Exit Decision,2026-02-11T09:50:36.435Z,2026-02-11T17:50:36.435+08:00,SDM:Straddle,close_hedge,,,,nearest_exit_decision_symbol,679,done,1,ai_logs
716401542202131187,07f652ce-020b-4b99-b58b-2da91a8a6571,2026-02-11T09:50:37.837Z,2026-02-11T17:50:37.837+08:00,Exit Execution,SDM:Straddle,cmt_btcusdt,SHORT,SHORT_SIDE,0.02247304195113583,66924.8,,True,8b2b6bc3-3e50-4328-812e-9cbba1462a79,Exit Decision,2026-02-11T09:50:36.435Z,2026-02-11T17:50:36.435+08:00,SDM:Straddle,close_hedge,,,,nearest_exit_decision_symbol,1402,done,1,ai_logs
716407264692404979,67af4e75-59db-4b6b-83ed-de05e780c7ec,2026-02-11T10:13:22.186Z,2026-02-11T18:13:22.186+08:00,Exit Execution,SDM:Straddle,cmt_bnbusdt,SHORT,SHORT_SIDE,0.1,598.62,,True,b5763e76-fef7-46df-9173-4865b7643565,Exit Decision,2026-02-11T10:13:21.505Z,2026-02-11T18:13:21.505+08:00,SDM:Straddle,close_short,,,,nearest_exit_decision_symbol,681,done,1,ai_logs
716408738222703347,13ec1f39-bdfc-46cc-a2c2-031e935c05d3,2026-02-11T10:19:13.503Z,2026-02-11T18:19:13.503+08:00,Exit Execution,SDM:Straddle,cmt_xrpusdt,LONG,LONG_SIDE,1104.640463252815,1.3589,,True,5f684ad5-b213-4a04-9e08-098fac6a2022,Exit Decision,2026-02-11T10:19:12.802Z,2026-02-11T18:19:12.802+08:00,SDM:Straddle,close_hedge,,,,nearest_exit_decision_symbol,701,done,1,ai_logs
716408741158716147,5e1de080-1bf6-4ef6-b9b2-3b14007d205f,2026-02-11T10:19:14.204Z,2026-02-11T18:19:14.204+08:00,Exit Execution,SDM:Straddle,cmt_xrpusdt,SHORT,SHORT_SIDE,1104.640463252815,1.3589,,True,5f684ad5-b213-4a04-9e08-098fac6a2022,Exit Decision,2026-02-11T10:19:12.802Z,2026-02-11T18:19:12.802+08:00,SDM:Straddle,close_hedge,,,,nearest_exit_decision_symbol,1402,done,1,ai_logs
716408758913204979,492e9bf0-1ac2-43a4-9f25-8ef631e5606a,2026-02-11T10:19:18.436Z,2026-02-11T18:19:18.436+08:00,Order Execution,SDM:momentum,cmt_xrpusdt,2,OPEN_SHORT,60.0,1.3591,,True,7f538b39-37fd-46b4-8b22-fc046a2b01fb,Decision Making,2026-02-11T10:19:17.736Z,2026-02-11T18:19:17.736+08:00,AlphaGenesis-SDM-v1,SHORT,,HOLD,SHORT,nearest_decision_symbol,700,done,1,ai_logs
716410303302075123,e58f2017-2b3c-42d0-bf42-5f16a57d580b,2026-02-11T10:25:26.646Z,2026-02-11T18:25:26.646+08:00,Exit Execution,SDM:Straddle,cmt_btcusdt,LONG,LONG_SIDE,0.022503471132105164,66800.0,,True,3ea5f84c-8024-46bb-8bc0-ad71238dda53,Exit Decision,2026-02-11T10:25:25.954Z,2026-02-11T18:25:25.954+08:00,SDM:Straddle,close_hedge,,,,nearest_exit_decision_symbol,692,done,1,ai_logs
716410306183561971,af0d1429-c8d4-4862-8a17-4d29359c2aeb,2026-02-11T10:25:27.333Z,2026-02-11T18:25:27.333+08:00,Exit Execution,SDM:Straddle,cmt_btcusdt,SHORT,SHORT_SIDE,0.022503471132105164,66800.0,,True,3ea5f84c-8024-46bb-8bc0-ad71238dda53,Exit Decision,2026-02-11T10:25:25.954Z,2026-02-11T18:25:25.954+08:00,SDM:Straddle,close_hedge,,,,nearest_exit_decision_symbol,1379,done,1,ai_logs
716410323136938739,b1eb9b92-5f4b-41c4-80f9-dbefc0d0471a,2026-02-11T10:25:31.374Z,2026-02-11T18:25:31.374+08:00,Order Execution,SDM:momentum,cmt_btcusdt,2,OPEN_SHORT,0.001,66706.5,,True,b4329b1b-1967-465e-a620-225d09324812,Decision Making,2026-02-11T10:25:30.684Z,2026-02-11T18:25:30.684+08:00,AlphaGenesis-SDM-v1,SHORT,,HOLD,SHORT,nearest_decision_symbol,690,done,1,ai_logs
716412056189797107,25480223-1ad1-42ab-9d56-2e1b4083bcd7,2026-02-11T10:32:24.566Z,2026-02-11T18:32:24.566+08:00,Exit Execution,SDM:Straddle,cmt_solusdt,SHORT,SHORT_SIDE,2.3,83.46,,True,d832a9f7-8c30-4513-84e2-4214dad9ee90,Exit Decision,2026-02-11T10:32:23.878Z,2026-02-11T18:32:23.878+08:00,SDM:Straddle,close_runner,,,,nearest_exit_decision_symbol,688,done,1,ai_logs
716412085147271923,76e8d3cb-51f7-44d9-947a-ab53dbef74ae,2026-02-11T10:32:31.471Z,2026-02-11T18:32:31.471+08:00,Exit Execution,SDM:Straddle,cmt_ethusdt,SHORT,SHORT_SIDE,0.01,2013.44,,True,f0a7e1b9-6b8f-4638-b08a-d1cd5c2f1223,Exit Decision,2026-02-11T10:32:27.919Z,2026-02-11T18:32:27.919+08:00,SDM:Straddle,close_runner,,,,nearest_exit_decision_symbol,3552,done,1,ai_logs
716412113005839091,a7dde27c-2aa5-45e0-b164-818ea3bf05c8,2026-02-11T10:32:38.114Z,2026-02-11T18:32:38.114+08:00,Exit Execution,SDM:Straddle,cmt_adausdt,SHORT,SHORT_SIDE,440.0,0.2606,,True,f1647400-b8ee-444a-9d7d-9f789a467a10,Exit Decision,2026-02-11T10:32:37.426Z,2026-02-11T18:32:37.426+08:00,SDM:Straddle,close_runner,,,,nearest_exit_decision_symbol,688,done,1,ai_logs
716295669463122675,e4aebf60-17bf-440c-a47f-9690be19e2e2,2026-02-11T10:33:02.592Z,2026-02-11T18:33:02.592+08:00,Exit Decision,PositionMonitor,cmt_ethusdt,,UNKNOWN,0.01,2013.44,,,e4aebf60-17bf-440c-a47f-9690be19e2e2,Exit Decision,2026-02-11T10:33:02.592Z,2026-02-11T18:33:02.592+08:00,PositionMonitor,,,,,exact_order_id,0,done,1,ai_logs
716413530093388531,f6e29260-6961-4a2b-bb10-b7204009e981,2026-02-11T10:38:15.973Z,2026-02-11T18:38:15.973+08:00,Exit Execution,SDM:Straddle,cmt_bnbusdt,SHORT,SHORT_SIDE,0.1,598.62,,True,82b3fa09-e8b6-447b-8bfd-ce8338e4558e,Exit Decision,2026-02-11T10:38:15.248Z,2026-02-11T18:38:15.248+08:00,SDM:Straddle,close_short,,,,nearest_exit_decision_symbol,725,done,1,ai_logs
716437436921545459,bcb2a8cb-e920-4a3f-b3d1-2b1b97768d1a,2026-02-11T12:13:15.806Z,2026-02-11T20:13:15.806+08:00,Exit Execution,SDM:Straddle,cmt_solusdt,SHORT,SHORT_SIDE,2.3,83.46,,True,fce5c96d-5c06-4222-b396-90b87cc1e1c3,Exit Decision,2026-02-11T12:13:15.115Z,2026-02-11T20:13:15.115+08:00,SDM:Straddle,close_runner,,,,nearest_exit_decision_symbol,691,done,1,ai_logs
716437481892872947,fb4ca39c-3b29-41ac-88ed-b3f86b01dc5f,2026-02-11T12:13:26.530Z,2026-02-11T20:13:26.530+08:00,Exit Execution,SDM:Straddle,cmt_adausdt,SHORT,SHORT_SIDE,440.0,0.2606,,True,a8ee27a9-ee91-4906-a13c-82a36ca779e9,Exit Decision,2026-02-11T12:13:25.841Z,2026-02-11T20:13:25.841+08:00,SDM:Straddle,close_runner,,,,nearest_exit_decision_symbol,689,done,1,ai_logs
716438907671020275,0543903c-1e9a-4bad-b21a-0b7c1b6a5b64,2026-02-11T12:19:06.460Z,2026-02-11T20:19:06.460+08:00,Exit Execution,SDM:Straddle,cmt_bnbusdt,SHORT,SHORT_SIDE,0.1,598.62,,True,06e8add7-9154-43d0-801c-89e9cbbdc6a8,Exit Decision,2026-02-11T12:19:05.781Z,2026-02-11T20:19:05.781+08:00,SDM:Straddle,close_short,,,,nearest_exit_decision_symbol,679,done,1,ai_logs
716440376004575987,53476da5-85d4-4ef6-8a7c-904501519c19,2026-02-11T12:24:56.538Z,2026-02-11T20:24:56.538+08:00,Exit Execution,SDM:Straddle,cmt_xrpusdt,SHORT,SHORT_SIDE,60.0,1.3591,,True,d6eeec32-8df4-4248-86ce-0373fecdb1ff,Exit Decision,2026-02-11T12:24:55.855Z,2026-02-11T20:24:55.855+08:00,SDM:Straddle,close_short,,,,nearest_exit_decision_symbol,683,done,1,ai_logs
716441949749379827,1b7d2a97-6161-4015-8115-f89245134ba9,2026-02-11T12:31:11.748Z,2026-02-11T20:31:11.748+08:00,Exit Execution,SDM:Straddle,cmt_btcusdt,SHORT,SHORT_SIDE,0.001,66706.5,,True,1feb42a2-dd75-4b23-a88d-17f9a80b0962,Exit Decision,2026-02-11T12:31:11.039Z,2026-02-11T20:31:11.039+08:00,SDM:Straddle,close_short,,,,nearest_exit_decision_symbol,709,done,1,ai_logs
716465216736461555,1e38abce-456e-4508-ad3f-0b32b35478bb,2026-02-11T14:03:39.032Z,2026-02-11T22:03:39.032+08:00,Exit Execution,SDM:Straddle,cmt_ltcusdt,SHORT,SHORT_SIDE,35.1,52.23,,True,0bab726d-a182-4eab-a2ac-f822970bf302,Exit Decision,2026-02-11T14:03:38.348Z,2026-02-11T22:03:38.348+08:00,SDM:Straddle,close_short,,,,nearest_exit_decision_symbol,684,done,1,ai_logs
716465276920529651,6bfedfa4-27bc-4054-b04d-0ccb1b01d584,2026-02-11T14:03:53.380Z,2026-02-11T22:03:53.380+08:00,Exit Execution,SDM:Straddle,cmt_dogeusdt,SHORT,SHORT_SIDE,20200.0,0.08991,,True,b0634e82-4106-48d8-8868-ff73e05ecdb7,Exit Decision,2026-02-11T14:03:52.670Z,2026-02-11T22:03:52.670+08:00,SDM:Straddle,close_short,,,,nearest_exit_decision_symbol,710,done,1,ai_logs
716467131381711603,f50da0c8-ff97-4654-83e7-4dfd64ea6bfa,2026-02-11T14:11:15.518Z,2026-02-11T22:11:15.518+08:00,Exit Execution,SDM:Straddle,cmt_solusdt,SHORT,SHORT_SIDE,2.3,83.46,,True,fc323c55-a08b-4b4a-ba28-4d3dcb12f904,Exit Decision,2026-02-11T14:11:14.805Z,2026-02-11T22:11:14.805+08:00,SDM:Straddle,close_runner,,,,nearest_exit_decision_symbol,713,done,1,ai_logs
716467196213068531,49f7034c-e992-4933-a20d-2bff756532d5,2026-02-11T14:11:30.975Z,2026-02-11T22:11:30.975+08:00,Exit Execution,SDM:Straddle,cmt_bnbusdt,SHORT,SHORT_SIDE,0.1,598.62,,True,38517b91-8c41-431b-a236-46931702763a,Exit Decision,2026-02-11T14:11:30.295Z,2026-02-11T22:11:30.295+08:00,SDM:Straddle,close_runner,,,,nearest_exit_decision_symbol,680,done,1,ai_logs
716467213032227571,91a9a0fb-5eda-4b82-a9e4-69983f53c62a,2026-02-11T14:11:34.984Z,2026-02-11T22:11:34.984+08:00,Exit Execution,SDM:Straddle,cmt_adausdt,SHORT,SHORT_SIDE,440.0,0.2606,,True,d243c561-e540-4677-a77f-064483e3bd2e,Exit Decision,2026-02-11T14:11:34.312Z,2026-02-11T22:11:34.312+08:00,SDM:Straddle,close_runner,,,,nearest_exit_decision_symbol,672,done,1,ai_logs
716467307827692275,b34e17f2-1553-4840-8bc5-2f675254c03c,2026-02-11T14:11:57.585Z,2026-02-11T22:11:57.585+08:00,Order Execution,SDM:momentum,cmt_dogeusdt,2,OPEN_SHORT,600.0,0.09192,,True,07d34edf-0d0b-4e39-8ece-b35b5ffcd01f,Exit Decision,2026-02-13T02:35:31.517Z,2026-02-13T10:35:31.517+08:00,PositionMonitor,,,,,exact_order_id,-131013932,done,1,ai_logs
716467337154265843,01263196-6142-40d5-989b-75e29d294f99,2026-02-11T14:12:04.577Z,2026-02-11T22:12:04.577+08:00,Order Execution,SDM:momentum,cmt_ltcusdt,2,OPEN_SHORT,2.9,53.28,,True,8d17c60d-fb96-47d4-bfe7-b11d1fedabee,Decision Making,2026-02-11T14:12:03.837Z,2026-02-11T22:12:03.837+08:00,AlphaGenesis-SDM-v1,SHORT,,HOLD,SHORT,nearest_decision_symbol,740,done,1,ai_logs
716468696402363123,54944068-b33b-4880-a5c7-f00fa70be63f,2026-02-11T14:17:28.646Z,2026-02-11T22:17:28.646+08:00,Exit Execution,SDM:Straddle,cmt_xrpusdt,SHORT,SHORT_SIDE,60.0,1.3591,,True,b33354cf-182d-4b05-9a50-87827b2e3e86,Exit Decision,2026-02-11T14:17:27.929Z,2026-02-11T22:17:27.929+08:00,SDM:Straddle,close_short,,,,nearest_exit_decision_symbol,717,done,1,ai_logs
716468752849306355,6a60f8dd-cd10-42c5-befa-99ef52eabc85,2026-02-11T14:17:42.105Z,2026-02-11T22:17:42.105+08:00,Exit Execution,SDM:Straddle,cmt_btcusdt,SHORT,SHORT_SIDE,0.001,66706.5,,True,d40e0019-c259-49c4-b7c9-b69f2f40369c,Exit Decision,2026-02-11T14:17:41.428Z,2026-02-11T22:17:41.428+08:00,SDM:Straddle,close_short,,,,nearest_exit_decision_symbol,677,done,1,ai_logs
716473249411629811,b869e7c0-6554-41f3-af4d-712a041ad288,2026-02-11T14:35:34.174Z,2026-02-11T22:35:34.174+08:00,Exit Execution,SDM:Straddle,cmt_ethusdt,LONG,LONG_SIDE,0.4521756063098294,1996.93,,True,792531a5-f6bb-497b-bbd9-d60e8974d8cd,Exit Decision,2026-02-11T14:35:33.470Z,2026-02-11T22:35:33.470+08:00,SDM:Straddle,close_long,,,,nearest_exit_decision_symbol,704,done,1,ai_logs
716488411044643571,4fe0a878-07a6-4868-b065-386767a138b2,2026-02-11T15:35:48.985Z,2026-02-11T23:35:48.985+08:00,Exit Execution,SDM:Straddle,cmt_ethusdt,SHORT,SHORT_SIDE,0.4521756063098294,1996.93,,True,d7738626-b926-43b7-93fa-05e85eba00a8,Exit Decision,2026-02-11T15:35:48.305Z,2026-02-11T23:35:48.305+08:00,SDM:Straddle,close_short,,,,nearest_exit_decision_symbol,680,done,1,ai_logs
716488480812696307,a1028fa2-b04e-49d5-bdbd-a0a3a6615e7d,2026-02-11T15:36:05.618Z,2026-02-11T23:36:05.618+08:00,Exit Execution,SDM:Straddle,cmt_dogeusdt,SHORT,SHORT_SIDE,600.0,0.09192,,True,44066a16-c0cd-4044-96ac-1371fac18031,Exit Decision,2026-02-11T15:36:04.898Z,2026-02-11T23:36:04.898+08:00,SDM:Straddle,close_short,,,,nearest_exit_decision_symbol,720,done,1,ai_logs
716496777162785523,9d959d88-922a-4dc8-b5a8-6be29db99d57,2026-02-11T16:09:03.622Z,2026-02-12T00:09:03.622+08:00,Exit Execution,SDM:Straddle,cmt_solusdt,SHORT,SHORT_SIDE,2.3,83.46,,True,f8fea467-6870-4d99-b27c-259ae32f5375,Exit Decision,2026-02-11T16:09:02.943Z,2026-02-12T00:09:02.943+08:00,SDM:Straddle,close_runner,,,,nearest_exit_decision_symbol,679,done,1,ai_logs
716496830237508339,5103748b-f4cf-4488-a410-cb8f848dd6f3,2026-02-11T16:09:16.275Z,2026-02-12T00:09:16.275+08:00,Exit Execution,SDM:Straddle,cmt_bnbusdt,SHORT,SHORT_SIDE,0.1,598.62,,True,34541255-1a5f-45fb-aef4-d5d5089f3fa3,Exit Decision,2026-02-11T16:09:15.602Z,2026-02-12T00:09:15.602+08:00,SDM:Straddle,close_runner,,,,nearest_exit_decision_symbol,673,done,1,ai_logs
716496846960198387,c4c0bea1-5a6a-439d-9ea9-fc5a38a0c95f,2026-02-11T16:09:20.261Z,2026-02-12T00:09:20.261+08:00,Exit Execution,SDM:Straddle,cmt_adausdt,SHORT,SHORT_SIDE,440.0,0.2606,,True,52ee60cb-16f2-4b82-bf82-22ef9cdd9c49,Exit Decision,2026-02-11T16:09:19.587Z,2026-02-12T00:09:19.587+08:00,SDM:Straddle,close_runner,,,,nearest_exit_decision_symbol,674,done,1,ai_logs
716498319936848627,f1267080-362b-4123-a2bf-44b3cb1a2779,2026-02-11T16:15:11.446Z,2026-02-12T00:15:11.446+08:00,Order Execution,SDM:momentum,cmt_ltcusdt,2,OPEN_SHORT,3.0,51.91,,True,3eb578fb-fb65-4202-958d-899e6735e2c9,Decision Making,2026-02-11T16:15:10.591Z,2026-02-12T00:15:10.591+08:00,AlphaGenesis-SDM-v1,SHORT,,HOLD,SHORT,nearest_decision_symbol,855,done,1,ai_logs
716498325628519155,d1f51a9f-838b-4c07-8bd5-d9de6322bf8b,2026-02-11T16:15:12.805Z,2026-02-12T00:15:12.805+08:00,Exit Execution,SDM:Straddle,cmt_xrpusdt,SHORT,SHORT_SIDE,60.0,1.3591,,True,a34f61ee-01a4-4109-b15d-f696bbbfee06,Exit Decision,2026-02-11T16:15:12.133Z,2026-02-12T00:15:12.133+08:00,SDM:Straddle,close_short,,,,nearest_exit_decision_symbol,672,done,1,ai_logs
716498390648619763,81931b7b-a83d-4e68-9f9c-03e7a30f22e9,2026-02-11T16:15:28.306Z,2026-02-12T00:15:28.306+08:00,Exit Execution,SDM:Straddle,cmt_dogeusdt,SHORT,SHORT_SIDE,600.0,0.09192,,True,ba4f7911-385a-4e4b-b400-caf18fd858aa,Exit Decision,2026-02-11T16:15:24.727Z,2026-02-12T00:15:24.727+08:00,SDM:Straddle,close_short,,,,nearest_exit_decision_symbol,3579,done,1,ai_logs
716498410399597299,878638f1-6149-46b2-be70-0563195a896f,2026-02-11T16:15:33.016Z,2026-02-12T00:15:33.016+08:00,Exit Execution,SDM:Straddle,cmt_btcusdt,SHORT,SHORT_SIDE,0.001,66706.5,,True,587fab37-e171-4b20-a02e-301bef9b2fe5,Exit Decision,2026-02-11T16:15:32.314Z,2026-02-12T00:15:32.314+08:00,SDM:Straddle,close_short,,,,nearest_exit_decision_symbol,702,done,1,ai_logs
716527372853052147,7c5529bb-fff3-4a26-8eb8-9bd1ac67047d,2026-02-11T18:10:38.203Z,2026-02-12T02:10:38.203+08:00,Exit Execution,SDM:Straddle,cmt_solusdt,SHORT,SHORT_SIDE,2.3,83.46,,True,86e20a6e-373c-4aa6-99f8-324d7c1e8092,Exit Decision,2026-02-11T18:10:37.512Z,2026-02-12T02:10:37.512+08:00,SDM:Straddle,close_runner,,,,nearest_exit_decision_symbol,691,done,1,ai_logs
716527423205671667,4ef323eb-e42a-4d79-8904-de6658985d9c,2026-02-11T18:10:50.210Z,2026-02-12T02:10:50.210+08:00,Exit Execution,SDM:Straddle,cmt_xrpusdt,SHORT,SHORT_SIDE,60.0,1.3591,,True,390c0dcb-4d50-4d4d-998f-62686d71080f,Exit Decision,2026-02-11T18:10:49.526Z,2026-02-12T02:10:49.526+08:00,SDM:Straddle,close_runner,,,,nearest_exit_decision_symbol,684,done,1,ai_logs
716527442776294131,3088b192-db19-465a-b10d-70bb895d3429,2026-02-11T18:10:54.873Z,2026-02-12T02:10:54.873+08:00,Exit Execution,SDM:Straddle,cmt_bnbusdt,SHORT,SHORT_SIDE,0.1,598.62,,True,d67442f5-7f38-4822-858f-3f72c5c4d404,Exit Decision,2026-02-11T18:10:54.190Z,2026-02-12T02:10:54.190+08:00,SDM:Straddle,close_runner,,,,nearest_exit_decision_symbol,683,done,1,ai_logs
716527459436069619,8cdd4459-4861-4dea-bb05-88a11010aea9,2026-02-11T18:10:58.844Z,2026-02-12T02:10:58.844+08:00,Exit Execution,SDM:Straddle,cmt_adausdt,SHORT,SHORT_SIDE,440.0,0.2606,,True,1dfe5023-a2ba-4e68-acfb-faa841be2426,Exit Decision,2026-02-11T18:10:58.166Z,2026-02-12T02:10:58.166+08:00,SDM:Straddle,close_runner,,,,nearest_exit_decision_symbol,678,done,1,ai_logs
716527479119938291,96ebd8dd-8c34-4d29-bb30-9bd475ae2914,2026-02-11T18:11:03.538Z,2026-02-12T02:11:03.538+08:00,Exit Execution,SDM:Straddle,cmt_btcusdt,SHORT,SHORT_SIDE,0.001,66706.5,,True,d82dbff3-2ca2-4c3b-a70f-ff46a80c795a,Exit Decision,2026-02-11T18:11:02.855Z,2026-02-12T02:11:02.855+08:00,SDM:Straddle,close_runner,,,,nearest_exit_decision_symbol,683,done,1,ai_logs
716529010955256563,33c691c5-296b-445a-ad13-91a7e8ea793a,2026-02-11T18:17:08.757Z,2026-02-12T02:17:08.757+08:00,Order Execution,SDM:momentum,cmt_ltcusdt,2,OPEN_SHORT,2.9,51.91,,True,ae5a6e59-76d5-47f5-98f0-12c131b245e8,Decision Making,2026-02-11T18:17:07.685Z,2026-02-12T02:17:07.685+08:00,AlphaGenesis-SDM-v1,SHORT,,HOLD,SHORT,nearest_decision_symbol,1072,done,1,ai_logs
716529079490183923,8261c25d-a541-4da4-96a4-adf1ee67fc73,2026-02-11T18:17:25.097Z,2026-02-12T02:17:25.097+08:00,Exit Execution,SDM:Straddle,cmt_dogeusdt,SHORT,SHORT_SIDE,600.0,0.09192,,True,7ab34d50-b85b-4066-9d4d-9cf6b82b4c68,Exit Decision,2026-02-11T18:17:21.496Z,2026-02-12T02:17:21.496+08:00,SDM:Straddle,close_short,,,,nearest_exit_decision_symbol,3601,done,1,ai_logs
716557979876328179,69b4b003-149c-406a-9872-29acdaec10c4,2026-02-11T20:12:15.485Z,2026-02-12T04:12:15.485+08:00,Exit Execution,SDM:Straddle,cmt_solusdt,SHORT,SHORT_SIDE,2.3,83.46,,True,49dea275-46d4-47bd-981a-a23de244dda1,Exit Decision,2026-02-11T20:12:14.811Z,2026-02-12T04:12:14.811+08:00,SDM:Straddle,close_runner,,,,nearest_exit_decision_symbol,674,done,1,ai_logs
716558029864043251,b730f52c-4627-4e49-8ce2-462b205007d4,2026-02-11T20:12:27.405Z,2026-02-12T04:12:27.405+08:00,Exit Execution,SDM:Straddle,cmt_xrpusdt,SHORT,SHORT_SIDE,60.0,1.3591,,True,4e8c2df3-ca28-4fbe-a472-020264b26421,Exit Decision,2026-02-11T20:12:26.712Z,2026-02-12T04:12:26.712+08:00,SDM:Straddle,close_runner,,,,nearest_exit_decision_symbol,693,done,1,ai_logs
716558049396916979,900759d9-7a81-4af6-b993-7d92b7d61a42,2026-02-11T20:12:32.061Z,2026-02-12T04:12:32.061+08:00,Exit Execution,SDM:Straddle,cmt_bnbusdt,SHORT,SHORT_SIDE,0.1,598.62,,True,1024fc64-a2c0-474e-8b87-8d9b55010771,Exit Decision,2026-02-11T20:12:31.381Z,2026-02-12T04:12:31.381+08:00,SDM:Straddle,close_runner,,,,nearest_exit_decision_symbol,680,done,1,ai_logs
716558065926669043,ee793cfc-c6f3-48f0-ab76-e2be24bae790,2026-02-11T20:12:36.004Z,2026-02-12T04:12:36.004+08:00,Exit Execution,SDM:Straddle,cmt_adausdt,SHORT,SHORT_SIDE,440.0,0.2606,,True,fa41428d-4be7-45da-9cef-a64f75d52b58,Exit Decision,2026-02-11T20:12:35.330Z,2026-02-12T04:12:35.330+08:00,SDM:Straddle,close_runner,,,,nearest_exit_decision_symbol,674,done,1,ai_logs
716558094947058419,68ea4776-80ef-46d5-be96-a5d048fc2ef2,2026-02-11T20:12:42.920Z,2026-02-12T04:12:42.920+08:00,Exit Execution,SDM:Straddle,cmt_dogeusdt,SHORT,SHORT_SIDE,600.0,0.09192,,True,534c3402-c00b-41c6-a53a-4f6ba202d282,Exit Decision,2026-02-11T20:12:39.344Z,2026-02-12T04:12:39.344+08:00,SDM:Straddle,close_runner,,,,nearest_exit_decision_symbol,3576,done,1,ai_logs
716558111694914291,7faf41d4-6fbd-4876-8495-f074675c0ef7,2026-02-11T20:12:46.914Z,2026-02-12T04:12:46.914+08:00,Exit Execution,SDM:Straddle,cmt_btcusdt,SHORT,SHORT_SIDE,0.001,66706.5,,True,79d81608-7dcb-46d0-8d25-526a672afb62,Exit Decision,2026-02-11T20:12:46.244Z,2026-02-12T04:12:46.244+08:00,SDM:Straddle,close_runner,,,,nearest_exit_decision_symbol,670,done,1,ai_logs
716559667773309683,5bf42845-9e53-4f25-a5cf-fd8fb62807e5,2026-02-11T20:18:57.911Z,2026-02-12T04:18:57.911+08:00,Order Execution,SDM:momentum,cmt_ltcusdt,2,OPEN_SHORT,3.2,52.2,,True,9386f08b-7d6c-476a-944b-681a8336d94f,Decision Making,2026-02-11T20:18:57.038Z,2026-02-12T04:18:57.038+08:00,AlphaGenesis-SDM-v1,SHORT,,HOLD,SHORT,nearest_decision_symbol,873,done,1,ai_logs
716588495044346611,8e6922e0-d42d-4690-b7ec-063b8c307758,2026-02-11T22:13:30.869Z,2026-02-12T06:13:30.869+08:00,Exit Execution,SDM:Straddle,cmt_solusdt,SHORT,SHORT_SIDE,2.3,83.46,,True,658e5189-3e49-4cdd-93db-40adaac17dac,Exit Decision,2026-02-11T22:13:30.192Z,2026-02-12T06:13:30.192+08:00,SDM:Straddle,close_runner,,,,nearest_exit_decision_symbol,677,done,1,ai_logs
716588545224999667,0ae9f3a5-94ea-46e5-9dfb-4cfa5784420e,2026-02-11T22:13:42.832Z,2026-02-12T06:13:42.832+08:00,Exit Execution,SDM:Straddle,cmt_xrpusdt,SHORT,SHORT_SIDE,60.0,1.3591,,True,95106272-a8e4-4f6f-9a91-4078e0c023f9,Exit Decision,2026-02-11T22:13:42.113Z,2026-02-12T06:13:42.113+08:00,SDM:Straddle,close_runner,,,,nearest_exit_decision_symbol,719,done,1,ai_logs
716588564804010739,2f1589e1-4094-46cf-9911-89cedb1c8659,2026-02-11T22:13:47.501Z,2026-02-12T06:13:47.501+08:00,Exit Execution,SDM:Straddle,cmt_bnbusdt,SHORT,SHORT_SIDE,0.1,598.62,,True,077bdc55-6001-41bb-b43b-d296e70c6169,Exit Decision,2026-02-11T22:13:46.805Z,2026-02-12T06:13:46.805+08:00,SDM:Straddle,close_runner,,,,nearest_exit_decision_symbol,696,done,1,ai_logs
716588581430231795,1f05bc1a-a973-49f3-a8d6-34bf1b7f82fe,2026-02-11T22:13:51.465Z,2026-02-12T06:13:51.465+08:00,Exit Execution,SDM:Straddle,cmt_adausdt,SHORT,SHORT_SIDE,440.0,0.2606,,True,8542cd25-e8ec-4386-bd2b-f7b42a194c95,Exit Decision,2026-02-11T22:13:50.780Z,2026-02-12T06:13:50.780+08:00,SDM:Straddle,close_runner,,,,nearest_exit_decision_symbol,685,done,1,ai_logs
716588610245100275,8071e168-8d08-4d98-9081-090ac5168772,2026-02-11T22:13:58.336Z,2026-02-12T06:13:58.336+08:00,Exit Execution,SDM:Straddle,cmt_dogeusdt,SHORT,SHORT_SIDE,600.0,0.09192,,True,ab7e4548-ac12-4e05-8c4c-4f2aab81c443,Exit Decision,2026-02-11T22:13:54.756Z,2026-02-12T06:13:54.756+08:00,SDM:Straddle,close_runner,,,,nearest_exit_decision_symbol,3580,done,1,ai_logs
716588627043287795,62f77149-7a1c-4b82-8ca1-f98231197abc,2026-02-11T22:14:02.341Z,2026-02-12T06:14:02.341+08:00,Exit Execution,SDM:Straddle,cmt_btcusdt,SHORT,SHORT_SIDE,0.001,66706.5,,True,6d538032-23cb-4899-ad8f-903c59c828b3,Exit Decision,2026-02-11T22:14:01.651Z,2026-02-12T06:14:01.651+08:00,SDM:Straddle,close_runner,,,,nearest_exit_decision_symbol,690,done,1,ai_logs
716590182136021747,aa2b6088-2ea4-4970-9e92-aa4161f40498,2026-02-11T22:20:13.101Z,2026-02-12T06:20:13.101+08:00,Order Execution,SDM:momentum,cmt_ltcusdt,2,OPEN_SHORT,3.2,52.56,,True,298279ec-e412-4345-9436-4a0b9ab6963d,Decision Making,2026-02-11T22:20:12.050Z,2026-02-12T06:20:12.050+08:00,AlphaGenesis-SDM-v1,SHORT,,HOLD,SHORT,nearest_decision_symbol,1051,done,1,ai_logs
716619012934468339,1deb280a-1c98-4dd2-8f6d-3430963a2d7e,2026-02-12T00:14:46.902Z,2026-02-12T08:14:46.902+08:00,Exit Execution,SDM:Straddle,cmt_solusdt,SHORT,SHORT_SIDE,2.3,83.46,,True,888b16ac-b607-490a-8d5d-b17d4f111561,Exit Decision,2026-02-12T00:14:46.210Z,2026-02-12T08:14:46.210+08:00,SDM:Straddle,close_runner,,,,nearest_exit_decision_symbol,692,done,1,ai_logs
716619065824641779,a2f35ab7-559a-42ac-a43b-5e50606c032c,2026-02-12T00:14:59.510Z,2026-02-12T08:14:59.510+08:00,Exit Execution,SDM:Straddle,cmt_xrpusdt,SHORT,SHORT_SIDE,60.0,1.3591,,True,de4c5bad-1041-47ea-9bca-e77e5a6a68be,Exit Decision,2026-02-12T00:14:58.833Z,2026-02-12T08:14:58.833+08:00,SDM:Straddle,close_runner,,,,nearest_exit_decision_symbol,677,done,1,ai_logs
716619085848249075,a92448a9-3823-4c8f-80b8-46cc0349a6e3,2026-02-12T00:15:04.286Z,2026-02-12T08:15:04.286+08:00,Exit Execution,SDM:Straddle,cmt_bnbusdt,SHORT,SHORT_SIDE,0.1,598.62,,True,b6fbd333-8e53-4fc7-b22c-4c66bcec1b16,Exit Decision,2026-02-12T00:15:03.607Z,2026-02-12T08:15:03.607+08:00,SDM:Straddle,close_runner,,,,nearest_exit_decision_symbol,679,done,1,ai_logs
716619102902289139,0eb5f484-d4bd-40c5-99cb-52c2f008aca3,2026-02-12T00:15:08.353Z,2026-02-12T08:15:08.353+08:00,Exit Execution,SDM:Straddle,cmt_adausdt,SHORT,SHORT_SIDE,440.0,0.2606,,True,5c66fc90-6a1d-406f-90c8-90ac5dbb6466,Exit Decision,2026-02-12T00:15:07.665Z,2026-02-12T08:15:07.665+08:00,SDM:Straddle,close_runner,,,,nearest_exit_decision_symbol,688,done,1,ai_logs
716619132342108915,fcff1e42-6729-4691-9484-74eb51a31ff7,2026-02-12T00:15:15.370Z,2026-02-12T08:15:15.370+08:00,Exit Execution,SDM:Straddle,cmt_dogeusdt,SHORT,SHORT_SIDE,600.0,0.09192,,True,c962bda9-07eb-4e63-b54c-1874ee520554,Exit Decision,2026-02-12T00:15:11.717Z,2026-02-12T08:15:11.717+08:00,SDM:Straddle,close_runner,,,,nearest_exit_decision_symbol,3653,done,1,ai_logs
716619148964135667,a725bb16-735d-4ab4-a185-70c392ec0948,2026-02-12T00:15:19.333Z,2026-02-12T08:15:19.333+08:00,Exit Execution,SDM:Straddle,cmt_btcusdt,SHORT,SHORT_SIDE,0.001,66706.5,,True,c3a73130-2e3b-4bf6-8a9c-728865381d4b,Exit Decision,2026-02-12T00:15:18.661Z,2026-02-12T08:15:18.661+08:00,SDM:Straddle,close_runner,,,,nearest_exit_decision_symbol,672,done,1,ai_logs
716620700261024499,e8aa518e-02a6-417c-a23c-61921fe57dc0,2026-02-12T00:21:29.192Z,2026-02-12T08:21:29.192+08:00,Order Execution,SDM:momentum,cmt_ltcusdt,2,OPEN_SHORT,3.2,52.56,,True,1f50d99e-f42c-4f9e-bad5-3223380b4cfa,Exit Decision,2026-02-13T00:19:33.954Z,2026-02-13T08:19:33.954+08:00,PositionMonitor,,,,,exact_order_id,-86284762,done,1,ai_logs
716648411314520819,e1bc66ea-c7aa-415c-9100-178b586e1092,2026-02-12T02:11:36.022Z,2026-02-12T10:11:36.022+08:00,Exit Execution,SDM:Straddle,cmt_solusdt,SHORT,SHORT_SIDE,2.3,83.46,,True,6a4c66cb-5bde-4c9b-9e40-04293d2bbaad,Exit Decision,2026-02-12T02:11:35.347Z,2026-02-12T10:11:35.347+08:00,SDM:Straddle,close_runner,,,,nearest_exit_decision_symbol,675,done,1,ai_logs
716648447502975731,5202b9a7-0c9c-4f23-a438-1b6a0c1ac2e9,2026-02-12T02:11:44.650Z,2026-02-12T10:11:44.650+08:00,Exit Execution,SDM:Straddle,cmt_xrpusdt,SHORT,SHORT_SIDE,60.0,1.3591,,True,91d7cae8-49c0-4e80-9bff-7c32a99535f5,Exit Decision,2026-02-12T02:11:43.967Z,2026-02-12T10:11:43.967+08:00,SDM:Straddle,close_runner,,,,nearest_exit_decision_symbol,683,done,1,ai_logs
716648467228787443,654ba3e3-c2de-47df-a1f2-817cc518061c,2026-02-12T02:11:49.353Z,2026-02-12T10:11:49.353+08:00,Exit Execution,SDM:Straddle,cmt_bnbusdt,SHORT,SHORT_SIDE,0.1,598.62,,True,3d400b80-e8ea-4085-a5db-082a378784fe,Exit Decision,2026-02-12T02:11:48.665Z,2026-02-12T10:11:48.665+08:00,SDM:Straddle,close_runner,,,,nearest_exit_decision_symbol,688,done,1,ai_logs
716648484110861043,9d1a5f89-24b9-4391-8f01-f1c0b6d2eb8b,2026-02-12T02:11:53.378Z,2026-02-12T10:11:53.378+08:00,Exit Execution,SDM:Straddle,cmt_adausdt,SHORT,SHORT_SIDE,440.0,0.2606,,True,07c922d4-362b-4bcd-8eca-9a5b6b71f946,Exit Decision,2026-02-12T02:11:52.695Z,2026-02-12T10:11:52.695+08:00,SDM:Straddle,close_runner,,,,nearest_exit_decision_symbol,683,done,1,ai_logs
716648513072530163,ff4cf30a-3db5-4e84-bb8e-6fdfb4ad808c,2026-02-12T02:12:00.283Z,2026-02-12T10:12:00.283+08:00,Exit Execution,SDM:Straddle,cmt_dogeusdt,SHORT,SHORT_SIDE,600.0,0.09192,,True,e548cc5e-792e-46a1-b0da-64c87ca4449d,Exit Decision,2026-02-12T02:11:56.704Z,2026-02-12T10:11:56.704+08:00,SDM:Straddle,close_runner,,,,nearest_exit_decision_symbol,3579,done,1,ai_logs
716648530118181619,2939f75c-a18a-4f8c-8803-30120e71e163,2026-02-12T02:12:04.356Z,2026-02-12T10:12:04.356+08:00,Exit Execution,SDM:Straddle,cmt_btcusdt,SHORT,SHORT_SIDE,0.001,66706.5,,True,5a39ca5b-5673-4599-ad06-2b0d7fb60eb3,Exit Decision,2026-02-12T02:12:03.663Z,2026-02-12T10:12:03.663+08:00,SDM:Straddle,close_runner,,,,nearest_exit_decision_symbol,693,done,1,ai_logs
716649315862315763,45bb22f9-f266-415c-853e-eb43c090746c,2026-02-12T02:15:11.683Z,2026-02-12T10:15:11.683+08:00,Exit Execution,SDM:Straddle,cmt_solusdt,SHORT,SHORT_SIDE,2.3,83.46,,True,912e686e-d2c5-4ac2-a525-e5f43dd85a36,Exit Decision,2026-02-12T02:15:11.006Z,2026-02-12T10:15:11.006+08:00,SDM:Straddle,close_runner,,,,nearest_exit_decision_symbol,677,done,1,ai_logs
716649352264680179,8324c8c1-cb2c-4084-81c2-a3be1a431fa3,2026-02-12T02:15:20.361Z,2026-02-12T10:15:20.361+08:00,Exit Execution,SDM:Straddle,cmt_xrpusdt,SHORT,SHORT_SIDE,60.0,1.3591,,True,564dcd76-2234-4606-b877-6ea4e074da26,Exit Decision,2026-02-12T02:15:19.679Z,2026-02-12T10:15:19.679+08:00,SDM:Straddle,close_runner,,,,nearest_exit_decision_symbol,682,done,1,ai_logs
716649371919188723,4daa635b-c2cf-4a13-a352-7c919fb601df,2026-02-12T02:15:25.049Z,2026-02-12T10:15:25.049+08:00,Exit Execution,SDM:Straddle,cmt_bnbusdt,SHORT,SHORT_SIDE,0.1,598.62,,True,8434811b-d0b2-46f1-8f58-cf1c707ff396,Exit Decision,2026-02-12T02:15:24.367Z,2026-02-12T10:15:24.367+08:00,SDM:Straddle,close_runner,,,,nearest_exit_decision_symbol,682,done,1,ai_logs
716649389094863603,e3a19caf-79dd-45a0-960f-1d265abebc6b,2026-02-12T02:15:29.143Z,2026-02-12T10:15:29.143+08:00,Exit Execution,SDM:Straddle,cmt_adausdt,SHORT,SHORT_SIDE,440.0,0.2606,,True,9ace42b6-8aa6-4164-9e1d-3fd5d5305482,Exit Decision,2026-02-12T02:15:28.458Z,2026-02-12T10:15:28.458+08:00,SDM:Straddle,close_runner,,,,nearest_exit_decision_symbol,685,done,1,ai_logs
716649417993618163,5db87368-fab4-4769-a040-a5cdc7f8df8f,2026-02-12T02:15:36.033Z,2026-02-12T10:15:36.033+08:00,Exit Execution,SDM:Straddle,cmt_dogeusdt,SHORT,SHORT_SIDE,600.0,0.09192,,True,458d859f-d719-41c6-a651-cdb02e1a2f6a,Exit Decision,2026-02-12T02:15:32.449Z,2026-02-12T10:15:32.449+08:00,SDM:Straddle,close_runner,,,,nearest_exit_decision_symbol,3584,done,1,ai_logs
716649434724696819,a3c7d966-63d3-4543-b65f-96ab287d78bb,2026-02-12T02:15:40.020Z,2026-02-12T10:15:40.020+08:00,Exit Execution,SDM:Straddle,cmt_btcusdt,SHORT,SHORT_SIDE,0.001,66706.5,,True,dfb80df9-20c5-45ae-8c60-82ccbf767dea,Exit Decision,2026-02-12T02:15:39.346Z,2026-02-12T10:15:39.346+08:00,SDM:Straddle,close_runner,,,,nearest_exit_decision_symbol,674,done,1,ai_logs
716650952181940979,4343af70-a54a-47e0-a37f-42f01243a6f8,2026-02-12T02:21:41.811Z,2026-02-12T10:21:41.811+08:00,Exit Execution,SDM:Straddle,cmt_ltcusdt,SHORT,SHORT_SIDE,3.2,52.56,,True,506bd93d-77bd-4d05-9f76-361c6ad6e250,Exit Decision,2026-02-12T02:21:41.143Z,2026-02-12T10:21:41.143+08:00,SDM:Straddle,close_short,,,,nearest_exit_decision_symbol,668,done,1,ai_logs
716680720923230963,4200ca78-c1e0-408f-abc2-7b5792a5d0c8,2026-02-12T04:19:59.232Z,2026-02-12T12:19:59.232+08:00,Exit Execution,SDM:Straddle,cmt_solusdt,SHORT,SHORT_SIDE,2.3,83.46,,True,07bd96bb-4a57-4b76-9d19-b44d7e3fe7c7,Exit Decision,2026-02-12T04:19:58.549Z,2026-02-12T12:19:58.549+08:00,SDM:Straddle,close_runner,,,,nearest_exit_decision_symbol,683,done,1,ai_logs
716680757799551731,519e52cf-8199-4bd7-869c-3d812f0a97e3,2026-02-12T04:20:08.025Z,2026-02-12T12:20:08.025+08:00,Exit Execution,SDM:Straddle,cmt_xrpusdt,SHORT,SHORT_SIDE,60.0,1.3591,,True,d1343883-0994-4972-934a-8d3df36953b2,Exit Decision,2026-02-12T04:20:07.342Z,2026-02-12T12:20:07.342+08:00,SDM:Straddle,close_runner,,,,nearest_exit_decision_symbol,683,done,1,ai_logs
716680777382757107,7f650931-3286-43ed-9d04-ed99a7f6917a,2026-02-12T04:20:12.694Z,2026-02-12T12:20:12.694+08:00,Exit Execution,SDM:Straddle,cmt_bnbusdt,SHORT,SHORT_SIDE,0.1,598.62,,True,a15fea10-8794-4328-a379-bda172dde9fe,Exit Decision,2026-02-12T04:20:12.009Z,2026-02-12T12:20:12.009+08:00,SDM:Straddle,close_runner,,,,nearest_exit_decision_symbol,685,done,1,ai_logs
716680794130612979,0d87333b-1068-44b6-99c7-3ccc1e20101f,2026-02-12T04:20:16.687Z,2026-02-12T12:20:16.687+08:00,Exit Execution,SDM:Straddle,cmt_adausdt,SHORT,SHORT_SIDE,440.0,0.2606,,True,7e272f5f-f5e8-476f-9bdf-57173c811f76,Exit Decision,2026-02-12T04:20:16.008Z,2026-02-12T12:20:16.008+08:00,SDM:Straddle,close_runner,,,,nearest_exit_decision_symbol,679,done,1,ai_logs
716680823062921971,831c317c-344e-4f1a-810f-35951b4cbbfc,2026-02-12T04:20:23.585Z,2026-02-12T12:20:23.585+08:00,Exit Execution,SDM:Straddle,cmt_dogeusdt,SHORT,SHORT_SIDE,600.0,0.09192,,True,2a6f1be0-ce23-4baa-af8c-3d39a7efa692,Exit Decision,2026-02-12T04:20:20.003Z,2026-02-12T12:20:20.003+08:00,SDM:Straddle,close_runner,,,,nearest_exit_decision_symbol,3582,done,1,ai_logs
716680839861109491,f3d3a5ea-c09c-4222-903b-e2ad64ad5cfc,2026-02-12T04:20:27.589Z,2026-02-12T12:20:27.589+08:00,Exit Execution,SDM:Straddle,cmt_btcusdt,SHORT,SHORT_SIDE,0.001,66706.5,,True,39768185-d931-4c04-86ae-ddf14ec32075,Exit Decision,2026-02-12T04:20:26.912Z,2026-02-12T12:20:26.912+08:00,SDM:Straddle,close_runner,,,,nearest_exit_decision_symbol,677,done,1,ai_logs
716682356362052339,dd029791-7470-495c-92ff-4c9d9382c0e1,2026-02-12T04:26:29.150Z,2026-02-12T12:26:29.150+08:00,Exit Execution,SDM:Straddle,cmt_ltcusdt,SHORT,SHORT_SIDE,3.2,52.56,,True,528a0120-85f1-43f2-bfa6-ad86e348104b,Exit Decision,2026-02-12T04:26:28.489Z,2026-02-12T12:26:28.489+08:00,SDM:Straddle,close_short,,,,nearest_exit_decision_symbol,661,done,1,ai_logs
716712154014679795,bcca3a02-a8d6-4330-b206-80e793dd19c9,2026-02-12T06:24:53.466Z,2026-02-12T14:24:53.466+08:00,Exit Execution,SDM:Straddle,cmt_solusdt,SHORT,SHORT_SIDE,2.3,83.46,,True,1620b45c-e355-424e-bc44-98b76373081c,Exit Decision,2026-02-12T06:24:52.775Z,2026-02-12T14:24:52.775+08:00,SDM:Straddle,close_runner,,,,nearest_exit_decision_symbol,691,done,1,ai_logs
716712187497808627,8d7e50a7-5f7b-40c2-895e-11e748ad0993,2026-02-12T06:25:01.451Z,2026-02-12T14:25:01.451+08:00,Exit Execution,SDM:Straddle,cmt_ltcusdt,SHORT,SHORT_SIDE,3.2,52.56,,True,294c4a55-73eb-438d-9cc8-3af9d2386680,Exit Decision,2026-02-12T06:25:00.765Z,2026-02-12T14:25:00.765+08:00,SDM:Straddle,close_runner,,,,nearest_exit_decision_symbol,686,done,1,ai_logs
716712204610568947,c6bdb993-2ebf-4d1b-a5fb-9b093d7e459c,2026-02-12T06:25:05.528Z,2026-02-12T14:25:05.528+08:00,Exit Execution,SDM:Straddle,cmt_xrpusdt,SHORT,SHORT_SIDE,60.0,1.3591,,True,4d9dc6c0-5dae-4058-bb61-680dde16ce00,Exit Decision,2026-02-12T06:25:04.815Z,2026-02-12T14:25:04.815+08:00,SDM:Straddle,close_runner,,,,nearest_exit_decision_symbol,713,done,1,ai_logs
716712224260883187,b226b492-7e6a-4618-bf7b-0ca988cbced2,2026-02-12T06:25:10.213Z,2026-02-12T14:25:10.213+08:00,Exit Execution,SDM:Straddle,cmt_bnbusdt,SHORT,SHORT_SIDE,0.1,598.62,,True,5b7b0b3f-d3da-48d7-9c9c-70d02e4c5a96,Exit Decision,2026-02-12T06:25:09.546Z,2026-02-12T14:25:09.546+08:00,SDM:Straddle,close_runner,,,,nearest_exit_decision_symbol,667,done,1,ai_logs
716712241012933363,f9827c8c-8997-4f00-9b6c-f77b1b2c25b0,2026-02-12T06:25:14.208Z,2026-02-12T14:25:14.208+08:00,Exit Execution,SDM:Straddle,cmt_adausdt,SHORT,SHORT_SIDE,440.0,0.2606,,True,9fb97248-4db5-4602-b391-cfe10f6c92c8,Exit Decision,2026-02-12T06:25:13.541Z,2026-02-12T14:25:13.541+08:00,SDM:Straddle,close_runner,,,,nearest_exit_decision_symbol,667,done,1,ai_logs
716712269827801843,1c9cf810-0b0c-47b0-899a-cd367607ca57,2026-02-12T06:25:21.077Z,2026-02-12T14:25:21.077+08:00,Exit Execution,SDM:Straddle,cmt_dogeusdt,SHORT,SHORT_SIDE,600.0,0.09192,,True,df710085-d535-4b8e-95dc-2dfb2a39c906,Exit Decision,2026-02-12T06:25:17.519Z,2026-02-12T14:25:17.519+08:00,SDM:Straddle,close_runner,,,,nearest_exit_decision_symbol,3558,done,1,ai_logs
716712286495965939,5c6d0639-ee7b-4385-90ae-c250978aa97f,2026-02-12T06:25:25.051Z,2026-02-12T14:25:25.051+08:00,Exit Execution,SDM:Straddle,cmt_btcusdt,SHORT,SHORT_SIDE,0.001,66706.5,,True,5a59ce5f-d0cb-4c56-b3ac-3a778c4d33f8,Exit Decision,2026-02-12T06:25:24.372Z,2026-02-12T14:25:24.372+08:00,SDM:Straddle,close_runner,,,,nearest_exit_decision_symbol,679,done,1,ai_logs
716743527291159283,e01b7461-3ffb-4e08-bd94-466a2b2f1a48,2026-02-12T08:29:33.436Z,2026-02-12T16:29:33.436+08:00,Exit Execution,SDM:Straddle,cmt_solusdt,SHORT,SHORT_SIDE,2.3,83.46,,True,6305d15a-8a22-4017-8d5a-945bcfe3aa46,Exit Decision,2026-02-12T08:29:32.753Z,2026-02-12T16:29:32.753+08:00,SDM:Straddle,close_runner,,,,nearest_exit_decision_symbol,683,done,1,ai_logs
716743561147581171,f81a71dd-8406-4518-a1ad-74b2fec67a30,2026-02-12T08:29:41.509Z,2026-02-12T16:29:41.509+08:00,Exit Execution,SDM:Straddle,cmt_ltcusdt,SHORT,SHORT_SIDE,3.2,52.56,,True,5e7e8cb2-0ebb-4ce9-a6f8-ca072e074408,Exit Decision,2026-02-12T08:29:40.832Z,2026-02-12T16:29:40.832+08:00,SDM:Straddle,close_runner,,,,nearest_exit_decision_symbol,677,done,1,ai_logs
716743577882854131,d7f13cf5-2649-45db-b486-34aef68844e7,2026-02-12T08:29:45.500Z,2026-02-12T16:29:45.500+08:00,Exit Execution,SDM:Straddle,cmt_xrpusdt,SHORT,SHORT_SIDE,60.0,1.3591,,True,f6df776c-cd35-4393-a204-bfc7bed01644,Exit Decision,2026-02-12T08:29:44.821Z,2026-02-12T16:29:44.821+08:00,SDM:Straddle,close_runner,,,,nearest_exit_decision_symbol,679,done,1,ai_logs
716743597474448115,5f60666c-2ca7-49c9-9f39-2521d0cff2a3,2026-02-12T08:29:50.170Z,2026-02-12T16:29:50.170+08:00,Exit Execution,SDM:Straddle,cmt_bnbusdt,SHORT,SHORT_SIDE,0.1,598.62,,True,a7f762f4-76a3-4ac2-9bcc-bbf13f55349c,Exit Decision,2026-02-12T08:29:49.497Z,2026-02-12T16:29:49.497+08:00,SDM:Straddle,close_runner,,,,nearest_exit_decision_symbol,673,done,1,ai_logs
716743614218109683,8c5b5fc4-089c-4254-bf1d-cf153e515715,2026-02-12T08:29:54.162Z,2026-02-12T16:29:54.162+08:00,Exit Execution,SDM:Straddle,cmt_adausdt,SHORT,SHORT_SIDE,440.0,0.2606,,True,d5375753-a939-4168-9af5-a02c3a41eb96,Exit Decision,2026-02-12T08:29:53.491Z,2026-02-12T16:29:53.491+08:00,SDM:Straddle,close_runner,,,,nearest_exit_decision_symbol,671,done,1,ai_logs
716743643238499059,38c9a6ab-c476-4adc-89c9-dfdbd151f197,2026-02-12T08:30:01.081Z,2026-02-12T16:30:01.081+08:00,Exit Execution,SDM:Straddle,cmt_dogeusdt,SHORT,SHORT_SIDE,600.0,0.09192,,True,eaf54e44-aa22-4a6d-818b-33783faae7cd,Exit Decision,2026-02-12T08:29:57.471Z,2026-02-12T16:29:57.471+08:00,SDM:Straddle,close_runner,,,,nearest_exit_decision_symbol,3610,done,1,ai_logs
716743662687486707,97c53d3a-48d5-4842-ae92-91764dafb1db,2026-02-12T08:30:05.717Z,2026-02-12T16:30:05.717+08:00,Exit Execution,SDM:Straddle,cmt_btcusdt,SHORT,SHORT_SIDE,0.001,66706.5,,True,cd4e007b-6435-4703-a066-c1f8cd1aab9d,Exit Decision,2026-02-12T08:30:05.019Z,2026-02-12T16:30:05.019+08:00,SDM:Straddle,close_runner,,,,nearest_exit_decision_symbol,698,done,1,ai_logs
716774737870586611,308d1d1b-0291-4c99-84b2-779844f9f050,2026-02-12T10:33:34.620Z,2026-02-12T18:33:34.620+08:00,Exit Execution,SDM:Straddle,cmt_solusdt,SHORT,SHORT_SIDE,2.3,83.46,,True,85f4ad0a-9861-4be4-b7e8-5e9cdaa5992c,Exit Decision,2026-02-12T10:33:33.938Z,2026-02-12T18:33:33.938+08:00,SDM:Straddle,close_runner,,,,nearest_exit_decision_symbol,682,done,1,ai_logs
716774771244663539,9d457bc8-d507-4362-ab33-ea5f31fb5773,2026-02-12T10:33:42.576Z,2026-02-12T18:33:42.576+08:00,Exit Execution,SDM:Straddle,cmt_ltcusdt,SHORT,SHORT_SIDE,3.2,52.56,,True,201d4d02-f137-4cf3-976f-50560eccba5b,Exit Decision,2026-02-12T10:33:41.898Z,2026-02-12T18:33:41.898+08:00,SDM:Straddle,close_runner,,,,nearest_exit_decision_symbol,678,done,1,ai_logs
716774787946382067,b1098383-053d-4ddb-ae3a-e598046c142b,2026-02-12T10:33:46.557Z,2026-02-12T18:33:46.557+08:00,Exit Execution,SDM:Straddle,cmt_xrpusdt,SHORT,SHORT_SIDE,60.0,1.3591,,True,87f3e189-f9bf-4168-b63b-4363a301afda,Exit Decision,2026-02-12T10:33:45.884Z,2026-02-12T18:33:45.884+08:00,SDM:Straddle,close_runner,,,,nearest_exit_decision_symbol,673,done,1,ai_logs
716774804568408819,1c64b1ed-e2a7-47bb-916e-61a31234982e,2026-02-12T10:33:50.520Z,2026-02-12T18:33:50.520+08:00,Exit Execution,SDM:Straddle,cmt_bnbusdt,SHORT,SHORT_SIDE,0.1,598.62,,True,cd964ed2-6941-49f1-8cf3-17a26c9144ad,Exit Decision,2026-02-12T10:33:49.848Z,2026-02-12T18:33:49.848+08:00,SDM:Straddle,close_runner,,,,nearest_exit_decision_symbol,672,done,1,ai_logs
716774821282710259,4da4729b-5423-4bec-be57-f01cee0c0925,2026-02-12T10:33:54.505Z,2026-02-12T18:33:54.505+08:00,Exit Execution,SDM:Straddle,cmt_adausdt,SHORT,SHORT_SIDE,440.0,0.2606,,True,d91a1808-8f23-46da-849f-618cc93dec39,Exit Decision,2026-02-12T10:33:53.833Z,2026-02-12T18:33:53.833+08:00,SDM:Straddle,close_runner,,,,nearest_exit_decision_symbol,672,done,1,ai_logs
716774850324071155,7be08e68-9efd-4146-9a2d-de751421cb59,2026-02-12T10:34:01.430Z,2026-02-12T18:34:01.430+08:00,Exit Execution,SDM:Straddle,cmt_dogeusdt,SHORT,SHORT_SIDE,600.0,0.09192,,True,d558ccca-dcb0-48a6-9e56-a387375bea6e,Exit Decision,2026-02-12T10:33:57.793Z,2026-02-12T18:33:57.793+08:00,SDM:Straddle,close_runner,,,,nearest_exit_decision_symbol,3637,done,1,ai_logs
716774867399082739,f6274009-db33-46f7-bc6f-aaffa3867818,2026-02-12T10:34:05.500Z,2026-02-12T18:34:05.500+08:00,Exit Execution,SDM:Straddle,cmt_btcusdt,SHORT,SHORT_SIDE,0.001,66706.5,,True,8f554c05-9662-4ace-b76a-40a06073166d,Exit Decision,2026-02-12T10:34:04.796Z,2026-02-12T18:34:04.796+08:00,SDM:Straddle,close_runner,,,,nearest_exit_decision_symbol,704,done,1,ai_logs
716798746360283891,0025567b-e120-4f18-933d-e10ab68cc854,2026-02-12T12:08:58.690Z,2026-02-12T20:08:58.690+08:00,Exit Execution,SDM:Straddle,cmt_solusdt,SHORT,SHORT_SIDE,2.3,83.46,,True,e1e38a9c-7e89-4fcc-8bb9-206eb943fc93,Exit Decision,2026-02-12T12:08:58.000Z,2026-02-12T20:08:58.000+08:00,SDM:Straddle,close_runner,,,,nearest_exit_decision_symbol,690,done,1,ai_logs
716798780262843123,36493fdc-1ec1-4cc6-972f-8833089f3aa5,2026-02-12T12:09:06.773Z,2026-02-12T20:09:06.773+08:00,Exit Execution,SDM:Straddle,cmt_ltcusdt,SHORT,SHORT_SIDE,2.4,52.56,,True,aa430924-0248-4f36-bfbb-8d74dbad563c,Exit Decision,2026-02-12T12:09:06.093Z,2026-02-12T20:09:06.093+08:00,SDM:Straddle,close_runner,,,,nearest_exit_decision_symbol,680,done,1,ai_logs
716798797115556595,a6892925-08ba-4ebb-9117-2d2f7060c9ba,2026-02-12T12:09:10.790Z,2026-02-12T20:09:10.790+08:00,Exit Execution,SDM:Straddle,cmt_xrpusdt,SHORT,SHORT_SIDE,60.0,1.3591,,True,0ce2a19d-8584-414a-b60d-9c8b128bae1e,Exit Decision,2026-02-12T12:09:10.117Z,2026-02-12T20:09:10.117+08:00,SDM:Straddle,close_runner,,,,nearest_exit_decision_symbol,673,done,1,ai_logs
716798813796303603,e01be90b-564c-4596-8f72-f6770ff55ab6,2026-02-12T12:09:14.767Z,2026-02-12T20:09:14.767+08:00,Exit Execution,SDM:Straddle,cmt_bnbusdt,SHORT,SHORT_SIDE,0.1,598.62,,True,a1ab67ac-36e0-4f8d-969d-ffbf39bfab7c,Exit Decision,2026-02-12T12:09:14.093Z,2026-02-12T20:09:14.093+08:00,SDM:Straddle,close_runner,,,,nearest_exit_decision_symbol,674,done,1,ai_logs
716798830548353779,d9f2b5e7-b788-4e9b-9e3c-cbed886e1c49,2026-02-12T12:09:18.760Z,2026-02-12T20:09:18.760+08:00,Exit Execution,SDM:Straddle,cmt_adausdt,SHORT,SHORT_SIDE,440.0,0.2606,,True,7cf9f693-f0d1-44c0-85e3-b1eeb7525d3d,Exit Decision,2026-02-12T12:09:18.082Z,2026-02-12T20:09:18.082+08:00,SDM:Straddle,close_runner,,,,nearest_exit_decision_symbol,678,done,1,ai_logs
716798859749098227,a5b85cc3-63cb-4f6c-be39-ff16cc5a1173,2026-02-12T12:09:25.725Z,2026-02-12T20:09:25.725+08:00,Exit Execution,SDM:Straddle,cmt_dogeusdt,SHORT,SHORT_SIDE,600.0,0.09192,,True,eb429bdd-b462-4b09-a492-b9aa051cebb9,Exit Decision,2026-02-12T12:09:22.106Z,2026-02-12T20:09:22.106+08:00,SDM:Straddle,close_runner,,,,nearest_exit_decision_symbol,3619,done,1,ai_logs
716798876475982579,41b1066e-fc27-4fde-b332-7212623d7149,2026-02-12T12:09:29.711Z,2026-02-12T20:09:29.711+08:00,Exit Execution,SDM:Straddle,cmt_btcusdt,SHORT,SHORT_SIDE,0.001,66706.5,,True,578e2a4d-8c8a-46d5-894d-f499dc23804d,Exit Decision,2026-02-12T12:09:29.030Z,2026-02-12T20:09:29.030+08:00,SDM:Straddle,close_runner,,,,nearest_exit_decision_symbol,681,done,1,ai_logs
716800386542863091,4a64ab82-5102-4653-8fe6-033a3f67d2b9,2026-02-12T12:15:29.739Z,2026-02-12T20:15:29.739+08:00,Exit Execution,SDM:Straddle,cmt_solusdt,SHORT,SHORT_SIDE,2.3,83.46,,True,288020bb-9fcd-4575-b0e0-4bc240b561f4,Exit Decision,2026-02-12T12:15:29.065Z,2026-02-12T20:15:29.065+08:00,SDM:Straddle,close_runner,,,,nearest_exit_decision_symbol,674,done,1,ai_logs
716800432281748211,e388bbdf-977e-4ccc-8490-da385fef85c4,2026-02-12T12:15:40.644Z,2026-02-12T20:15:40.644+08:00,Exit Execution,SDM:Straddle,cmt_ltcusdt,SHORT,SHORT_SIDE,2.4,52.56,,True,b5a53612-681b-4396-afd9-97f405ff034c,Exit Decision,2026-02-12T12:15:37.060Z,2026-02-12T20:15:37.060+08:00,SDM:Straddle,close_runner,,,,nearest_exit_decision_symbol,3584,done,1,ai_logs
716800448996049651,37bd5b97-e05f-43ac-ab15-267fac0df5c2,2026-02-12T12:15:44.628Z,2026-02-12T20:15:44.628+08:00,Exit Execution,SDM:Straddle,cmt_xrpusdt,SHORT,SHORT_SIDE,60.0,1.3591,,True,08cb954b-c451-483b-8cd5-0bca23ad9285,Exit Decision,2026-02-12T12:15:43.948Z,2026-02-12T20:15:43.948+08:00,SDM:Straddle,close_runner,,,,nearest_exit_decision_symbol,680,done,1,ai_logs
716800467723617011,a54f9573-5412-4e9f-a025-6dabe8906fa1,2026-02-12T12:15:49.095Z,2026-02-12T20:15:49.095+08:00,Exit Execution,SDM:Straddle,cmt_bnbusdt,SHORT,SHORT_SIDE,0.1,598.62,,True,9f19a618-bb78-431a-93cf-94f2f2e3a2ac,Exit Decision,2026-02-12T12:15:48.415Z,2026-02-12T20:15:48.415+08:00,SDM:Straddle,close_runner,,,,nearest_exit_decision_symbol,680,done,1,ai_logs
716800484580524787,ac1492b7-0d6c-4b90-9ab5-d7a8069e9c65,2026-02-12T12:15:53.112Z,2026-02-12T20:15:53.112+08:00,Exit Execution,SDM:Straddle,cmt_adausdt,SHORT,SHORT_SIDE,440.0,0.2606,,True,9753f748-e269-4919-aa4f-853bc365ae7f,Exit Decision,2026-02-12T12:15:52.450Z,2026-02-12T20:15:52.450+08:00,SDM:Straddle,close_runner,,,,nearest_exit_decision_symbol,662,done,1,ai_logs
716800513680605939,c27a6545-8a64-4bb5-a9cc-6495ca871d93,2026-02-12T12:16:00.051Z,2026-02-12T20:16:00.051+08:00,Exit Execution,SDM:Straddle,cmt_dogeusdt,SHORT,SHORT_SIDE,600.0,0.09192,,True,ffe103b6-8927-4319-a040-ed1d0b09c9f5,Exit Decision,2026-02-12T12:15:56.424Z,2026-02-12T20:15:56.424+08:00,SDM:Straddle,close_runner,,,,nearest_exit_decision_symbol,3627,done,1,ai_logs
716800530894029555,fa6a5713-5677-4dcd-bf1c-1b0cf2eb4946,2026-02-12T12:16:04.154Z,2026-02-12T20:16:04.154+08:00,Exit Execution,SDM:Straddle,cmt_btcusdt,SHORT,SHORT_SIDE,0.001,66706.5,,True,efa9ae58-17ac-4c91-9b8b-7ca44e5ad6f0,Exit Decision,2026-02-12T12:16:03.471Z,2026-02-12T20:16:03.471+08:00,SDM:Straddle,close_runner,,,,nearest_exit_decision_symbol,683,done,1,ai_logs
716804591257125619,3bcc83aa-b2a8-47cd-b964-189fd38a15ac,2026-02-12T12:32:12.220Z,2026-02-12T20:32:12.220+08:00,Exit Execution,SDM:Straddle,cmt_solusdt,SHORT,SHORT_SIDE,2.3,83.46,,True,6a88d888-2e72-40f7-bd79-c054c2b9adc4,Exit Decision,2026-02-12T12:32:11.517Z,2026-02-12T20:32:11.517+08:00,SDM:Straddle,close_runner,,,,nearest_exit_decision_symbol,703,done,1,ai_logs
716804637675487987,64a553d6-fd90-497c-b044-dbf04d6d8dcf,2026-02-12T12:32:23.288Z,2026-02-12T20:32:23.288+08:00,Exit Execution,SDM:Straddle,cmt_ltcusdt,SHORT,SHORT_SIDE,2.4,52.56,,True,5caaa9cd-ed3f-4231-a977-49bee4f3fa3e,Exit Decision,2026-02-12T12:32:19.632Z,2026-02-12T20:32:19.632+08:00,SDM:Straddle,close_runner,,,,nearest_exit_decision_symbol,3656,done,1,ai_logs
716804654737916659,4898581a-003c-441e-adca-82b7ff3faade,2026-02-12T12:32:27.356Z,2026-02-12T20:32:27.356+08:00,Exit Execution,SDM:Straddle,cmt_xrpusdt,SHORT,SHORT_SIDE,60.0,1.3591,,True,cb25444a-e76b-43da-8f88-0ded5fcb752e,Exit Decision,2026-02-12T12:32:26.648Z,2026-02-12T20:32:26.648+08:00,SDM:Straddle,close_runner,,,,nearest_exit_decision_symbol,708,done,1,ai_logs
716804671724847859,559a36c7-1792-4ef0-bb8b-6d2ee3ff3498,2026-02-12T12:32:31.405Z,2026-02-12T20:32:31.405+08:00,Exit Execution,SDM:Straddle,cmt_bnbusdt,SHORT,SHORT_SIDE,0.1,598.62,,True,6ace288e-ba8e-442a-a3dd-1a84d9535f76,Exit Decision,2026-02-12T12:32:30.726Z,2026-02-12T20:32:30.726+08:00,SDM:Straddle,close_runner,,,,nearest_exit_decision_symbol,679,done,1,ai_logs
716804688531423987,5e2566bb-272b-4e85-b1af-9074435f1834,2026-02-12T12:32:35.413Z,2026-02-12T20:32:35.413+08:00,Exit Execution,SDM:Straddle,cmt_adausdt,SHORT,SHORT_SIDE,440.0,0.2606,,True,2ccea8d5-a618-4325-8eb3-b2473ea1b7ff,Exit Decision,2026-02-12T12:32:34.741Z,2026-02-12T20:32:34.741+08:00,SDM:Straddle,close_runner,,,,nearest_exit_decision_symbol,672,done,1,ai_logs
716804717778305779,2222bbf1-3724-439d-a6e0-a0d5d4800a54,2026-02-12T12:32:42.387Z,2026-02-12T20:32:42.387+08:00,Exit Execution,SDM:Straddle,cmt_dogeusdt,SHORT,SHORT_SIDE,600.0,0.09192,,True,e2f25193-fd8e-4a3d-8d93-10760d2ed7a8,Exit Decision,2026-02-12T12:32:38.800Z,2026-02-12T20:32:38.800+08:00,SDM:Straddle,close_runner,,,,nearest_exit_decision_symbol,3587,done,1,ai_logs
716804734526161651,776021d8-dfa6-44e8-ad93-5710ee6e9324,2026-02-12T12:32:46.379Z,2026-02-12T20:32:46.379+08:00,Exit Execution,SDM:Straddle,cmt_btcusdt,SHORT,SHORT_SIDE,0.001,66706.5,,True,3e2c0a7a-1d59-4397-bc96-75bb3f2da5bb,Exit Decision,2026-02-12T12:32:45.710Z,2026-02-12T20:32:45.710+08:00,SDM:Straddle,close_runner,,,,nearest_exit_decision_symbol,669,done,1,ai_logs
716805410731852531,9148e2b4-d45a-49a9-ae6a-08f0af3a020e,2026-02-12T12:35:27.598Z,2026-02-12T20:35:27.598+08:00,Exit Execution,SDM:Straddle,cmt_solusdt,SHORT,SHORT_SIDE,2.3,83.46,,True,b5fc114c-2203-4462-be21-b23e226ff4cb,Exit Decision,2026-02-12T12:35:26.919Z,2026-02-12T20:35:26.919+08:00,SDM:Straddle,close_runner,,,,nearest_exit_decision_symbol,679,done,1,ai_logs
716805456814670579,6d86151c-3b91-42d3-80a7-15f3ac09bd7c,2026-02-12T12:35:38.586Z,2026-02-12T20:35:38.586+08:00,Exit Execution,SDM:Straddle,cmt_ltcusdt,SHORT,SHORT_SIDE,2.4,52.56,,True,f81015af-776a-4d3f-be54-d0547a5445c4,Exit Decision,2026-02-12T12:35:34.985Z,2026-02-12T20:35:34.985+08:00,SDM:Straddle,close_runner,,,,nearest_exit_decision_symbol,3601,done,1,ai_logs
716805473596080883,e6fc1b4a-4f68-49c3-8112-23092fa862f6,2026-02-12T12:35:42.587Z,2026-02-12T20:35:42.587+08:00,Exit Execution,SDM:Straddle,cmt_xrpusdt,SHORT,SHORT_SIDE,60.0,1.3591,,True,2e6c7dc7-fc05-40ef-abd9-f18e980d3bf4,Exit Decision,2026-02-12T12:35:41.899Z,2026-02-12T20:35:41.899+08:00,SDM:Straddle,close_runner,,,,nearest_exit_decision_symbol,688,done,1,ai_logs
716805490281022195,9be66bd2-7e92-4857-8b73-263d56523025,2026-02-12T12:35:46.565Z,2026-02-12T20:35:46.565+08:00,Exit Execution,SDM:Straddle,cmt_bnbusdt,SHORT,SHORT_SIDE,0.1,598.62,,True,da69de23-cfd1-4916-a87b-8b3e48dda3c0,Exit Decision,2026-02-12T12:35:45.896Z,2026-02-12T20:35:45.896+08:00,SDM:Straddle,close_runner,,,,nearest_exit_decision_symbol,669,done,1,ai_logs
716805507330867955,95315e85-52d5-47c0-aa4d-41180df931ad,2026-02-12T12:35:50.629Z,2026-02-12T20:35:50.629+08:00,Exit Execution,SDM:Straddle,cmt_adausdt,SHORT,SHORT_SIDE,440.0,0.2606,,True,d17c5721-da18-4696-9bf2-113a72602e8b,Exit Decision,2026-02-12T12:35:49.932Z,2026-02-12T20:35:49.932+08:00,SDM:Straddle,close_runner,,,,nearest_exit_decision_symbol,697,done,1,ai_logs
716805536187679475,87318fa7-bfc3-477d-90eb-9deaa9db1d79,2026-02-12T12:35:57.509Z,2026-02-12T20:35:57.509+08:00,Exit Execution,SDM:Straddle,cmt_dogeusdt,SHORT,SHORT_SIDE,600.0,0.09192,,True,215446e9-60b4-4722-aff6-78751200d0ab,Exit Decision,2026-02-12T12:35:53.940Z,2026-02-12T20:35:53.940+08:00,SDM:Straddle,close_runner,,,,nearest_exit_decision_symbol,3569,done,1,ai_logs
716805553032004339,07bd567c-10e4-4350-ab01-453ff1d5ac6c,2026-02-12T12:36:01.526Z,2026-02-12T20:36:01.526+08:00,Exit Execution,SDM:Straddle,cmt_btcusdt,SHORT,SHORT_SIDE,0.001,66706.5,,True,ccadbc87-c01c-43b6-bb5f-d37f8aae2cdf,Exit Decision,2026-02-12T12:36:00.835Z,2026-02-12T20:36:00.835+08:00,SDM:Straddle,close_runner,,,,nearest_exit_decision_symbol,691,done,1,ai_logs
716820097125057267,9ce8ce8a-f6ce-47da-903b-2448c4ce5d03,2026-02-12T13:33:49.106Z,2026-02-12T21:33:49.106+08:00,Exit Execution,SDM:Straddle,cmt_solusdt,SHORT,SHORT_SIDE,2.3,83.46,,True,8a0e9f23-2598-4b72-bea0-17b1ead341c4,Exit Decision,2026-02-12T13:33:48.416Z,2026-02-12T21:33:48.416+08:00,SDM:Straddle,close_runner,,,,nearest_exit_decision_symbol,690,done,1,ai_logs
716820142423540467,3e04b3b3-150f-48d2-85f6-0db0206ca701,2026-02-12T13:33:59.908Z,2026-02-12T21:33:59.908+08:00,Exit Execution,SDM:Straddle,cmt_ltcusdt,SHORT,SHORT_SIDE,2.4,52.56,,True,f97e9109-cda7-4ee4-979d-ded554343cf5,Exit Decision,2026-02-12T13:33:56.365Z,2026-02-12T21:33:56.365+08:00,SDM:Straddle,close_runner,,,,nearest_exit_decision_symbol,3543,done,1,ai_logs
716820158999429875,d574ffd9-c401-430e-8ac7-36f235afa059,2026-02-12T13:34:03.859Z,2026-02-12T21:34:03.859+08:00,Exit Execution,SDM:Straddle,cmt_xrpusdt,SHORT,SHORT_SIDE,60.0,1.3591,,True,272d826d-bcb1-46fc-af59-bcfcf637c108,Exit Decision,2026-02-12T13:34:03.195Z,2026-02-12T21:34:03.195+08:00,SDM:Straddle,close_runner,,,,nearest_exit_decision_symbol,664,done,1,ai_logs
716820175835366131,69131d80-e518-4f0c-b28a-fee489c61a83,2026-02-12T13:34:07.872Z,2026-02-12T21:34:07.872+08:00,Exit Execution,SDM:Straddle,cmt_bnbusdt,SHORT,SHORT_SIDE,0.1,598.62,,True,fe8830bd-f2dc-4c1c-8dc6-3a7be4424f3f,Exit Decision,2026-02-12T13:34:07.189Z,2026-02-12T21:34:07.189+08:00,SDM:Straddle,close_runner,,,,nearest_exit_decision_symbol,683,done,1,ai_logs
716820192683885299,206251b1-f0dd-42a5-8df9-b8f72739270c,2026-02-12T13:34:11.891Z,2026-02-12T21:34:11.891+08:00,Exit Execution,SDM:Straddle,cmt_adausdt,SHORT,SHORT_SIDE,440.0,0.2606,,True,a17bd07e-b990-4cfe-87d2-6aaa10911dff,Exit Decision,2026-02-12T13:34:11.221Z,2026-02-12T21:34:11.221+08:00,SDM:Straddle,close_runner,,,,nearest_exit_decision_symbol,670,done,1,ai_logs
716820221666525939,38c58051-8e22-48d8-8672-390ee41e78b3,2026-02-12T13:34:18.801Z,2026-02-12T21:34:18.801+08:00,Exit Execution,SDM:Straddle,cmt_dogeusdt,SHORT,SHORT_SIDE,600.0,0.09192,,True,816407ce-1ad2-4ebe-af18-4bdcbed2006b,Exit Decision,2026-02-12T13:34:15.193Z,2026-02-12T21:34:15.193+08:00,SDM:Straddle,close_runner,,,,nearest_exit_decision_symbol,3608,done,1,ai_logs
716820238301135603,fc8efd4b-7688-420b-81b0-1a36fa72836b,2026-02-12T13:34:22.766Z,2026-02-12T21:34:22.766+08:00,Exit Execution,SDM:Straddle,cmt_btcusdt,SHORT,SHORT_SIDE,0.001,66706.5,,True,d44c5a17-1fee-4739-aa82-382be7ef4846,Exit Decision,2026-02-12T13:34:22.082Z,2026-02-12T21:34:22.082+08:00,SDM:Straddle,close_runner,,,,nearest_exit_decision_symbol,684,done,1,ai_logs
716834819647996659,7c069d1b-1aea-4c95-a594-b1b61319340b,2026-02-12T14:32:19.232Z,2026-02-12T22:32:19.232+08:00,Exit Execution,SDM:Straddle,cmt_solusdt,SHORT,SHORT_SIDE,2.3,83.46,,True,d3ff311a-afe0-4694-b7a5-5413185b6990,Exit Decision,2026-02-12T14:32:18.546Z,2026-02-12T22:32:18.546+08:00,SDM:Straddle,close_runner,,,,nearest_exit_decision_symbol,686,done,1,ai_logs
716834865269441267,013dd43d-ccff-4ac1-b242-d83c574a12a5,2026-02-12T14:32:30.109Z,2026-02-12T22:32:30.109+08:00,Exit Execution,SDM:Straddle,cmt_ltcusdt,SHORT,SHORT_SIDE,2.4,52.56,,True,85908220-1cf4-4f80-bcc4-2710277bd594,Exit Decision,2026-02-12T14:32:26.514Z,2026-02-12T22:32:26.514+08:00,SDM:Straddle,close_runner,,,,nearest_exit_decision_symbol,3595,done,1,ai_logs
716834881925022451,2526b061-90de-4042-94d2-a5d4e861b2da,2026-02-12T14:32:34.079Z,2026-02-12T22:32:34.079+08:00,Exit Execution,SDM:Straddle,cmt_xrpusdt,SHORT,SHORT_SIDE,60.0,1.3591,,True,d878c16f-8b51-4d8f-ab14-1885f4495a8d,Exit Decision,2026-02-12T14:32:33.408Z,2026-02-12T22:32:33.408+08:00,SDM:Straddle,close_runner,,,,nearest_exit_decision_symbol,671,done,1,ai_logs
716834898748375795,8f7bb183-0f4c-4f4f-9268-dc35ca4b7b3d,2026-02-12T14:32:38.090Z,2026-02-12T22:32:38.090+08:00,Exit Execution,SDM:Straddle,cmt_bnbusdt,SHORT,SHORT_SIDE,0.1,598.62,,True,44ee41d6-fe34-445b-a8b8-23b20abd07ea,Exit Decision,2026-02-12T14:32:37.396Z,2026-02-12T22:32:37.396+08:00,SDM:Straddle,close_runner,,,,nearest_exit_decision_symbol,694,done,1,ai_logs
716834915554951923,decb53c1-0133-43cc-97d3-fdbf586b327b,2026-02-12T14:32:42.096Z,2026-02-12T22:32:42.096+08:00,Exit Execution,SDM:Straddle,cmt_adausdt,SHORT,SHORT_SIDE,440.0,0.2606,,True,f9b5f8ff-dfad-4836-b985-65ee71b5f62c,Exit Decision,2026-02-12T14:32:41.425Z,2026-02-12T22:32:41.425+08:00,SDM:Straddle,close_runner,,,,nearest_exit_decision_symbol,671,done,1,ai_logs
716834944302711539,d95e79cd-0c12-41c0-9802-89aab48dd729,2026-02-12T14:32:48.951Z,2026-02-12T22:32:48.951+08:00,Exit Execution,SDM:Straddle,cmt_dogeusdt,SHORT,SHORT_SIDE,600.0,0.09192,,True,8df2ffe8-359e-45a8-b269-bb6f819a75d9,Exit Decision,2026-02-12T14:32:45.391Z,2026-02-12T22:32:45.391+08:00,SDM:Straddle,close_runner,,,,nearest_exit_decision_symbol,3560,done,1,ai_logs
716834960794714867,ee9a4eb6-a858-4abd-a54f-1dd462b9c71e,2026-02-12T14:32:52.882Z,2026-02-12T22:32:52.882+08:00,Exit Execution,SDM:Straddle,cmt_btcusdt,SHORT,SHORT_SIDE,0.001,66706.5,,True,5a4996e4-3b73-4617-8531-65f55aa0269f,Exit Decision,2026-02-12T14:32:52.223Z,2026-02-12T22:32:52.223+08:00,SDM:Straddle,close_runner,,,,nearest_exit_decision_symbol,659,done,1,ai_logs
716849552878994163,16949896-c5f3-4aab-9f65-b70ea6d2c058,2026-02-12T15:30:51.906Z,2026-02-12T23:30:51.906+08:00,Exit Execution,SDM:Straddle,cmt_solusdt,SHORT,SHORT_SIDE,2.3,83.46,,True,e96524b8-79d7-404b-a924-9beb98b17fba,Exit Decision,2026-02-12T15:30:51.210Z,2026-02-12T23:30:51.210+08:00,SDM:Straddle,close_runner,,,,nearest_exit_decision_symbol,696,done,1,ai_logs
716849598638850803,3f6fb477-598d-4ff3-9cb0-0de632c97d99,2026-02-12T15:31:02.817Z,2026-02-12T23:31:02.817+08:00,Exit Execution,SDM:Straddle,cmt_ltcusdt,SHORT,SHORT_SIDE,2.4,52.56,,True,2f64c435-49f9-4c27-9726-e5bc6bb7d94e,Exit Decision,2026-02-12T15:30:59.243Z,2026-02-12T23:30:59.243+08:00,SDM:Straddle,close_runner,,,,nearest_exit_decision_symbol,3574,done,1,ai_logs
716849615499952883,993d3dd6-fbff-4604-aa50-b94901827e8c,2026-02-12T15:31:06.840Z,2026-02-12T23:31:06.840+08:00,Exit Execution,SDM:Straddle,cmt_xrpusdt,SHORT,SHORT_SIDE,60.0,1.3591,,True,03c823fe-a3a1-4a92-bd7b-35b5301cdf9a,Exit Decision,2026-02-12T15:31:06.123Z,2026-02-12T23:31:06.123+08:00,SDM:Straddle,close_runner,,,,nearest_exit_decision_symbol,717,done,1,ai_logs
716849632574964467,64e3f4ba-2040-4983-9387-40a92ab6aa18,2026-02-12T15:31:10.907Z,2026-02-12T23:31:10.907+08:00,Exit Execution,SDM:Straddle,cmt_bnbusdt,SHORT,SHORT_SIDE,0.1,598.62,,True,e807d203-bd22-45df-a5cf-028dadb9392c,Exit Decision,2026-02-12T15:31:10.218Z,2026-02-12T23:31:10.218+08:00,SDM:Straddle,close_runner,,,,nearest_exit_decision_symbol,689,done,1,ai_logs
716849649524146931,f8555312-f16d-413d-9e70-98841bfa659a,2026-02-12T15:31:14.947Z,2026-02-12T23:31:14.947+08:00,Exit Execution,SDM:Straddle,cmt_adausdt,SHORT,SHORT_SIDE,440.0,0.2606,,True,86005359-3394-4731-bfa4-9c6e6d67c008,Exit Decision,2026-02-12T15:31:14.270Z,2026-02-12T23:31:14.270+08:00,SDM:Straddle,close_runner,,,,nearest_exit_decision_symbol,677,done,1,ai_logs
716849678305460979,f14b74be-653f-462f-a2ec-da8b7e052600,2026-02-12T15:31:21.810Z,2026-02-12T23:31:21.810+08:00,Exit Execution,SDM:Straddle,cmt_dogeusdt,SHORT,SHORT_SIDE,600.0,0.09192,,True,63ca12a1-d68c-4b39-afb0-1395c043e00b,Exit Decision,2026-02-12T15:31:18.250Z,2026-02-12T23:31:18.250+08:00,SDM:Straddle,close_runner,,,,nearest_exit_decision_symbol,3560,done,1,ai_logs
716849695133008627,79454b6d-5996-487d-9c3e-80c8335e512e,2026-02-12T15:31:25.821Z,2026-02-12T23:31:25.821+08:00,Exit Execution,SDM:Straddle,cmt_btcusdt,SHORT,SHORT_SIDE,0.001,66706.5,,True,f35217ed-9aff-474e-a9ea-057a336d4d66,Exit Decision,2026-02-12T15:31:25.128Z,2026-02-12T23:31:25.128+08:00,SDM:Straddle,close_runner,,,,nearest_exit_decision_symbol,693,done,1,ai_logs
716864319500845811,0efdb4cd-d66b-4dcd-9a00-268053e1b352,2026-02-12T16:29:32.544Z,2026-02-13T00:29:32.544+08:00,Exit Execution,SDM:Straddle,cmt_solusdt,SHORT,SHORT_SIDE,2.3,83.46,,True,d8c1cc8d-e223-47fa-9aea-e1faeb573256,Exit Decision,2026-02-12T16:29:31.860Z,2026-02-13T00:29:31.860+08:00,SDM:Straddle,close_runner,,,,nearest_exit_decision_symbol,684,done,1,ai_logs
716864365533332211,5a25e16d-a6d2-4ac7-b034-443d5bc69f17,2026-02-12T16:29:43.517Z,2026-02-13T00:29:43.517+08:00,Exit Execution,SDM:Straddle,cmt_ltcusdt,SHORT,SHORT_SIDE,2.4,52.56,,True,f497933a-9c07-4a46-b306-1655dbf4f88e,Exit Decision,2026-02-12T16:29:39.873Z,2026-02-13T00:29:39.873+08:00,SDM:Straddle,close_runner,,,,nearest_exit_decision_symbol,3644,done,1,ai_logs
716864382427988723,c656a4e3-31f7-45a2-abbd-655e86a37169,2026-02-12T16:29:47.546Z,2026-02-13T00:29:47.546+08:00,Exit Execution,SDM:Straddle,cmt_xrpusdt,SHORT,SHORT_SIDE,60.0,1.3591,,True,6df557ca-9fdc-437b-b843-5d22f8e92ba8,Exit Decision,2026-02-12T16:29:46.862Z,2026-02-13T00:29:46.862+08:00,SDM:Straddle,close_runner,,,,nearest_exit_decision_symbol,684,done,1,ai_logs
716864399310062323,843b9070-faa6-429f-8358-c4a33e7415c7,2026-02-12T16:29:51.571Z,2026-02-13T00:29:51.571+08:00,Exit Execution,SDM:Straddle,cmt_bnbusdt,SHORT,SHORT_SIDE,0.1,598.62,,True,73a1ce3e-2b86-44b5-8ed4-d75dbba50ee7,Exit Decision,2026-02-12T16:29:50.893Z,2026-02-13T00:29:50.893+08:00,SDM:Straddle,close_runner,,,,nearest_exit_decision_symbol,678,done,1,ai_logs
716864416263439091,8d59ae8d-25bc-4867-ba9d-1c4445f0e833,2026-02-12T16:29:55.617Z,2026-02-13T00:29:55.617+08:00,Exit Execution,SDM:Straddle,cmt_adausdt,SHORT,SHORT_SIDE,440.0,0.2606,,True,4c33a913-a1ca-48ba-b58f-4fd1be60da11,Exit Decision,2026-02-12T16:29:54.918Z,2026-02-13T00:29:54.918+08:00,SDM:Straddle,close_runner,,,,nearest_exit_decision_symbol,699,done,1,ai_logs
716864448207258355,27801bac-f8c5-4b6d-b7e5-ef0c6c343909,2026-02-12T16:30:03.230Z,2026-02-13T00:30:03.230+08:00,Exit Execution,SDM:Straddle,cmt_dogeusdt,SHORT,SHORT_SIDE,600.0,0.09192,,True,2014eda3-acc5-4a90-9e31-a9bd92927fa5,Exit Decision,2026-02-12T16:29:59.064Z,2026-02-13T00:29:59.064+08:00,SDM:Straddle,close_runner,,,,nearest_exit_decision_symbol,4166,done,1,ai_logs
716864465395516147,9ce8d4ee-7986-4352-9084-dd00b4c6516d,2026-02-12T16:30:07.327Z,2026-02-13T00:30:07.327+08:00,Exit Execution,SDM:Straddle,cmt_btcusdt,SHORT,SHORT_SIDE,0.001,66706.5,,True,58e6f6a5-fd14-4f2a-98b1-b18f9e667d00,Exit Decision,2026-02-12T16:30:06.632Z,2026-02-13T00:30:06.632+08:00,SDM:Straddle,close_runner,,,,nearest_exit_decision_symbol,695,done,1,ai_logs
716879110206391027,0b5d4898-d6f6-4e3b-ab3b-f8afdbc073ee,2026-02-12T17:28:18.924Z,2026-02-13T01:28:18.924+08:00,Exit Execution,SDM:Straddle,cmt_solusdt,SHORT,SHORT_SIDE,2.3,83.46,,True,0c732571-9cc8-4f7a-a2d5-4b7448a97c90,Exit Decision,2026-02-12T17:28:18.240Z,2026-02-13T01:28:18.240+08:00,SDM:Straddle,close_runner,,,,nearest_exit_decision_symbol,684,done,1,ai_logs
716879155886555891,8fbd104d-f18b-4c54-b621-483278cf3717,2026-02-12T17:28:29.813Z,2026-02-13T01:28:29.813+08:00,Exit Execution,SDM:Straddle,cmt_ltcusdt,SHORT,SHORT_SIDE,2.4,52.56,,True,dafc0713-5857-45ac-b230-f89759bf25af,Exit Decision,2026-02-12T17:28:26.211Z,2026-02-13T01:28:26.211+08:00,SDM:Straddle,close_runner,,,,nearest_exit_decision_symbol,3602,done,1,ai_logs
716879172579885811,ec443434-d03e-4655-a652-c00aa8565faa,2026-02-12T17:28:33.793Z,2026-02-13T01:28:33.793+08:00,Exit Execution,SDM:Straddle,cmt_xrpusdt,SHORT,SHORT_SIDE,60.0,1.3591,,True,a5374e67-e8a2-4c5f-9269-9a73905afd23,Exit Decision,2026-02-12T17:28:33.110Z,2026-02-13T01:28:33.110+08:00,SDM:Straddle,close_runner,,,,nearest_exit_decision_symbol,683,done,1,ai_logs
716879189378073331,84a91f7e-281a-43e4-9526-85cceef61db2,2026-02-12T17:28:37.797Z,2026-02-13T01:28:37.797+08:00,Exit Execution,SDM:Straddle,cmt_bnbusdt,SHORT,SHORT_SIDE,0.1,598.62,,True,fed914f5-aed7-407c-9fd8-995d343c3815,Exit Decision,2026-02-12T17:28:37.093Z,2026-02-13T01:28:37.093+08:00,SDM:Straddle,close_runner,,,,nearest_exit_decision_symbol,704,done,1,ai_logs
716879206234981107,978b9a72-4801-474f-a63b-bbf132df222a,2026-02-12T17:28:41.817Z,2026-02-13T01:28:41.817+08:00,Exit Execution,SDM:Straddle,cmt_adausdt,SHORT,SHORT_SIDE,440.0,0.2606,,True,19f7495c-59d0-4a43-86f1-bcec0a3c2244,Exit Decision,2026-02-12T17:28:41.117Z,2026-02-13T01:28:41.117+08:00,SDM:Straddle,close_runner,,,,nearest_exit_decision_symbol,700,done,1,ai_logs
716879235515417331,fbd64336-227e-4d09-9df3-687d22b92a69,2026-02-12T17:28:48.799Z,2026-02-13T01:28:48.799+08:00,Exit Execution,SDM:Straddle,cmt_dogeusdt,SHORT,SHORT_SIDE,600.0,0.09192,,True,64be89f3-47ad-4938-a500-2471b681cf23,Exit Decision,2026-02-12T17:28:45.176Z,2026-02-13T01:28:45.176+08:00,SDM:Straddle,close_runner,,,,nearest_exit_decision_symbol,3623,done,1,ai_logs
716879252363936499,ff7ad37c-6e13-4f79-a383-01a20c69e9f5,2026-02-12T17:28:52.816Z,2026-02-13T01:28:52.816+08:00,Exit Execution,SDM:Straddle,cmt_btcusdt,SHORT,SHORT_SIDE,0.001,66706.5,,True,fb8f6f97-2690-466d-9daa-596351d84c20,Exit Decision,2026-02-12T17:28:52.144Z,2026-02-13T01:28:52.144+08:00,SDM:Straddle,close_runner,,,,nearest_exit_decision_symbol,672,done,1,ai_logs
716893897078342387,52c6ce39-87da-4820-99b7-830564433388,2026-02-12T18:27:04.386Z,2026-02-13T02:27:04.386+08:00,Exit Execution,SDM:Straddle,cmt_solusdt,SHORT,SHORT_SIDE,2.3,83.46,,True,36c0801e-46a9-46d5-9673-70b13a08d0fa,Exit Decision,2026-02-12T18:27:03.711Z,2026-02-13T02:27:03.711+08:00,SDM:Straddle,close_runner,,,,nearest_exit_decision_symbol,675,done,1,ai_logs
716893943563813619,0ad3b2c5-ae1f-4196-92bb-e84b61490094,2026-02-12T18:27:15.471Z,2026-02-13T02:27:15.471+08:00,Exit Execution,SDM:Straddle,cmt_ltcusdt,SHORT,SHORT_SIDE,2.4,52.56,,True,3d323bf8-a301-43ce-8ad4-c1cac3b6e9bd,Exit Decision,2026-02-12T18:27:11.891Z,2026-02-13T02:27:11.891+08:00,SDM:Straddle,close_runner,,,,nearest_exit_decision_symbol,3580,done,1,ai_logs
716893960160674547,b474b284-4e84-44bf-8779-199e3150b507,2026-02-12T18:27:19.429Z,2026-02-13T02:27:19.429+08:00,Exit Execution,SDM:Straddle,cmt_xrpusdt,SHORT,SHORT_SIDE,60.0,1.3591,,True,30e5862f-5419-48c7-b73d-230831d66877,Exit Decision,2026-02-12T18:27:18.754Z,2026-02-13T02:27:18.754+08:00,SDM:Straddle,close_runner,,,,nearest_exit_decision_symbol,675,done,1,ai_logs
716893979508998899,79765603-b7d3-4b8d-8820-1a23c159a07d,2026-02-12T18:27:24.041Z,2026-02-13T02:27:24.041+08:00,Exit Execution,SDM:Straddle,cmt_bnbusdt,SHORT,SHORT_SIDE,0.1,598.62,,True,85d8926f-8136-4702-becc-9902097cadfe,Exit Decision,2026-02-12T18:27:23.366Z,2026-02-13T02:27:23.366+08:00,SDM:Straddle,close_runner,,,,nearest_exit_decision_symbol,675,done,1,ai_logs
716893996361712371,53e14fd5-c2fa-47e1-8699-51d3d6688284,2026-02-12T18:27:28.059Z,2026-02-13T02:27:28.059+08:00,Exit Execution,SDM:Straddle,cmt_adausdt,SHORT,SHORT_SIDE,440.0,0.2606,,True,f89b3dcf-6086-4b8e-99b8-eca66c9b0ed0,Exit Decision,2026-02-12T18:27:27.380Z,2026-02-13T02:27:27.380+08:00,SDM:Straddle,close_runner,,,,nearest_exit_decision_symbol,679,done,1,ai_logs
716894025335964403,1f59b279-397f-4d5d-bb7c-9f73d4c777bf,2026-02-12T18:27:34.968Z,2026-02-13T02:27:34.968+08:00,Exit Execution,SDM:Straddle,cmt_dogeusdt,SHORT,SHORT_SIDE,600.0,0.09192,,True,c4515175-8cae-4a8c-b96f-be7d37f8f4a0,Exit Decision,2026-02-12T18:27:31.352Z,2026-02-13T02:27:31.352+08:00,SDM:Straddle,close_runner,,,,nearest_exit_decision_symbol,3616,done,1,ai_logs
716894042331284211,6aa081af-5422-4572-9074-feb52839d2d6,2026-02-12T18:27:39.020Z,2026-02-13T02:27:39.020+08:00,Exit Execution,SDM:Straddle,cmt_btcusdt,SHORT,SHORT_SIDE,0.001,66706.5,,True,cb6cce8d-fe96-4240-bd0f-a38cb3642eec,Exit Decision,2026-02-12T18:27:38.344Z,2026-02-13T02:27:38.344+08:00,SDM:Straddle,close_runner,,,,nearest_exit_decision_symbol,676,done,1,ai_logs
716908659434586867,e06c2a9a-e59f-4ce8-9522-7219108be6ae,2026-02-12T19:25:44.009Z,2026-02-13T03:25:44.009+08:00,Exit Execution,SDM:Straddle,cmt_solusdt,SHORT,SHORT_SIDE,2.3,83.46,,True,f97e8441-7244-4a29-b4c1-965add0d48ed,Exit Decision,2026-02-12T19:25:43.312Z,2026-02-13T03:25:43.312+08:00,SDM:Straddle,close_runner,,,,nearest_exit_decision_symbol,697,done,1,ai_logs
716908705211220723,ae40a019-f527-401d-8e3b-69550034049b,2026-02-12T19:25:54.923Z,2026-02-13T03:25:54.923+08:00,Exit Execution,SDM:Straddle,cmt_ltcusdt,SHORT,SHORT_SIDE,2.4,52.56,,True,9dd5f635-c800-4ca9-b0e5-268654479f5a,Exit Decision,2026-02-12T19:25:51.330Z,2026-02-13T03:25:51.330+08:00,SDM:Straddle,close_runner,,,,nearest_exit_decision_symbol,3593,done,1,ai_logs
716908722101682931,4f561d41-357c-4609-9053-84d00c7cf596,2026-02-12T19:25:58.950Z,2026-02-13T03:25:58.950+08:00,Exit Execution,SDM:Straddle,cmt_xrpusdt,SHORT,SHORT_SIDE,60.0,1.3591,,True,abfcbaf6-effc-45db-89d9-f12129947aaf,Exit Decision,2026-02-12T19:25:58.247Z,2026-02-13T03:25:58.247+08:00,SDM:Straddle,close_runner,,,,nearest_exit_decision_symbol,703,done,1,ai_logs
716908742070764275,39baa5e8-bbbe-4883-aa56-76970f47c3f2,2026-02-12T19:26:03.712Z,2026-02-13T03:26:03.712+08:00,Exit Execution,SDM:Straddle,cmt_bnbusdt,SHORT,SHORT_SIDE,0.1,598.62,,True,40822403-b621-4ad1-9fd6-a09a63ba4915,Exit Decision,2026-02-12T19:26:03.022Z,2026-02-13T03:26:03.022+08:00,SDM:Straddle,close_runner,,,,nearest_exit_decision_symbol,690,done,1,ai_logs
716908759720395507,5184171f-7162-4177-9e55-6a9ec5c020ac,2026-02-12T19:26:07.919Z,2026-02-13T03:26:07.919+08:00,Exit Execution,SDM:Straddle,cmt_adausdt,SHORT,SHORT_SIDE,440.0,0.2606,,True,b4c1856b-d118-4ed8-a668-152b8f773020,Exit Decision,2026-02-12T19:26:07.227Z,2026-02-13T03:26:07.227+08:00,SDM:Straddle,close_runner,,,,nearest_exit_decision_symbol,692,done,1,ai_logs
716908789143438067,2617cd64-ba00-4cdb-9a95-8335c663e3e4,2026-02-12T19:26:14.933Z,2026-02-13T03:26:14.933+08:00,Exit Execution,SDM:Straddle,cmt_dogeusdt,SHORT,SHORT_SIDE,600.0,0.09192,,True,42d31b56-d740-44a8-a163-fbda61480ff0,Exit Decision,2026-02-12T19:26:11.323Z,2026-02-13T03:26:11.323+08:00,SDM:Straddle,close_runner,,,,nearest_exit_decision_symbol,3610,done,1,ai_logs
716908805920654067,437fe892-9a33-419c-8c55-68a490558236,2026-02-12T19:26:18.934Z,2026-02-13T03:26:18.934+08:00,Exit Execution,SDM:Straddle,cmt_btcusdt,SHORT,SHORT_SIDE,0.001,66706.5,,True,4ad2523b-1824-4958-8e30-aceb6df99b95,Exit Decision,2026-02-12T19:26:18.261Z,2026-02-13T03:26:18.261+08:00,SDM:Straddle,close_runner,,,,nearest_exit_decision_symbol,673,done,1,ai_logs
716923376794338035,144997c2-1296-48ce-b6bb-54e1fbadba6b,2026-02-12T20:24:12.901Z,2026-02-13T04:24:12.901+08:00,Exit Execution,SDM:Straddle,cmt_solusdt,SHORT,SHORT_SIDE,2.3,83.46,,True,b8a6efa3-006c-43c1-924f-417856dff5d7,Exit Decision,2026-02-12T20:24:12.227Z,2026-02-13T04:24:12.227+08:00,SDM:Straddle,close_runner,,,,nearest_exit_decision_symbol,674,done,1,ai_logs
716923425431487219,354a3697-306b-4434-98cb-a6fba7af9e60,2026-02-12T20:24:24.496Z,2026-02-13T04:24:24.496+08:00,Exit Execution,SDM:Straddle,cmt_ltcusdt,SHORT,SHORT_SIDE,2.4,52.56,,True,44367a93-f585-4ce4-8079-e00e65c62f24,Exit Decision,2026-02-12T20:24:20.917Z,2026-02-13T04:24:20.917+08:00,SDM:Straddle,close_runner,,,,nearest_exit_decision_symbol,3579,done,1,ai_logs
716923445069218547,5a5d7817-5440-4413-9b19-5da974217e08,2026-02-12T20:24:29.180Z,2026-02-13T04:24:29.180+08:00,Exit Execution,SDM:Straddle,cmt_xrpusdt,SHORT,SHORT_SIDE,60.0,1.3591,,True,ed34ae8b-a301-44f3-bf0c-70b373d6d4d3,Exit Decision,2026-02-12T20:24:28.499Z,2026-02-13T04:24:28.499+08:00,SDM:Straddle,close_runner,,,,nearest_exit_decision_symbol,681,done,1,ai_logs
716923464698561267,efd41a7f-a210-405c-853c-e2e16f0f5cd8,2026-02-12T20:24:33.859Z,2026-02-13T04:24:33.859+08:00,Exit Execution,SDM:Straddle,cmt_bnbusdt,SHORT,SHORT_SIDE,0.1,598.62,,True,f8d0349a-e69b-443a-8d1e-25766d3201d9,Exit Decision,2026-02-12T20:24:33.170Z,2026-02-13T04:24:33.170+08:00,SDM:Straddle,close_runner,,,,nearest_exit_decision_symbol,689,done,1,ai_logs
716923481727435507,270feb1b-07df-4368-8709-0fdc69d25cf9,2026-02-12T20:24:37.918Z,2026-02-13T04:24:37.918+08:00,Exit Execution,SDM:Straddle,cmt_adausdt,SHORT,SHORT_SIDE,440.0,0.2606,,True,7e3f2e5a-0968-49fe-9cda-80aed0c76039,Exit Decision,2026-02-12T20:24:37.183Z,2026-02-13T04:24:37.183+08:00,SDM:Straddle,close_runner,,,,nearest_exit_decision_symbol,735,done,1,ai_logs
716923510596829939,b6e4ef46-8102-4f7d-8a5e-4ae904334a9d,2026-02-12T20:24:44.800Z,2026-02-13T04:24:44.800+08:00,Exit Execution,SDM:Straddle,cmt_dogeusdt,SHORT,SHORT_SIDE,600.0,0.09192,,True,4eed3bb0-e01a-4f59-b110-8a7d5384f926,Exit Decision,2026-02-12T20:24:41.214Z,2026-02-13T04:24:41.214+08:00,SDM:Straddle,close_runner,,,,nearest_exit_decision_symbol,3586,done,1,ai_logs
716923527734756083,96e0efd9-5e22-420f-a5e0-025a9bf28a11,2026-02-12T20:24:48.886Z,2026-02-13T04:24:48.886+08:00,Exit Execution,SDM:Straddle,cmt_btcusdt,SHORT,SHORT_SIDE,0.001,66706.5,,True,033d4a9f-66ba-42de-a741-59b3f44a17f0,Exit Decision,2026-02-12T20:24:48.215Z,2026-02-13T04:24:48.215+08:00,SDM:Straddle,close_runner,,,,nearest_exit_decision_symbol,671,done,1,ai_logs
716938136906629875,0d952932-ef08-46d3-af1d-225b0efd8d0d,2026-02-12T21:22:51.992Z,2026-02-13T05:22:51.992+08:00,Exit Execution,SDM:Straddle,cmt_solusdt,SHORT,SHORT_SIDE,2.3,83.46,,True,52c6f829-7d9c-4b5c-9e76-0aaabe90fd7a,Exit Decision,2026-02-12T21:22:51.295Z,2026-02-13T05:22:51.295+08:00,SDM:Straddle,close_runner,,,,nearest_exit_decision_symbol,697,done,1,ai_logs
716938182532268787,83be870e-60fc-423f-a9a4-ab4cc7ffd95b,2026-02-12T21:23:02.863Z,2026-02-13T05:23:02.863+08:00,Exit Execution,SDM:Straddle,cmt_ltcusdt,SHORT,SHORT_SIDE,2.4,52.56,,True,249c99f5-0504-438f-9f6e-23713ecdf037,Exit Decision,2026-02-12T21:22:59.295Z,2026-02-13T05:22:59.295+08:00,SDM:Straddle,close_runner,,,,nearest_exit_decision_symbol,3568,done,1,ai_logs
716938199200432883,919aa2b4-8cc0-4e24-974b-b9b4f9c090ad,2026-02-12T21:23:06.836Z,2026-02-13T05:23:06.836+08:00,Exit Execution,SDM:Straddle,cmt_xrpusdt,SHORT,SHORT_SIDE,60.0,1.3591,,True,8f6c5998-cc13-4cc1-bc17-0f50d6be98a2,Exit Decision,2026-02-12T21:23:06.169Z,2026-02-13T05:23:06.169+08:00,SDM:Straddle,close_runner,,,,nearest_exit_decision_symbol,667,done,1,ai_logs
716938219056268019,89ff0389-9dba-4bdf-8dae-e6c3985620d2,2026-02-12T21:23:11.573Z,2026-02-13T05:23:11.573+08:00,Exit Execution,SDM:Straddle,cmt_bnbusdt,SHORT,SHORT_SIDE,0.1,598.62,,True,9193a872-57a8-432a-a0a7-0ca87df7473b,Exit Decision,2026-02-12T21:23:10.872Z,2026-02-13T05:23:10.872+08:00,SDM:Straddle,close_runner,,,,nearest_exit_decision_symbol,701,done,1,ai_logs
716938236290663155,03a03a59-c5bf-4465-a489-1acdc75dcc29,2026-02-12T21:23:15.680Z,2026-02-13T05:23:15.680+08:00,Exit Execution,SDM:Straddle,cmt_adausdt,SHORT,SHORT_SIDE,440.0,0.2606,,True,58dbfbce-b1a5-42ad-b41e-ee536dbf9b5b,Exit Decision,2026-02-12T21:23:14.989Z,2026-02-13T05:23:14.989+08:00,SDM:Straddle,close_runner,,,,nearest_exit_decision_symbol,691,done,1,ai_logs
716938265348801267,9866eb1d-c9d7-485f-bbbe-47f0c862ca6e,2026-02-12T21:23:22.609Z,2026-02-13T05:23:22.609+08:00,Exit Execution,SDM:Straddle,cmt_dogeusdt,SHORT,SHORT_SIDE,600.0,0.09192,,True,9723daf8-306f-420c-a9f4-e17c2b5a5603,Exit Decision,2026-02-12T21:23:19.008Z,2026-02-13T05:23:19.008+08:00,SDM:Straddle,close_runner,,,,nearest_exit_decision_symbol,3601,done,1,ai_logs
716938282209903347,d7d97403-222e-4ca8-8ba3-c0725ac24d52,2026-02-12T21:23:26.628Z,2026-02-13T05:23:26.628+08:00,Exit Execution,SDM:Straddle,cmt_btcusdt,SHORT,SHORT_SIDE,0.001,66706.5,,True,03d0c968-3dba-4d98-870d-58bd2e88c74b,Exit Decision,2026-02-12T21:23:25.943Z,2026-02-13T05:23:25.943+08:00,SDM:Straddle,close_runner,,,,nearest_exit_decision_symbol,685,done,1,ai_logs
716952934553748211,49b41b9d-7ad9-4ae2-bda5-3a25c8c075f6,2026-02-12T22:21:40.020Z,2026-02-13T06:21:40.020+08:00,Exit Execution,SDM:Straddle,cmt_solusdt,SHORT,SHORT_SIDE,2.3,83.46,,True,299c9785-7613-46f7-92c5-6abeda9d43c1,Exit Decision,2026-02-12T22:21:39.347Z,2026-02-13T06:21:39.347+08:00,SDM:Straddle,close_runner,,,,nearest_exit_decision_symbol,673,done,1,ai_logs
716952983086039795,c9e704f1-1147-4cb4-b0e0-be6010f5f6a9,2026-02-12T22:21:51.591Z,2026-02-13T06:21:51.591+08:00,Exit Execution,SDM:Straddle,cmt_ltcusdt,SHORT,SHORT_SIDE,2.4,52.56,,True,2eb3f09a-4a79-4a4e-a98c-5dc9ac466338,Exit Decision,2026-02-12T22:21:48.003Z,2026-02-13T06:21:48.003+08:00,SDM:Straddle,close_runner,,,,nearest_exit_decision_symbol,3588,done,1,ai_logs
716953000064582387,dea3cd2d-4303-49e9-aae5-29511b375e47,2026-02-12T22:21:55.639Z,2026-02-13T06:21:55.639+08:00,Exit Execution,SDM:Straddle,cmt_xrpusdt,SHORT,SHORT_SIDE,60.0,1.3591,,True,e2aa0ff8-2968-4ec4-a3fc-509dfd0a2157,Exit Decision,2026-02-12T22:21:54.942Z,2026-02-13T06:21:54.942+08:00,SDM:Straddle,close_runner,,,,nearest_exit_decision_symbol,697,done,1,ai_logs
716953019605844723,5754bd8c-8167-4e34-9186-908741f951f3,2026-02-12T22:22:00.296Z,2026-02-13T06:22:00.296+08:00,Exit Execution,SDM:Straddle,cmt_bnbusdt,SHORT,SHORT_SIDE,0.1,598.62,,True,56da1ad0-1937-4d0e-8ceb-6607571f372d,Exit Decision,2026-02-12T22:21:59.621Z,2026-02-13T06:21:59.621+08:00,SDM:Straddle,close_runner,,,,nearest_exit_decision_symbol,675,done,1,ai_logs
716953036462752499,cc7c1654-5bd3-4562-95b0-3471970c8a2b,2026-02-12T22:22:04.317Z,2026-02-13T06:22:04.317+08:00,Exit Execution,SDM:Straddle,cmt_adausdt,SHORT,SHORT_SIDE,440.0,0.2606,,True,83dd4ba9-a337-4b56-90e9-0c6ec9568de4,Exit Decision,2026-02-12T22:22:03.635Z,2026-02-13T06:22:03.635+08:00,SDM:Straddle,close_runner,,,,nearest_exit_decision_symbol,682,done,1,ai_logs
716953065411838707,3405b920-759f-46e5-a2c2-4b7b7a720d51,2026-02-12T22:22:11.220Z,2026-02-13T06:22:11.220+08:00,Exit Execution,SDM:Straddle,cmt_dogeusdt,SHORT,SHORT_SIDE,600.0,0.09192,,True,48bffed7-48b2-4f20-b812-cb9fa555b4e7,Exit Decision,2026-02-12T22:22:07.624Z,2026-02-13T06:22:07.624+08:00,SDM:Straddle,close_runner,,,,nearest_exit_decision_symbol,3596,done,1,ai_logs
716953082520404723,2871b2ac-f0a7-4c5c-9c14-46bb3e920366,2026-02-12T22:22:15.297Z,2026-02-13T06:22:15.297+08:00,Exit Execution,SDM:Straddle,cmt_btcusdt,SHORT,SHORT_SIDE,0.001,66706.5,,True,cae78168-1282-4cec-98fc-77daaff94646,Exit Decision,2026-02-12T22:22:14.576Z,2026-02-13T06:22:14.576+08:00,SDM:Straddle,close_runner,,,,nearest_exit_decision_symbol,721,done,1,ai_logs
716967729013195507,3bc4b5bc-8737-4775-b931-2c0f238a1e4b,2026-02-12T23:20:27.294Z,2026-02-13T07:20:27.294+08:00,Exit Execution,SDM:Straddle,cmt_solusdt,SHORT,SHORT_SIDE,1.8,83.46,,True,424a9aeb-99ee-46b2-a8bb-409b52c60f6c,Exit Decision,2026-02-12T23:20:26.595Z,2026-02-13T07:20:26.595+08:00,SDM:Straddle,close_runner,,,,nearest_exit_decision_symbol,699,done,1,ai_logs
716967775171511027,20ac79de-adab-4f40-a0c4-9658170b7877,2026-02-12T23:20:38.298Z,2026-02-13T07:20:38.298+08:00,Exit Execution,SDM:Straddle,cmt_ltcusdt,SHORT,SHORT_SIDE,2.4,52.56,,True,c28d98b6-06e6-4460-ade7-9f4380a303a7,Exit Decision,2026-02-12T23:20:34.708Z,2026-02-13T07:20:34.708+08:00,SDM:Straddle,close_runner,,,,nearest_exit_decision_symbol,3590,done,1,ai_logs
716967792020030195,8f0ac13c-97fd-4c18-b41b-b97dc83a8a49,2026-02-12T23:20:42.314Z,2026-02-13T07:20:42.314+08:00,Exit Execution,SDM:Straddle,cmt_xrpusdt,SHORT,SHORT_SIDE,60.0,1.3591,,True,1bdf6ac1-2175-4dbc-acfd-0241b6147c00,Exit Decision,2026-02-12T23:20:41.633Z,2026-02-13T07:20:41.633+08:00,SDM:Straddle,close_runner,,,,nearest_exit_decision_symbol,681,done,1,ai_logs
716967808902103795,18136ba7-e96d-43aa-878b-1e47aaa1acaa,2026-02-12T23:20:46.340Z,2026-02-13T07:20:46.340+08:00,Exit Execution,SDM:Straddle,cmt_bnbusdt,SHORT,SHORT_SIDE,0.1,598.62,,True,8ff99687-6bce-4812-8168-2b7950dbc119,Exit Decision,2026-02-12T23:20:45.657Z,2026-02-13T07:20:45.657+08:00,SDM:Straddle,close_runner,,,,nearest_exit_decision_symbol,683,done,1,ai_logs
716967825863869171,e0b2258e-88ea-43b0-98f9-e56806fa66fe,2026-02-12T23:20:50.383Z,2026-02-13T07:20:50.383+08:00,Exit Execution,SDM:Straddle,cmt_adausdt,SHORT,SHORT_SIDE,440.0,0.2606,,True,f7e17553-e134-4d6c-b20a-836586bfdb0f,Exit Decision,2026-02-12T23:20:49.692Z,2026-02-13T07:20:49.692+08:00,SDM:Straddle,close_runner,,,,nearest_exit_decision_symbol,691,done,1,ai_logs
716967855052030707,633ae95f-e065-4fba-831c-fec1d4b0cabb,2026-02-12T23:20:57.342Z,2026-02-13T07:20:57.342+08:00,Exit Execution,SDM:Straddle,cmt_dogeusdt,SHORT,SHORT_SIDE,600.0,0.09192,,True,a24928ab-b1af-4361-8130-faf71684f8ff,Exit Decision,2026-02-12T23:20:53.700Z,2026-02-13T07:20:53.700+08:00,SDM:Straddle,close_runner,,,,nearest_exit_decision_symbol,3642,done,1,ai_logs
716967871988630259,3ae98c82-f4d3-4945-9874-bc52e7d5ea5e,2026-02-12T23:21:01.379Z,2026-02-13T07:21:01.379+08:00,Exit Execution,SDM:Straddle,cmt_btcusdt,SHORT,SHORT_SIDE,0.001,66706.5,,True,eccec0a8-7531-451c-a9d8-d679ec739f21,Exit Decision,2026-02-12T23:21:00.695Z,2026-02-13T07:21:00.695+08:00,SDM:Straddle,close_runner,,,,nearest_exit_decision_symbol,684,done,1,ai_logs
716982462479074035,eb5f96c6-2ae7-4c62-804f-1162c7f33aa9,2026-02-13T00:19:00.027Z,2026-02-13T08:19:00.027+08:00,Exit Execution,SDM:Straddle,cmt_solusdt,SHORT,SHORT_SIDE,1.8,83.46,,True,52618777-d749-4b09-b52f-c5d5fbd2713c,Exit Decision,2026-02-13T00:18:56.413Z,2026-02-13T08:18:56.413+08:00,SDM:Straddle,close_runner,,,,nearest_exit_decision_symbol,3614,done,1,ai_logs
716982508440257267,54d30009-f5e9-46af-bc8c-aae5907119fb,2026-02-13T00:19:10.986Z,2026-02-13T08:19:10.986+08:00,Exit Execution,SDM:Straddle,cmt_ltcusdt,SHORT,SHORT_SIDE,1.5,52.56,,True,c42c8888-cc6a-4901-b2d7-3c5588ccc7fe,Exit Decision,2026-02-13T00:19:07.371Z,2026-02-13T08:19:07.371+08:00,SDM:Straddle,close_runner,,,,nearest_exit_decision_symbol,3615,done,1,ai_logs
716982526115054323,e9ac4cee-1968-4821-8caf-7dab6025b913,2026-02-13T00:19:15.197Z,2026-02-13T08:19:15.197+08:00,Exit Execution,SDM:Straddle,cmt_xrpusdt,SHORT,SHORT_SIDE,60.0,1.3591,,True,2aaeab1d-0345-4477-a689-000dd35d7af7,Exit Decision,2026-02-13T00:19:14.478Z,2026-02-13T08:19:14.478+08:00,SDM:Straddle,close_runner,,,,nearest_exit_decision_symbol,719,done,1,ai_logs
716982543089402611,5f85d3d1-1781-40c2-aa7d-442214f27b0d,2026-02-13T00:19:19.244Z,2026-02-13T08:19:19.244+08:00,Exit Execution,SDM:Straddle,cmt_bnbusdt,SHORT,SHORT_SIDE,0.1,598.62,,True,563bcacd-b005-4d1d-9406-69b05e3d480b,Exit Decision,2026-02-13T00:19:18.574Z,2026-02-13T08:19:18.574+08:00,SDM:Straddle,close_runner,,,,nearest_exit_decision_symbol,670,done,1,ai_logs
716982560298631923,9e9a0f9e-ac73-40a7-b3be-fd4e37d526d4,2026-02-13T00:19:23.348Z,2026-02-13T08:19:23.348+08:00,Exit Execution,SDM:Straddle,cmt_adausdt,SHORT,SHORT_SIDE,440.0,0.2606,,True,d1f7c617-fb21-4bb3-92c1-fedd2624a3a8,Exit Decision,2026-02-13T00:19:22.617Z,2026-02-13T08:19:22.617+08:00,SDM:Straddle,close_runner,,,,nearest_exit_decision_symbol,731,done,1,ai_logs
716982590476649203,f9e9fcce-d7d9-44ba-9f36-0b305ed9272b,2026-02-13T00:19:30.542Z,2026-02-13T08:19:30.542+08:00,Exit Execution,SDM:Straddle,cmt_dogeusdt,SHORT,SHORT_SIDE,600.0,0.09192,,True,df94adc0-9520-4d28-95c0-0c1381f6eeb4,Exit Decision,2026-02-13T00:19:26.801Z,2026-02-13T08:19:26.801+08:00,SDM:Straddle,close_runner,,,,nearest_exit_decision_symbol,3741,done,1,ai_logs
716620700261024499,1f50d99e-f42c-4f9e-bad5-3223380b4cfa,2026-02-13T00:19:33.954Z,2026-02-13T08:19:33.954+08:00,Exit Decision,PositionMonitor,cmt_ltcusdt,,UNKNOWN,1.5,52.56,,,1f50d99e-f42c-4f9e-bad5-3223380b4cfa,Exit Decision,2026-02-13T00:19:33.954Z,2026-02-13T08:19:33.954+08:00,PositionMonitor,,,,,exact_order_id,0,done,1,ai_logs
716982607501329139,ef34bbc7-6c35-47f6-a59d-fa90110f455b,2026-02-13T00:19:34.600Z,2026-02-13T08:19:34.600+08:00,Exit Execution,SDM:Straddle,cmt_btcusdt,SHORT,SHORT_SIDE,0.001,66706.5,,True,ed9fb9a8-f3cd-4c9b-8342-a760f094bc97,Exit Decision,2026-02-13T00:19:33.918Z,2026-02-13T08:19:33.918+08:00,SDM:Straddle,close_runner,,,,nearest_exit_decision_symbol,682,done,1,ai_logs
716987065606079219,f210de8f-77d5-4956-8f3c-54fbeb5ac7be,2026-02-13T00:37:17.495Z,2026-02-13T08:37:17.495+08:00,Exit Execution,SDM:Straddle,cmt_solusdt,SHORT,SHORT_SIDE,1.8,83.46,,True,7177a48d-a317-4056-855d-8604b8afb535,Exit Decision,2026-02-13T00:37:13.905Z,2026-02-13T08:37:13.905+08:00,SDM:Straddle,close_runner,,,,nearest_exit_decision_symbol,3590,done,1,ai_logs
716987115476353779,62707c32-cbf7-4ac3-9715-c3ff44570de5,2026-02-13T00:37:29.386Z,2026-02-13T08:37:29.386+08:00,Exit Execution,SDM:Straddle,cmt_xrpusdt,SHORT,SHORT_SIDE,60.0,1.3591,,True,22df4e88-7426-40e2-9457-91e5e6a62260,Exit Decision,2026-02-13T00:37:28.705Z,2026-02-13T08:37:28.705+08:00,SDM:Straddle,close_runner,,,,nearest_exit_decision_symbol,681,done,1,ai_logs
716987132350038771,51b713b7-2e41-4a3b-95b1-18cdab75faee,2026-02-13T00:37:33.409Z,2026-02-13T08:37:33.409+08:00,Exit Execution,SDM:Straddle,cmt_bnbusdt,SHORT,SHORT_SIDE,0.1,598.62,,True,7e07892c-8341-4c78-a83a-c5f10d7ae5b2,Exit Decision,2026-02-13T00:37:32.729Z,2026-02-13T08:37:32.729+08:00,SDM:Straddle,close_runner,,,,nearest_exit_decision_symbol,680,done,1,ai_logs
716987148938511091,db10ac16-d53c-454d-82f7-2ab9f44c30c2,2026-02-13T00:37:37.362Z,2026-02-13T08:37:37.362+08:00,Exit Execution,SDM:Straddle,cmt_adausdt,SHORT,SHORT_SIDE,440.0,0.2606,,True,284f885d-5a9b-4486-9779-d26e5596ef50,Exit Decision,2026-02-13T00:37:36.695Z,2026-02-13T08:37:36.695+08:00,SDM:Straddle,close_runner,,,,nearest_exit_decision_symbol,667,done,1,ai_logs
716987177875014387,45d89a32-bd78-45b0-b0d3-8e2bba7648c0,2026-02-13T00:37:44.261Z,2026-02-13T08:37:44.261+08:00,Exit Execution,SDM:Straddle,cmt_dogeusdt,SHORT,SHORT_SIDE,600.0,0.09192,,True,bc842443-fed6-42b7-b0e3-f76dde6b07f0,Exit Decision,2026-02-13T00:37:40.691Z,2026-02-13T08:37:40.691+08:00,SDM:Straddle,close_runner,,,,nearest_exit_decision_symbol,3570,done,1,ai_logs
716987194639647475,a5bfa5f1-df81-49c0-b4d1-8faea8e4daea,2026-02-13T00:37:48.259Z,2026-02-13T08:37:48.259+08:00,Exit Execution,SDM:Straddle,cmt_btcusdt,SHORT,SHORT_SIDE,0.001,66706.5,,True,a6ff6242-1782-4bd8-a24d-4906afc95597,Exit Decision,2026-02-13T00:37:47.586Z,2026-02-13T08:37:47.586+08:00,SDM:Straddle,close_runner,,,,nearest_exit_decision_symbol,673,done,1,ai_logs
716987421186589427,47586d6b-d1ae-4425-856d-e13fa55be341,2026-02-13T00:38:42.273Z,2026-02-13T08:38:42.273+08:00,Exit Execution,SDM:Straddle,cmt_solusdt,SHORT,SHORT_SIDE,1.8,83.46,,True,baf88049-403a-45e0-b03d-0370b576fcf1,Exit Decision,2026-02-13T00:38:38.650Z,2026-02-13T08:38:38.650+08:00,SDM:Straddle,close_runner,,,,nearest_exit_decision_symbol,3623,done,1,ai_logs
716987471409185523,6b98afb1-8338-4222-93a5-4fa73a4c6596,2026-02-13T00:38:54.248Z,2026-02-13T08:38:54.248+08:00,Exit Execution,SDM:Straddle,cmt_xrpusdt,SHORT,SHORT_SIDE,60.0,1.3591,,True,73ceeefb-2eaf-47cc-a274-33e5df948d6b,Exit Decision,2026-02-13T00:38:53.566Z,2026-02-13T08:38:53.566+08:00,SDM:Straddle,close_runner,,,,nearest_exit_decision_symbol,682,done,1,ai_logs
716987488429671155,01d7c77f-ccee-47dd-ba72-6e42b6a72490,2026-02-13T00:38:58.306Z,2026-02-13T08:38:58.306+08:00,Exit Execution,SDM:Straddle,cmt_bnbusdt,SHORT,SHORT_SIDE,0.1,598.62,,True,b8f5f27d-3119-4ba4-a9e2-fc7ce85b9ab3,Exit Decision,2026-02-13T00:38:57.616Z,2026-02-13T08:38:57.616+08:00,SDM:Straddle,close_runner,,,,nearest_exit_decision_symbol,690,done,1,ai_logs
716987505299161843,38506078-9c67-4f11-9998-4e9c0deef5e3,2026-02-13T00:39:02.327Z,2026-02-13T08:39:02.327+08:00,Exit Execution,SDM:Straddle,cmt_adausdt,SHORT,SHORT_SIDE,400.0,0.2606,,True,2d27b8d2-9720-4541-b2f3-dcfbfa36d3ea,Exit Decision,2026-02-13T00:39:01.639Z,2026-02-13T08:39:01.639+08:00,SDM:Straddle,close_runner,,,,nearest_exit_decision_symbol,688,done,1,ai_logs
716987534445380339,bec3443a-e2f4-4c9f-bf31-8d94c71013a1,2026-02-13T00:39:09.277Z,2026-02-13T08:39:09.277+08:00,Exit Execution,SDM:Straddle,cmt_dogeusdt,SHORT,SHORT_SIDE,600.0,0.09192,,True,18de2ff7-08fe-46fd-ab89-6bfeb645f794,Exit Decision,2026-02-13T00:39:05.663Z,2026-02-13T08:39:05.663+08:00,SDM:Straddle,close_runner,,,,nearest_exit_decision_symbol,3614,done,1,ai_logs
716987551868519155,582f1255-3e27-447d-907d-afc63ac5c31b,2026-02-13T00:39:13.430Z,2026-02-13T08:39:13.430+08:00,Exit Execution,SDM:Straddle,cmt_btcusdt,SHORT,SHORT_SIDE,0.001,66706.5,,True,365b4dc3-2b19-47ac-8dcb-0d513c0eea4c,Exit Decision,2026-02-13T00:39:12.728Z,2026-02-13T08:39:12.728+08:00,SDM:Straddle,close_runner,,,,nearest_exit_decision_symbol,702,done,1,ai_logs
716987978546676467,08d7a90b-ed46-40ae-b27f-85097593e801,2026-02-13T00:40:55.158Z,2026-02-13T08:40:55.158+08:00,Exit Execution,SDM:Straddle,cmt_solusdt,SHORT,SHORT_SIDE,1.8,83.46,,True,dbe4a8e0-e7c5-4e03-8705-382daa0d5676,Exit Decision,2026-02-13T00:40:51.503Z,2026-02-13T08:40:51.503+08:00,SDM:Straddle,close_runner,,,,nearest_exit_decision_symbol,3655,done,1,ai_logs
716988028685386483,34df4561-56fa-4283-8e42-974a8b530210,2026-02-13T00:41:07.112Z,2026-02-13T08:41:07.112+08:00,Exit Execution,SDM:Straddle,cmt_xrpusdt,SHORT,SHORT_SIDE,60.0,1.3591,,True,452eece0-1bac-4ffc-bb2a-308052f47f1c,Exit Decision,2026-02-13T00:41:06.438Z,2026-02-13T08:41:06.438+08:00,SDM:Straddle,close_runner,,,,nearest_exit_decision_symbol,674,done,1,ai_logs
716988045789758195,3aecb46e-8f44-47db-91ee-46f5e50034ce,2026-02-13T00:41:11.189Z,2026-02-13T08:41:11.189+08:00,Exit Execution,SDM:Straddle,cmt_bnbusdt,SHORT,SHORT_SIDE,0.1,598.62,,True,fcf618f3-f704-4fb7-b865-2b305d2dfa5c,Exit Decision,2026-02-13T00:41:10.494Z,2026-02-13T08:41:10.494+08:00,SDM:Straddle,close_runner,,,,nearest_exit_decision_symbol,695,done,1,ai_logs
716988075267326707,6b295c4e-edd3-4156-b794-a63ba723a208,2026-02-13T00:41:18.218Z,2026-02-13T08:41:18.218+08:00,Exit Execution,SDM:Straddle,cmt_adausdt,SHORT,SHORT_SIDE,400.0,0.2606,,True,2141d27b-1bc7-4dd5-b3f4-a0db97ed0e3f,Exit Decision,2026-02-13T00:41:14.611Z,2026-02-13T08:41:14.611+08:00,SDM:Straddle,close_runner,,,,nearest_exit_decision_symbol,3607,done,1,ai_logs
716988104249967347,c86b29e3-d425-42c8-8285-00a307301971,2026-02-13T00:41:25.127Z,2026-02-13T08:41:25.127+08:00,Exit Execution,SDM:Straddle,cmt_dogeusdt,SHORT,SHORT_SIDE,600.0,0.09192,,True,128b5bec-e577-4b03-972f-46727c1e25db,Exit Decision,2026-02-13T00:41:21.509Z,2026-02-13T08:41:21.509+08:00,SDM:Straddle,close_runner,,,,nearest_exit_decision_symbol,3618,done,1,ai_logs
716988121257870067,372ec403-fc59-42b4-8d4b-4435f6e9967e,2026-02-13T00:41:29.185Z,2026-02-13T08:41:29.185+08:00,Exit Execution,SDM:Straddle,cmt_btcusdt,SHORT,SHORT_SIDE,0.001,66706.5,,True,ff3d5b6a-a3e9-4019-b532-d53b0a1f57e0,Exit Decision,2026-02-13T00:41:28.508Z,2026-02-13T08:41:28.508+08:00,SDM:Straddle,close_runner,,,,nearest_exit_decision_symbol,677,done,1,ai_logs
717002693511480051,20ad29fb-c74e-4e74-ac23-e543846cc9ee,2026-02-13T01:39:23.478Z,2026-02-13T09:39:23.478+08:00,Exit Execution,SDM:Straddle,cmt_solusdt,SHORT,SHORT_SIDE,1.8,83.46,,True,8a2a7063-c5b8-4644-827b-de4bc4ab9c2e,Exit Decision,2026-02-13T01:39:19.910Z,2026-02-13T09:39:19.910+08:00,SDM:Straddle,close_runner,,,,nearest_exit_decision_symbol,3568,done,1,ai_logs
717002743721493235,8a7f197a-dddb-45fd-ab36-5c3847b5239e,2026-02-13T01:39:35.450Z,2026-02-13T09:39:35.450+08:00,Exit Execution,SDM:Straddle,cmt_xrpusdt,SHORT,SHORT_SIDE,60.0,1.3591,,True,58b350c7-221a-4139-9e9c-a117c334383d,Exit Decision,2026-02-13T01:39:34.766Z,2026-02-13T09:39:34.766+08:00,SDM:Straddle,close_runner,,,,nearest_exit_decision_symbol,684,done,1,ai_logs
717002760494514931,0a865e6a-9825-44db-bcd5-08dec90c3d1f,2026-02-13T01:39:39.450Z,2026-02-13T09:39:39.450+08:00,Exit Execution,SDM:Straddle,cmt_bnbusdt,SHORT,SHORT_SIDE,0.1,598.62,,True,d4b79869-ef52-4bf1-aea5-c77124f5dc6b,Exit Decision,2026-02-13T01:39:38.764Z,2026-02-13T09:39:38.764+08:00,SDM:Straddle,close_runner,,,,nearest_exit_decision_symbol,686,done,1,ai_logs
717002789632344819,b244fe3c-2bec-4a66-97b4-4e6082332718,2026-02-13T01:39:46.396Z,2026-02-13T09:39:46.396+08:00,Exit Execution,SDM:Straddle,cmt_adausdt,SHORT,SHORT_SIDE,400.0,0.2606,,True,b213acac-e467-4c88-89f0-56fb469b1e42,Exit Decision,2026-02-13T01:39:42.756Z,2026-02-13T09:39:42.756+08:00,SDM:Straddle,close_runner,,,,nearest_exit_decision_symbol,3640,done,1,ai_logs
717002818443018995,4cbebb65-9d31-4d3d-8e3b-dc0a8ac32ab5,2026-02-13T01:39:53.263Z,2026-02-13T09:39:53.263+08:00,Exit Execution,SDM:Straddle,cmt_dogeusdt,SHORT,SHORT_SIDE,600.0,0.09192,,True,ad3a1ff2-8068-4f5e-9668-3812cd493908,Exit Decision,2026-02-13T01:39:49.694Z,2026-02-13T09:39:49.694+08:00,SDM:Straddle,close_runner,,,,nearest_exit_decision_symbol,3569,done,1,ai_logs
717002835287343859,7dd5663c-c572-46ef-8536-d9eff53ba6b1,2026-02-13T01:39:57.280Z,2026-02-13T09:39:57.280+08:00,Exit Execution,SDM:Straddle,cmt_btcusdt,SHORT,SHORT_SIDE,0.001,66706.5,,True,693ba9cc-6859-4b72-8197-22507a5e95c9,Exit Decision,2026-02-13T01:39:56.590Z,2026-02-13T09:39:56.590+08:00,SDM:Straddle,close_runner,,,,nearest_exit_decision_symbol,690,done,1,ai_logs
717012122705330931,8510f32e-02d0-46b0-8576-1a6d14939f15,2026-02-13T02:16:51.575Z,2026-02-13T10:16:51.575+08:00,Exit Execution,SDM:Straddle,cmt_solusdt,SHORT,SHORT_SIDE,1.8,83.46,,True,a6936c12-61b2-4a62-b220-3e37266d1c86,Exit Decision,2026-02-13T02:16:47.995Z,2026-02-13T10:16:47.995+08:00,SDM:Straddle,close_runner,,,,nearest_exit_decision_symbol,3580,done,1,ai_logs
717012173271859955,aadf6221-fa1c-4931-bda4-9fb68018306b,2026-02-13T02:17:03.630Z,2026-02-13T10:17:03.630+08:00,Exit Execution,SDM:Straddle,cmt_xrpusdt,SHORT,SHORT_SIDE,60.0,1.3591,,True,00e08734-c762-47d6-a839-30f1868b937d,Exit Decision,2026-02-13T02:17:02.930Z,2026-02-13T10:17:02.930+08:00,SDM:Straddle,close_runner,,,,nearest_exit_decision_symbol,700,done,1,ai_logs
717012190158127859,d2020eeb-0e4d-44e4-b7ae-f0b02722a2dd,2026-02-13T02:17:07.657Z,2026-02-13T10:17:07.657+08:00,Exit Execution,SDM:Straddle,cmt_bnbusdt,SHORT,SHORT_SIDE,0.1,598.62,,True,4f934ca1-3a91-4f09-976f-c09c35bb9dff,Exit Decision,2026-02-13T02:17:06.968Z,2026-02-13T10:17:06.968+08:00,SDM:Straddle,close_runner,,,,nearest_exit_decision_symbol,689,done,1,ai_logs
717012219564393203,142222fd-50ac-46ce-9b7a-3ec4562c3669,2026-02-13T02:17:14.665Z,2026-02-13T10:17:14.665+08:00,Exit Execution,SDM:Straddle,cmt_adausdt,SHORT,SHORT_SIDE,400.0,0.2606,,True,71184c4d-c13f-47b3-9d39-314fcb6ebeda,Exit Decision,2026-02-13T02:17:11.058Z,2026-02-13T10:17:11.058+08:00,SDM:Straddle,close_runner,,,,nearest_exit_decision_symbol,3607,done,1,ai_logs
717012248303764211,b6f195f3-951e-4841-8d2f-d1b2b07a20fb,2026-02-13T02:17:21.519Z,2026-02-13T10:17:21.519+08:00,Exit Execution,SDM:Straddle,cmt_dogeusdt,SHORT,SHORT_SIDE,600.0,0.09192,,True,a2630b50-6eb6-4b5d-9ed1-95a5394fd51b,Exit Decision,2026-02-13T02:17:17.964Z,2026-02-13T10:17:17.964+08:00,SDM:Straddle,close_runner,,,,nearest_exit_decision_symbol,3555,done,1,ai_logs
717012264929985267,caa86a02-fd32-464a-8a4e-5ab5722f1a3e,2026-02-13T02:17:25.482Z,2026-02-13T10:17:25.482+08:00,Exit Execution,SDM:Straddle,cmt_btcusdt,SHORT,SHORT_SIDE,0.001,66706.5,,True,b736d782-a96b-4306-94c2-1b0514db4b0e,Exit Decision,2026-02-13T02:17:24.802Z,2026-02-13T10:17:24.802+08:00,SDM:Straddle,close_runner,,,,nearest_exit_decision_symbol,680,done,1,ai_logs
717014239939658483,79729979-dfde-4579-b4f9-83b6d9fe93a2,2026-02-13T02:25:16.363Z,2026-02-13T10:25:16.363+08:00,Exit Execution,SDM:Straddle,cmt_solusdt,SHORT,SHORT_SIDE,1.8,83.46,,True,22b44a6e-114e-4d33-bf33-00167d490f61,Exit Decision,2026-02-13T02:25:12.756Z,2026-02-13T10:25:12.756+08:00,SDM:Straddle,close_runner,,,,nearest_exit_decision_symbol,3607,done,1,ai_logs
717014290028036851,b4585abf-810c-4609-b545-4d1dae9d9d70,2026-02-13T02:25:28.323Z,2026-02-13T10:25:28.323+08:00,Exit Execution,SDM:Straddle,cmt_xrpusdt,SHORT,SHORT_SIDE,60.0,1.3591,,True,d185b009-c382-4144-9c59-e0ba493ee046,Exit Decision,2026-02-13T02:25:27.632Z,2026-02-13T10:25:27.632+08:00,SDM:Straddle,close_runner,,,,nearest_exit_decision_symbol,691,done,1,ai_logs
717014306973025011,ac24783d-de08-4282-bf13-dd347f30956a,2026-02-13T02:25:32.344Z,2026-02-13T10:25:32.344+08:00,Exit Execution,SDM:Straddle,cmt_bnbusdt,SHORT,SHORT_SIDE,0.1,598.62,,True,c2b7fab9-1b3a-4ed8-87e7-bd801b5f6002,Exit Decision,2026-02-13T02:25:31.667Z,2026-02-13T10:25:31.667+08:00,SDM:Straddle,close_runner,,,,nearest_exit_decision_symbol,677,done,1,ai_logs
717014336052134643,bb509a04-7850-4f59-bc8b-4cb47c8e3d5a,2026-02-13T02:25:39.277Z,2026-02-13T10:25:39.277+08:00,Exit Execution,SDM:Straddle,cmt_adausdt,SHORT,SHORT_SIDE,400.0,0.2606,,True,2bb34b9e-9e38-4a64-a4c5-2fcf46fb2742,Exit Decision,2026-02-13T02:25:35.650Z,2026-02-13T10:25:35.650+08:00,SDM:Straddle,close_runner,,,,nearest_exit_decision_symbol,3627,done,1,ai_logs
717014364745368307,403fd25a-a240-40a0-a953-779eb2f09f00,2026-02-13T02:25:46.118Z,2026-02-13T10:25:46.118+08:00,Exit Execution,SDM:Straddle,cmt_dogeusdt,SHORT,SHORT_SIDE,600.0,0.09192,,True,4d1820d0-5dbd-4276-8e62-b7eb58511ab0,Exit Decision,2026-02-13T02:25:42.560Z,2026-02-13T10:25:42.560+08:00,SDM:Straddle,close_runner,,,,nearest_exit_decision_symbol,3558,done,1,ai_logs
717014381354812147,e4748b9d-2f2e-4f07-af28-fa5983ae41a9,2026-02-13T02:25:50.077Z,2026-02-13T10:25:50.077+08:00,Exit Execution,SDM:Straddle,cmt_btcusdt,SHORT,SHORT_SIDE,0.001,66706.5,,True,858f8291-096c-4ed9-b3b4-156be9ef8079,Exit Decision,2026-02-13T02:25:49.401Z,2026-02-13T10:25:49.401+08:00,SDM:Straddle,close_runner,,,,nearest_exit_decision_symbol,676,done,1,ai_logs
717016673051214579,eea731ff-7fce-4289-b941-e8171563a824,2026-02-13T02:34:56.462Z,2026-02-13T10:34:56.462+08:00,Exit Execution,SDM:Straddle,cmt_solusdt,SHORT,SHORT_SIDE,1.8,83.46,,True,061c177c-f524-475d-911d-32e881fcd2f5,Exit Decision,2026-02-13T02:34:52.869Z,2026-02-13T10:34:52.869+08:00,SDM:Straddle,close_runner,,,,nearest_exit_decision_symbol,3593,done,1,ai_logs
717016724032979699,045674ad-de56-45ff-b6a9-b86910b482f7,2026-02-13T02:35:08.618Z,2026-02-13T10:35:08.618+08:00,Exit Execution,SDM:Straddle,cmt_xrpusdt,SHORT,SHORT_SIDE,60.0,1.3591,,True,8b8ccff7-04b5-4f5f-8a74-6ae685f5e67e,Exit Decision,2026-02-13T02:35:07.933Z,2026-02-13T10:35:07.933+08:00,SDM:Straddle,close_runner,,,,nearest_exit_decision_symbol,685,done,1,ai_logs
717016741091214067,a955a776-2770-4577-86f0-15729c819781,2026-02-13T02:35:12.683Z,2026-02-13T10:35:12.683+08:00,Exit Execution,SDM:Straddle,cmt_bnbusdt,SHORT,SHORT_SIDE,0.1,598.62,,True,b8501ce0-e160-44a8-9a2d-e1916d9c369d,Exit Decision,2026-02-13T02:35:11.999Z,2026-02-13T10:35:11.999+08:00,SDM:Straddle,close_runner,,,,nearest_exit_decision_symbol,684,done,1,ai_logs
717016770560393971,45d15d94-b400-4615-b9b5-e049c6c9cc9a,2026-02-13T02:35:19.708Z,2026-02-13T10:35:19.708+08:00,Exit Execution,SDM:Straddle,cmt_adausdt,SHORT,SHORT_SIDE,400.0,0.2606,,True,2937cabf-9269-48f3-9a63-cfe41234e8da,Exit Decision,2026-02-13T02:35:16.095Z,2026-02-13T10:35:16.095+08:00,SDM:Straddle,close_runner,,,,nearest_exit_decision_symbol,3613,done,1,ai_logs
717016799400428275,580f1ace-3502-4185-8c0d-18df11bd7cdd,2026-02-13T02:35:26.585Z,2026-02-13T10:35:26.585+08:00,Exit Execution,SDM:Straddle,cmt_dogeusdt,SHORT,SHORT_SIDE,400.0,0.09192,,True,0e220890-b22e-47f3-bd32-dcd3e4170ef2,Exit Decision,2026-02-13T02:35:22.991Z,2026-02-13T10:35:22.991+08:00,SDM:Straddle,close_runner,,,,nearest_exit_decision_symbol,3594,done,1,ai_logs
717016816039232243,3a5cf490-c88d-419d-844c-3962b2cee8ce,2026-02-13T02:35:30.551Z,2026-02-13T10:35:30.551+08:00,Exit Execution,SDM:Straddle,cmt_btcusdt,SHORT,SHORT_SIDE,0.001,66706.5,,True,3344c2b5-e74c-416d-a0dc-baf68d63684e,Exit Decision,2026-02-13T02:35:29.881Z,2026-02-13T10:35:29.881+08:00,SDM:Straddle,close_runner,,,,nearest_exit_decision_symbol,670,done,1,ai_logs
716467307827692275,07d34edf-0d0b-4e39-8ece-b35b5ffcd01f,2026-02-13T02:35:31.517Z,2026-02-13T10:35:31.517+08:00,Exit Decision,PositionMonitor,cmt_dogeusdt,,UNKNOWN,400.0,0.09192,,,07d34edf-0d0b-4e39-8ece-b35b5ffcd01f,Exit Decision,2026-02-13T02:35:31.517Z,2026-02-13T10:35:31.517+08:00,PositionMonitor,,,,,exact_order_id,0,done,1,ai_logs
717021952434242291,be8da014-b25b-4446-95df-1e6231fc2d66,2026-02-13T02:55:55.163Z,2026-02-13T10:55:55.163+08:00,Exit Execution,SDM:Straddle,cmt_solusdt,SHORT,SHORT_SIDE,1.8,83.46,,True,297a5f8e-5ccd-41ac-be4d-e0dc193a6b5e,Exit Decision,2026-02-13T02:55:51.583Z,2026-02-13T10:55:51.583+08:00,SDM:Straddle,close_runner,,,,nearest_exit_decision_symbol,3580,done,1,ai_logs
717022002837193459,df271f0b-01f8-40c3-853e-9e8c0914bb44,2026-02-13T02:56:07.181Z,2026-02-13T10:56:07.181+08:00,Exit Execution,SDM:Straddle,cmt_xrpusdt,SHORT,SHORT_SIDE,60.0,1.3591,,True,1526d707-7ea1-4230-bec3-2b227f917604,Exit Decision,2026-02-13T02:56:06.502Z,2026-02-13T10:56:06.502+08:00,SDM:Straddle,close_runner,,,,nearest_exit_decision_symbol,679,done,1,ai_logs
717022019509551859,d97702a0-9cf8-40a0-bf9c-fed3758273ec,2026-02-13T02:56:11.155Z,2026-02-13T10:56:11.155+08:00,Exit Execution,SDM:Straddle,cmt_bnbusdt,SHORT,SHORT_SIDE,0.1,598.62,,True,becafc80-42da-4d31-b1b0-eafec72961ce,Exit Decision,2026-02-13T02:56:10.472Z,2026-02-13T10:56:10.472+08:00,SDM:Straddle,close_runner,,,,nearest_exit_decision_symbol,683,done,1,ai_logs
717022048718684915,1f7e98b7-c950-4371-bd9d-833be69ebae5,2026-02-13T02:56:18.120Z,2026-02-13T10:56:18.120+08:00,Exit Execution,SDM:Straddle,cmt_adausdt,SHORT,SHORT_SIDE,400.0,0.2606,,True,23369f67-3957-4745-962c-3925292a4eb4,Exit Decision,2026-02-13T02:56:14.503Z,2026-02-13T10:56:14.503+08:00,SDM:Straddle,close_runner,,,,nearest_exit_decision_symbol,3617,done,1,ai_logs
717022082172453619,ed3c4bb7-3e27-49ad-ba5d-cbf130b44c02,2026-02-13T02:56:26.096Z,2026-02-13T10:56:26.096+08:00,Exit Execution,SDM:Straddle,cmt_btcusdt,SHORT,SHORT_SIDE,0.001,66706.5,,True,9b3f9f7b-238f-4b76-bfe7-ddaa71b560f3,Exit Decision,2026-02-13T02:56:25.423Z,2026-02-13T10:56:25.423+08:00,SDM:Straddle,close_runner,,,,nearest_exit_decision_symbol,673,done,1,ai_logs
717025033981002483,aa7412ce-dc92-4f6f-ab05-bd9dcbb00be3,2026-02-13T03:08:09.862Z,2026-02-13T11:08:09.862+08:00,Exit Execution,SDM:Straddle,cmt_solusdt,SHORT,SHORT_SIDE,1.8,83.46,,True,a2f4bd02-d89e-4fcd-ba57-b439536c2405,Exit Decision,2026-02-13T03:08:06.271Z,2026-02-13T11:08:06.271+08:00,SDM:Straddle,close_runner,,,,nearest_exit_decision_symbol,3591,done,1,ai_logs
717025084165849843,833f2b38-87dd-49a8-b36e-3baad1b0d21f,2026-02-13T03:08:21.826Z,2026-02-13T11:08:21.826+08:00,Exit Execution,SDM:Straddle,cmt_xrpusdt,SHORT,SHORT_SIDE,60.0,1.3591,,True,f59ff9b6-d044-486a-b5e4-5e33566a3d6b,Exit Decision,2026-02-13T03:08:21.155Z,2026-02-13T11:08:21.155+08:00,SDM:Straddle,close_runner,,,,nearest_exit_decision_symbol,671,done,1,ai_logs
717025100880151283,77b866f1-4dc1-4196-ac10-12f7b1ebd551,2026-02-13T03:08:25.811Z,2026-02-13T11:08:25.811+08:00,Exit Execution,SDM:Straddle,cmt_bnbusdt,SHORT,SHORT_SIDE,0.1,598.62,,True,249139c7-1c70-4264-aa22-75187482cc9f,Exit Decision,2026-02-13T03:08:25.132Z,2026-02-13T11:08:25.132+08:00,SDM:Straddle,close_runner,,,,nearest_exit_decision_symbol,679,done,1,ai_logs
717025129837626099,7c7b2012-d90e-4cde-9052-b6ca167f6376,2026-02-13T03:08:32.715Z,2026-02-13T11:08:32.715+08:00,Exit Execution,SDM:Straddle,cmt_adausdt,SHORT,SHORT_SIDE,400.0,0.2606,,True,58e01536-0f95-40f3-9e7f-e48197651327,Exit Decision,2026-02-13T03:08:29.131Z,2026-02-13T11:08:29.131+08:00,SDM:Straddle,close_runner,,,,nearest_exit_decision_symbol,3584,done,1,ai_logs
717025163094262515,ea2584de-a08c-4003-89c4-a476bad3d653,2026-02-13T03:08:40.644Z,2026-02-13T11:08:40.644+08:00,Exit Execution,SDM:Straddle,cmt_btcusdt,SHORT,SHORT_SIDE,0.001,66706.5,,True,f6831824-0007-4fff-ad60-47b2ce2e024f,Exit Decision,2026-02-13T03:08:39.973Z,2026-02-13T11:08:39.973+08:00,SDM:Straddle,close_runner,,,,nearest_exit_decision_symbol,671,done,1,ai_logs
717038895958590195,aed2b43d-4705-4413-bf56-fa0b35bf2ac0,2026-02-13T04:03:14.815Z,2026-02-13T12:03:14.815+08:00,Exit Execution,SDM:Straddle,cmt_solusdt,SHORT,SHORT_SIDE,1.8,83.46,,True,a928bcd9-25b1-4180-92a8-891cc5da1278,Exit Decision,2026-02-13T04:03:11.259Z,2026-02-13T12:03:11.259+08:00,SDM:Straddle,close_runner,,,,nearest_exit_decision_symbol,3556,done,1,ai_logs
717038945757561587,40096610-7de4-40e9-9486-22a3252424b1,2026-02-13T04:03:26.689Z,2026-02-13T12:03:26.689+08:00,Exit Execution,SDM:Straddle,cmt_xrpusdt,SHORT,SHORT_SIDE,60.0,1.3591,,True,776f3554-eede-4efe-b4aa-802d489c9b64,Exit Decision,2026-02-13T04:03:26.015Z,2026-02-13T12:03:26.015+08:00,SDM:Straddle,close_runner,,,,nearest_exit_decision_symbol,674,done,1,ai_logs
717038962748687091,e61b212a-1f67-4173-99d1-dd4cbff266ab,2026-02-13T04:03:30.738Z,2026-02-13T12:03:30.738+08:00,Exit Execution,SDM:Straddle,cmt_bnbusdt,SHORT,SHORT_SIDE,0.1,598.62,,True,900714f1-1554-42c7-870c-993aca5bb555,Exit Decision,2026-02-13T04:03:30.063Z,2026-02-13T12:03:30.063+08:00,SDM:Straddle,close_runner,,,,nearest_exit_decision_symbol,675,done,1,ai_logs
717038991882322675,209d7570-c75a-4e05-abd4-4ab839391d78,2026-02-13T04:03:37.685Z,2026-02-13T12:03:37.685+08:00,Exit Execution,SDM:Straddle,cmt_adausdt,SHORT,SHORT_SIDE,400.0,0.2606,,True,6db09782-c51d-468c-b22e-75dc3a1c1c84,Exit Decision,2026-02-13T04:03:34.063Z,2026-02-13T12:03:34.063+08:00,SDM:Straddle,close_runner,,,,nearest_exit_decision_symbol,3622,done,1,ai_logs
717039025386423027,92ef0166-b4ca-4cfa-8112-b4c06838e3c2,2026-02-13T04:03:45.673Z,2026-02-13T12:03:45.673+08:00,Exit Execution,SDM:Straddle,cmt_btcusdt,SHORT,SHORT_SIDE,0.001,66706.5,,True,7b504417-d38c-49e6-b743-1c6bd2d7f6dd,Exit Decision,2026-02-13T04:03:44.996Z,2026-02-13T12:03:44.996+08:00,SDM:Straddle,close_runner,,,,nearest_exit_decision_symbol,677,done,1,ai_logs
717040082111955699,316cfdbc-8937-4e7b-90b6-2e61e8db084b,2026-02-13T04:07:57.617Z,2026-02-13T12:07:57.617+08:00,Exit Execution,SDM:Straddle,cmt_solusdt,SHORT,SHORT_SIDE,1.8,83.46,,True,47b09814-02ea-4b24-9f49-6a48895b1a1f,Exit Decision,2026-02-13T04:07:54.022Z,2026-02-13T12:07:54.022+08:00,SDM:Straddle,close_runner,,,,nearest_exit_decision_symbol,3595,done,1,ai_logs
717040132766565107,768d1791-a5a2-4353-85a5-d0ec545adcda,2026-02-13T04:08:09.694Z,2026-02-13T12:08:09.694+08:00,Exit Execution,SDM:Straddle,cmt_xrpusdt,SHORT,SHORT_SIDE,60.0,1.3591,,True,3580f09e-e115-4b0e-85df-907a5846bec6,Exit Decision,2026-02-13T04:08:09.011Z,2026-02-13T12:08:09.011+08:00,SDM:Straddle,close_runner,,,,nearest_exit_decision_symbol,683,done,1,ai_logs
717040149615084275,92ab2e7b-f165-4723-8e03-5b63bca69b39,2026-02-13T04:08:13.710Z,2026-02-13T12:08:13.710+08:00,Exit Execution,SDM:Straddle,cmt_bnbusdt,SHORT,SHORT_SIDE,0.1,598.62,,True,b1e4a12b-e3f6-494e-a17b-0deca37ce44b,Exit Decision,2026-02-13T04:08:13.017Z,2026-02-13T12:08:13.017+08:00,SDM:Straddle,close_runner,,,,nearest_exit_decision_symbol,693,done,1,ai_logs
717040178316706547,79f190cb-53ac-4596-bd11-41819f6cf77d,2026-02-13T04:08:20.552Z,2026-02-13T12:08:20.552+08:00,Exit Execution,SDM:Straddle,cmt_adausdt,SHORT,SHORT_SIDE,400.0,0.2606,,True,564e17c7-fada-47bb-a444-912e5fa35893,Exit Decision,2026-02-13T04:08:16.999Z,2026-02-13T12:08:16.999+08:00,SDM:Straddle,close_runner,,,,nearest_exit_decision_symbol,3553,done,1,ai_logs
717040211921470195,78b72ebd-854b-459a-9dfd-6b81bb0ff49f,2026-02-13T04:08:28.566Z,2026-02-13T12:08:28.566+08:00,Exit Execution,SDM:Straddle,cmt_btcusdt,SHORT,SHORT_SIDE,0.001,66706.5,,True,eee10e5b-a1be-493f-830e-360160b7efdd,Exit Decision,2026-02-13T04:08:27.882Z,2026-02-13T12:08:27.882+08:00,SDM:Straddle,close_runner,,,,nearest_exit_decision_symbol,684,done,1,ai_logs
717054775056663283,f93cf41f-e574-4a1b-b4a6-7bf57d25d7ba,2026-02-13T05:06:20.687Z,2026-02-13T13:06:20.687+08:00,Exit Execution,SDM:Straddle,cmt_solusdt,SHORT,SHORT_SIDE,1.8,83.46,,True,6810d2fa-8c8b-4b5d-90c0-655595c505e2,Exit Decision,2026-02-13T05:06:17.106Z,2026-02-13T13:06:17.106+08:00,SDM:Straddle,close_runner,,,,nearest_exit_decision_symbol,3581,done,1,ai_logs
717054825371534067,4a5587f4-817b-4f80-bbc0-4ea6dd5f4e1d,2026-02-13T05:06:32.681Z,2026-02-13T13:06:32.681+08:00,Exit Execution,SDM:Straddle,cmt_xrpusdt,SHORT,SHORT_SIDE,60.0,1.3591,,True,792501af-d2ac-4da0-93bd-e5d0a0aacaa0,Exit Decision,2026-02-13T05:06:32.008Z,2026-02-13T13:06:32.008+08:00,SDM:Straddle,close_runner,,,,nearest_exit_decision_symbol,673,done,1,ai_logs
717054842052281075,2c8142e9-4021-4232-a703-725de0dfb9b6,2026-02-13T05:06:36.660Z,2026-02-13T13:06:36.660+08:00,Exit Execution,SDM:Straddle,cmt_bnbusdt,SHORT,SHORT_SIDE,0.1,598.62,,True,7f219565-6c1d-4d3a-99e3-d616792c7771,Exit Decision,2026-02-13T05:06:35.978Z,2026-02-13T13:06:35.978+08:00,SDM:Straddle,close_runner,,,,nearest_exit_decision_symbol,682,done,1,ai_logs
717054989830193907,a1b94885-2ab2-4e28-97c3-5c671247cb92,2026-02-13T05:07:11.892Z,2026-02-13T13:07:11.892+08:00,Exit Execution,SDM:Straddle,cmt_solusdt,SHORT,SHORT_SIDE,1.8,83.46,,True,a9df8d54-8e25-435f-9ff2-a01ed2f1ea26,Exit Decision,2026-02-13T05:07:08.287Z,2026-02-13T13:07:08.287+08:00,SDM:Straddle,close_runner,,,,nearest_exit_decision_symbol,3605,done,1,ai_logs
717055063767384819,b94ec94e-42ee-467f-b491-bd0719d4be21,2026-02-13T05:07:29.521Z,2026-02-13T13:07:29.521+08:00,Exit Execution,SDM:Straddle,cmt_adausdt,SHORT,SHORT_SIDE,400.0,0.2606,,True,52347af3-9f0a-44dd-a0fc-5ba25fa5230c,Exit Decision,2026-02-13T05:07:25.976Z,2026-02-13T13:07:25.976+08:00,SDM:Straddle,close_runner,,,,nearest_exit_decision_symbol,3545,done,1,ai_logs
717055097435063027,c3fa7c75-16bc-481a-bd5a-261f02c38f3d,2026-02-13T05:07:37.546Z,2026-02-13T13:07:37.546+08:00,Exit Execution,SDM:Straddle,cmt_btcusdt,SHORT,SHORT_SIDE,0.001,66706.5,,True,5c788235-246c-4548-8cfc-3d1be67be524,Exit Decision,2026-02-13T05:07:36.869Z,2026-02-13T13:07:36.869+08:00,SDM:Straddle,close_runner,,,,nearest_exit_decision_symbol,677,done,1,ai_logs
717060583697941235,071f3002-8604-4202-bd57-09d62fcfa0ff,2026-02-13T05:29:25.573Z,2026-02-13T13:29:25.573+08:00,Exit Execution,SDM:Straddle,cmt_solusdt,SHORT,SHORT_SIDE,0.6,83.46,,True,69cb5037-554a-4b99-8c9a-447bac6b0986,Exit Decision,2026-02-13T05:29:22.017Z,2026-02-13T13:29:22.017+08:00,SDM:Straddle,close_runner,,,,nearest_exit_decision_symbol,3556,done,1,ai_logs
717060679533593331,202d0ae2-fe6c-4416-aee0-a7c35685282d,2026-02-13T05:29:48.424Z,2026-02-13T13:29:48.424+08:00,Exit Execution,SDM:Straddle,cmt_adausdt,SHORT,SHORT_SIDE,400.0,0.2606,,True,a085ef9f-9c3f-41a9-8a29-daed30dd4274,Exit Decision,2026-02-13T05:29:44.833Z,2026-02-13T13:29:44.833+08:00,SDM:Straddle,close_runner,,,,nearest_exit_decision_symbol,3591,done,1,ai_logs
716278209418625779,b51958ff-80ee-42ae-80eb-8ab88a9b4df8,2026-02-13T05:29:50.675Z,2026-02-13T13:29:50.675+08:00,Exit Decision,PositionMonitor,cmt_solusdt,,UNKNOWN,0.6,83.46,,,b51958ff-80ee-42ae-80eb-8ab88a9b4df8,Exit Decision,2026-02-13T05:29:50.675Z,2026-02-13T13:29:50.675+08:00,PositionMonitor,,,,,exact_order_id,0,done,1,ai_logs
717060713675227891,5dbf612d-ebb1-4267-a0d9-f536a2684d92,2026-02-13T05:29:56.565Z,2026-02-13T13:29:56.565+08:00,Exit Execution,SDM:Straddle,cmt_btcusdt,SHORT,SHORT_SIDE,0.001,66706.5,,True,ea845b3a-b665-436a-9638-4f414dcdadfe,Exit Decision,2026-02-13T05:29:55.877Z,2026-02-13T13:29:55.877+08:00,SDM:Straddle,close_runner,,,,nearest_exit_decision_symbol,688,done,1,ai_logs
717063212754797299,af2f599f-6d6e-4a70-87fc-ec540581b960,2026-02-13T05:39:52.395Z,2026-02-13T13:39:52.395+08:00,Exit Execution,SDM:Straddle,cmt_adausdt,SHORT,SHORT_SIDE,400.0,0.2606,,True,49bcf59b-cecf-4263-8868-8cf0474a5eca,Exit Decision,2026-02-13T05:39:48.825Z,2026-02-13T13:39:48.825+08:00,SDM:Straddle,close_runner,,,,nearest_exit_decision_symbol,3570,done,1,ai_logs
717064633357173491,ec52ada0-5c18-43e9-8a46-09572808b7fa,2026-02-13T05:45:31.088Z,2026-02-13T13:45:31.088+08:00,Exit Execution,SDM:Straddle,cmt_adausdt,SHORT,SHORT_SIDE,400.0,0.2606,,True,d7e28855-ad5f-4c58-aef6-eb8b501c81bd,Exit Decision,2026-02-13T05:45:27.513Z,2026-02-13T13:45:27.513+08:00,SDM:Straddle,close_runner,,,,nearest_exit_decision_symbol,3575,done,1,ai_logs
717065019602240243,79731395-8479-4c89-ae0b-7490f3fcb217,2026-02-13T05:47:03.177Z,2026-02-13T13:47:03.177+08:00,Exit Execution,SDM:Straddle,cmt_adausdt,SHORT,SHORT_SIDE,400.0,0.2606,,True,899da8d4-0587-4e36-8b7c-0a8ce478f061,Exit Decision,2026-02-13T05:46:59.571Z,2026-02-13T13:46:59.571+08:00,SDM:Straddle,close_runner,,,,nearest_exit_decision_symbol,3606,done,1,ai_logs
717065624135664371,a44e38af-5fa4-4e0d-97b6-eb5a911ce5a5,2026-02-13T05:49:27.310Z,2026-02-13T13:49:27.310+08:00,Exit Execution,SDM:Straddle,cmt_adausdt,SHORT,SHORT_SIDE,400.0,0.2606,,True,9cbfae35-23e5-4f56-bdc9-df4830e9476e,Exit Decision,2026-02-13T05:49:23.727Z,2026-02-13T13:49:23.727+08:00,SDM:Straddle,close_runner,,,,nearest_exit_decision_symbol,3583,done,1,ai_logs
717065973382775539,6d84f372-cb2d-4bed-84c7-d3211dd6af50,2026-02-13T05:50:50.575Z,2026-02-13T13:50:50.575+08:00,Exit Execution,SDM:Straddle,cmt_adausdt,SHORT,SHORT_SIDE,400.0,0.2606,,True,70e73b79-aa4f-4cb1-b6b1-889ed86ca56a,Exit Decision,2026-02-13T05:50:46.995Z,2026-02-13T13:50:46.995+08:00,SDM:Straddle,close_runner,,,,nearest_exit_decision_symbol,3580,done,1,ai_logs
717072685523272435,e6b55703-649c-418e-93a0-d9679a3ca933,2026-02-13T06:17:30.876Z,2026-02-13T14:17:30.876+08:00,Exit Execution,SDM:Straddle,cmt_adausdt,SHORT,SHORT_SIDE,400.0,0.2606,,True,c8fac55f-68b1-4a83-b48e-a9c2adc3af7a,Exit Decision,2026-02-13T06:17:27.296Z,2026-02-13T14:17:27.296+08:00,SDM:Straddle,close_runner,,,,nearest_exit_decision_symbol,3580,done,1,ai_logs
717079317468676851,87a0908d-3bf2-4220-9402-04feb237bfe1,2026-02-13T06:43:52.054Z,2026-02-13T14:43:52.054+08:00,Exit Execution,SDM:Straddle,cmt_adausdt,SHORT,SHORT_SIDE,400.0,0.2606,,True,cada5654-5620-4057-aa0a-73ba5e097561,Exit Decision,2026-02-13T06:43:48.500Z,2026-02-13T14:43:48.500+08:00,SDM:Straddle,close_runner,,,,nearest_exit_decision_symbol,3554,done,1,ai_logs
717086004846002931,aa74ad54-821d-43c8-903e-30e7bfc1b2e7,2026-02-13T07:10:26.449Z,2026-02-13T15:10:26.449+08:00,Exit Execution,SDM:Straddle,cmt_adausdt,SHORT,SHORT_SIDE,400.0,0.2606,,True,9c6c2b48-9f0d-4bab-9f8a-b6e9b4596caa,Exit Decision,2026-02-13T07:10:22.853Z,2026-02-13T15:10:22.853+08:00,SDM:Straddle,close_runner,,,,nearest_exit_decision_symbol,3596,done,1,ai_logs
717092722388763379,59220123-45d3-4077-9e99-b7bad2d4aef0,2026-02-13T07:37:08.037Z,2026-02-13T15:37:08.037+08:00,Exit Execution,SDM:Straddle,cmt_adausdt,SHORT,SHORT_SIDE,400.0,0.2606,,True,0ff351f2-f617-4b30-a423-4fe1e8026b61,Exit Decision,2026-02-13T07:37:04.145Z,2026-02-13T15:37:04.145+08:00,SDM:Straddle,close_runner,,,,nearest_exit_decision_symbol,3892,done,1,ai_logs
717099432868315891,63b7bb7e-65d9-4e84-b318-15ff1fa8569c,2026-02-13T08:03:47.939Z,2026-02-13T16:03:47.939+08:00,Exit Execution,SDM:Straddle,cmt_adausdt,SHORT,SHORT_SIDE,400.0,0.2606,,True,aa6c411d-dd4f-47c6-aa66-8e34fee6fd23,Exit Decision,2026-02-13T08:03:44.373Z,2026-02-13T16:03:44.373+08:00,SDM:Straddle,close_runner,,,,nearest_exit_decision_symbol,3566,done,1,ai_logs
717106138176291571,45ff35d4-c2c1-46d5-ad36-2b51565482e4,2026-02-13T08:30:26.610Z,2026-02-13T16:30:26.610+08:00,Exit Execution,SDM:Straddle,cmt_adausdt,SHORT,SHORT_SIDE,400.0,0.2606,,True,d79cff22-40c3-48bc-bb85-518a7a764c2d,Exit Decision,2026-02-13T08:30:23.008Z,2026-02-13T16:30:23.008+08:00,SDM:Straddle,close_runner,,,,nearest_exit_decision_symbol,3602,done,1,ai_logs
717112840879604467,e310306e-c99e-4b4a-b47b-fe3003699ace,2026-02-13T08:57:04.658Z,2026-02-13T16:57:04.658+08:00,Exit Execution,SDM:Straddle,cmt_adausdt,SHORT,SHORT_SIDE,400.0,0.2606,,True,ab39ef6f-2214-4438-9a01-b8a3a3496c54,Exit Decision,2026-02-13T08:57:01.083Z,2026-02-13T16:57:01.083+08:00,SDM:Straddle,close_runner,,,,nearest_exit_decision_symbol,3575,done,1,ai_logs
717119559093453555,70f34dde-cc1c-4af3-91da-c9c0b04bee5e,2026-02-13T09:23:46.404Z,2026-02-13T17:23:46.404+08:00,Exit Execution,SDM:Straddle,cmt_adausdt,SHORT,SHORT_SIDE,400.0,0.2606,,True,95e2003c-c437-46d4-9e28-bcf90befe320,Exit Decision,2026-02-13T09:23:42.784Z,2026-02-13T17:23:42.784+08:00,SDM:Straddle,close_runner,,,,nearest_exit_decision_symbol,3620,done,1,ai_logs
717126273020723955,cb333e28-1572-48dd-86bd-b46e905d0b4c,2026-02-13T09:50:27.129Z,2026-02-13T17:50:27.129+08:00,Exit Execution,SDM:Straddle,cmt_adausdt,SHORT,SHORT_SIDE,400.0,0.2606,,True,b9b89d81-5757-464d-a8fe-774a227264b1,Exit Decision,2026-02-13T09:50:23.554Z,2026-02-13T17:50:23.554+08:00,SDM:Straddle,close_runner,,,,nearest_exit_decision_symbol,3575,done,1,ai_logs
717132988801876723,22ed6676-b76d-43ee-b00c-380ed4489e99,2026-02-13T10:17:08.297Z,2026-02-13T18:17:08.297+08:00,Exit Execution,SDM:Straddle,cmt_adausdt,SHORT,SHORT_SIDE,400.0,0.2606,,True,1a1d8ab0-2fcd-4035-92a5-76ff1a9c7311,Exit Decision,2026-02-13T10:17:04.472Z,2026-02-13T18:17:04.472+08:00,SDM:Straddle,close_runner,,,,nearest_exit_decision_symbol,3825,done,1,ai_logs
717139714359952115,aae32a05-2704-415f-ba5e-1fe32bbd7285,2026-02-13T10:43:51.796Z,2026-02-13T18:43:51.796+08:00,Exit Execution,SDM:Straddle,cmt_adausdt,SHORT,SHORT_SIDE,400.0,0.2606,,True,61850e54-993a-4361-a468-1426883b7c0c,Exit Decision,2026-02-13T10:43:48.203Z,2026-02-13T18:43:48.203+08:00,SDM:Straddle,close_runner,,,,nearest_exit_decision_symbol,3593,done,1,ai_logs
717142724171530995,12b66a09-ea37-47cf-a28b-0a2357520eff,2026-02-13T10:55:49.391Z,2026-02-13T18:55:49.391+08:00,Exit Execution,SDM:Straddle,cmt_adausdt,SHORT,SHORT_SIDE,400.0,0.2606,,True,f2ab0c8a-3ddb-4a3f-a3bc-f72f75926a87,Exit Decision,2026-02-13T10:55:45.729Z,2026-02-13T18:55:45.729+08:00,SDM:Straddle,close_runner,,,,nearest_exit_decision_symbol,3662,done,1,ai_logs
717144248050254579,a2f15603-cbd9-4700-b8b5-98c96c26852c,2026-02-13T11:01:52.710Z,2026-02-13T19:01:52.710+08:00,Exit Execution,SDM:Straddle,cmt_solusdt,LONG,LONG_SIDE,23.6,80.52,,True,255149d8-af33-4924-9e59-ed2d93a1f81a,Exit Decision,2026-02-13T11:01:52.032Z,2026-02-13T19:01:52.032+08:00,SDM:Straddle,close_hedge_force_unblock,,,,nearest_exit_decision_symbol,678,done,1,ai_logs
717144250902381299,3056042b-ad3f-4d32-94ab-6d017027d9d9,2026-02-13T11:01:53.390Z,2026-02-13T19:01:53.390+08:00,Exit Execution,SDM:Straddle,cmt_solusdt,SHORT,SHORT_SIDE,23.6,80.52,,True,255149d8-af33-4924-9e59-ed2d93a1f81a,Exit Decision,2026-02-13T11:01:52.032Z,2026-02-13T19:01:52.032+08:00,SDM:Straddle,close_hedge_force_unblock,,,,nearest_exit_decision_symbol,1358,done,1,ai_logs
717145863834567411,8c4e6669-f3fb-48a6-848e-f0d215e3f692,2026-02-13T11:08:17.943Z,2026-02-13T19:08:17.943+08:00,Exit Execution,SDM:Straddle,cmt_solusdt,LONG,LONG_SIDE,29.313740615071772,80.17,,True,d816e7f0-7448-4183-8fc1-ed7c0caf4e98,Exit Decision,2026-02-13T11:08:17.258Z,2026-02-13T19:08:17.258+08:00,SDM:Straddle,close_hedge_force_unblock,,,,nearest_exit_decision_symbol,685,done,1,ai_logs
717145866657334003,fe527219-8f81-4741-b5ef-94f815ac38fe,2026-02-13T11:08:18.617Z,2026-02-13T19:08:18.617+08:00,Exit Execution,SDM:Straddle,cmt_solusdt,SHORT,SHORT_SIDE,29.313740615071772,80.17,,True,d816e7f0-7448-4183-8fc1-ed7c0caf4e98,Exit Decision,2026-02-13T11:08:17.258Z,2026-02-13T19:08:17.258+08:00,SDM:Straddle,close_hedge_force_unblock,,,,nearest_exit_decision_symbol,1359,done,1,ai_logs
717147477102297843,bdebf57f-f90e-4662-bacc-448b9f333afc,2026-02-13T11:14:42.578Z,2026-02-13T19:14:42.578+08:00,Exit Execution,SDM:Straddle,cmt_solusdt,LONG,LONG_SIDE,24.399800028765053,80.09,,True,91a42185-3295-4996-a29d-8ba228d436da,Exit Decision,2026-02-13T11:14:41.902Z,2026-02-13T19:14:41.902+08:00,SDM:Straddle,close_hedge_force_unblock,,,,nearest_exit_decision_symbol,676,done,1,ai_logs
717147479967007475,e86e93d7-cfcd-4716-8d4d-d2583fa6a411,2026-02-13T11:14:43.260Z,2026-02-13T19:14:43.260+08:00,Exit Execution,SDM:Straddle,cmt_solusdt,SHORT,SHORT_SIDE,24.399800028765053,80.09,,True,91a42185-3295-4996-a29d-8ba228d436da,Exit Decision,2026-02-13T11:14:41.902Z,2026-02-13T19:14:41.902+08:00,SDM:Straddle,close_hedge_force_unblock,,,,nearest_exit_decision_symbol,1358,done,1,ai_logs
717147803620475635,e065b473-d909-46fd-b089-c777d6304075,2026-02-13T11:16:00.425Z,2026-02-13T19:16:00.425+08:00,Exit Execution,SDM:Straddle,cmt_adausdt,SHORT,SHORT_SIDE,400.0,0.2606,,True,894ccf67-6289-4a88-8bb5-ecc3a1aee1d6,Exit Decision,2026-02-13T11:15:56.842Z,2026-02-13T19:15:56.842+08:00,SDM:Straddle,close_runner,,,,nearest_exit_decision_symbol,3583,done,1,ai_logs
717150956608815859,0d6607a4-c2b2-4f37-ae5a-29db41ab965c,2026-02-13T11:28:32.156Z,2026-02-13T19:28:32.156+08:00,Exit Execution,SDM:Straddle,cmt_solusdt,LONG,LONG_SIDE,24.78947861524442,79.98,,True,fe6e67ee-63be-4c7b-bb96-0d09b2818594,Exit Decision,2026-02-13T11:28:31.476Z,2026-02-13T19:28:31.476+08:00,SDM:Straddle,close_hedge_force_unblock,,,,nearest_exit_decision_symbol,680,done,1,ai_logs
717150959645491955,5bb67a58-bb84-40b2-9899-2c118e113264,2026-02-13T11:28:32.880Z,2026-02-13T19:28:32.880+08:00,Exit Execution,SDM:Straddle,cmt_solusdt,SHORT,SHORT_SIDE,24.78947861524442,79.98,,True,fe6e67ee-63be-4c7b-bb96-0d09b2818594,Exit Decision,2026-02-13T11:28:31.476Z,2026-02-13T19:28:31.476+08:00,SDM:Straddle,close_hedge_force_unblock,,,,nearest_exit_decision_symbol,1404,done,1,ai_logs
717152422060884723,14f0f7c4-cfcf-4f1e-9d89-1c0ee489ec97,2026-02-13T11:34:21.547Z,2026-02-13T19:34:21.547+08:00,Exit Execution,SDM:Straddle,cmt_adausdt,SHORT,SHORT_SIDE,400.0,0.2606,,True,f55db3c3-be8c-49d0-b021-d65fee8c7d49,Exit Decision,2026-02-13T11:34:17.916Z,2026-02-13T19:34:17.916+08:00,SDM:Straddle,close_runner,,,,nearest_exit_decision_symbol,3631,done,1,ai_logs
717153083020280563,e66c7c26-3a0f-45e6-8ccb-1693dc90bc67,2026-02-13T11:36:59.131Z,2026-02-13T19:36:59.131+08:00,Exit Execution,SDM:Straddle,cmt_adausdt,SHORT,SHORT_SIDE,400.0,0.2606,,True,bf5fd9d3-ec0b-4193-9424-ac482dbfac28,Exit Decision,2026-02-13T11:36:55.530Z,2026-02-13T19:36:55.530+08:00,SDM:Straddle,close_runner,,,,nearest_exit_decision_symbol,3601,done,1,ai_logs
717153131514823411,b37e7cef-12dd-4529-ae10-ea522e13747a,2026-02-13T11:37:10.696Z,2026-02-13T19:37:10.696+08:00,Exit Execution,SDM:Straddle,cmt_solusdt,LONG,LONG_SIDE,24.1,80.05,,True,868de08f-4480-4876-b07e-727c5fb6445c,Exit Decision,2026-02-13T11:37:10.002Z,2026-02-13T19:37:10.002+08:00,SDM:Straddle,close_hedge_force_unblock,,,,nearest_exit_decision_symbol,694,done,1,ai_logs
717153134513750771,2c0aa655-3195-4725-b8bd-f5e7839b9d11,2026-02-13T11:37:11.410Z,2026-02-13T19:37:11.410+08:00,Exit Execution,SDM:Straddle,cmt_solusdt,SHORT,SHORT_SIDE,24.1,80.05,,True,868de08f-4480-4876-b07e-727c5fb6445c,Exit Decision,2026-02-13T11:37:10.002Z,2026-02-13T19:37:10.002+08:00,SDM:Straddle,close_hedge_force_unblock,,,,nearest_exit_decision_symbol,1408,done,1,ai_logs
717160127886525171,7a6a33bc-6c56-4668-b1d4-1e385799d351,2026-02-13T12:04:58.759Z,2026-02-13T20:04:58.759+08:00,Exit Execution,SDM:Straddle,cmt_adausdt,SHORT,SHORT_SIDE,400.0,0.2606,,True,9724d31f-4fb7-42ff-ad0c-16d4deddf053,Exit Decision,2026-02-13T12:04:55.171Z,2026-02-13T20:04:55.171+08:00,SDM:Straddle,close_runner,,,,nearest_exit_decision_symbol,3588,done,1,ai_logs
717160276998226675,be293d7a-aa1f-4222-b590-0ec67570bc02,2026-02-13T12:05:34.310Z,2026-02-13T20:05:34.310+08:00,Exit Execution,SDM:Straddle,cmt_solusdt,LONG,LONG_SIDE,24.336176090649218,79.96,,True,873d4efc-850a-4420-abae-f5ced2c63482,Exit Decision,2026-02-13T12:05:33.624Z,2026-02-13T20:05:33.624+08:00,SDM:Straddle,close_hedge_force_unblock,,,,nearest_exit_decision_symbol,686,done,1,ai_logs
717160279816798963,8d0c52a2-094e-4317-a178-456d3715321f,2026-02-13T12:05:34.982Z,2026-02-13T20:05:34.982+08:00,Exit Execution,SDM:Straddle,cmt_solusdt,SHORT,SHORT_SIDE,24.336176090649218,79.96,,True,873d4efc-850a-4420-abae-f5ced2c63482,Exit Decision,2026-02-13T12:05:33.624Z,2026-02-13T20:05:33.624+08:00,SDM:Straddle,close_hedge_force_unblock,,,,nearest_exit_decision_symbol,1358,done,1,ai_logs
717161040755819251,c1bcaa1a-8560-464a-8571-cda9ea1065b5,2026-02-13T12:08:36.404Z,2026-02-13T20:08:36.404+08:00,Exit Execution,SDM:Straddle,cmt_adausdt,SHORT,SHORT_SIDE,400.0,0.2606,,True,566aaede-5a43-4f02-b323-6b1c09e842bf,Exit Decision,2026-02-13T12:08:32.779Z,2026-02-13T20:08:32.779+08:00,SDM:Straddle,close_runner,,,,nearest_exit_decision_symbol,3625,done,1,ai_logs
717161190433751795,9a8c50fb-923f-4f19-90b9-8418205fa0f5,2026-02-13T12:09:12.089Z,2026-02-13T20:09:12.089+08:00,Exit Execution,SDM:Straddle,cmt_solusdt,LONG,LONG_SIDE,28.774013844867802,79.94,,True,edbd8587-a320-4014-b8e1-4dde2d56d0cc,Exit Decision,2026-02-13T12:09:11.419Z,2026-02-13T20:09:11.419+08:00,SDM:Straddle,close_hedge_force_unblock,,,,nearest_exit_decision_symbol,670,done,1,ai_logs
717161193269101299,d15bfbaf-e425-4cdd-bfa9-3c008ea2db67,2026-02-13T12:09:12.766Z,2026-02-13T20:09:12.766+08:00,Exit Execution,SDM:Straddle,cmt_solusdt,SHORT,SHORT_SIDE,28.774013844867802,79.94,,True,edbd8587-a320-4014-b8e1-4dde2d56d0cc,Exit Decision,2026-02-13T12:09:11.419Z,2026-02-13T20:09:11.419+08:00,SDM:Straddle,close_hedge_force_unblock,,,,nearest_exit_decision_symbol,1347,done,1,ai_logs
717167963404239603,14d5ae10-8770-418e-a86e-7eb02f0eb800,2026-02-13T12:36:06.894Z,2026-02-13T20:36:06.894+08:00,Exit Execution,SDM:Straddle,cmt_adausdt,SHORT,SHORT_SIDE,400.0,0.2606,,True,a5e971f0-6195-4d1d-9103-651de0dd8c81,Exit Decision,2026-02-13T12:36:03.126Z,2026-02-13T20:36:03.126+08:00,SDM:Straddle,close_runner,,,,nearest_exit_decision_symbol,3768,done,1,ai_logs
717168112977314547,992008e6-3b9a-4e87-b558-749faa786bb8,2026-02-13T12:36:42.554Z,2026-02-13T20:36:42.554+08:00,Exit Execution,SDM:Straddle,cmt_solusdt,LONG,LONG_SIDE,32.33963981774569,79.9,,True,9d45e9b9-3c6e-4bd3-8755-456ba470a0ca,Exit Decision,2026-02-13T12:36:41.865Z,2026-02-13T20:36:41.865+08:00,SDM:Straddle,close_hedge_force_unblock,,,,nearest_exit_decision_symbol,689,done,1,ai_logs
717168115963658995,500c0411-e517-49a8-9d55-1d3f059e8d9c,2026-02-13T12:36:43.267Z,2026-02-13T20:36:43.267+08:00,Exit Execution,SDM:Straddle,cmt_solusdt,SHORT,SHORT_SIDE,32.33963981774569,79.9,,True,9d45e9b9-3c6e-4bd3-8755-456ba470a0ca,Exit Decision,2026-02-13T12:36:41.865Z,2026-02-13T20:36:41.865+08:00,SDM:Straddle,close_hedge_force_unblock,,,,nearest_exit_decision_symbol,1402,done,1,ai_logs
717174850795340531,4d7b2eda-4776-4862-8d28-8d57f5e50004,2026-02-13T13:03:28.973Z,2026-02-13T21:03:28.973+08:00,Exit Execution,SDM:Straddle,cmt_adausdt,SHORT,SHORT_SIDE,400.0,0.2606,,True,cc5e478f-7e2d-4bda-9e39-457cc26b9f64,Exit Decision,2026-02-13T13:03:25.388Z,2026-02-13T21:03:25.388+08:00,SDM:Straddle,close_runner,,,,nearest_exit_decision_symbol,3585,done,1,ai_logs
717181727822316275,624fc172-06c8-406a-b475-b4e7fc791c2c,2026-02-13T13:30:48.586Z,2026-02-13T21:30:48.586+08:00,Exit Execution,SDM:Straddle,cmt_adausdt,SHORT,SHORT_SIDE,400.0,0.2606,,True,5d223dc6-1bb8-41d4-ad01-ca5d8445e279,Exit Decision,2026-02-13T13:30:44.900Z,2026-02-13T21:30:44.900+08:00,SDM:Straddle,close_runner,,,,nearest_exit_decision_symbol,3686,done,1,ai_logs
717188598910157555,407b86dd-3bee-4c4e-8c7d-e70bbc69fc5e,2026-02-13T13:58:06.781Z,2026-02-13T21:58:06.781+08:00,Exit Execution,SDM:Straddle,cmt_adausdt,SHORT,SHORT_SIDE,400.0,0.2606,,True,4c7d8dc7-7bba-4252-ad9c-a3e25335d3c4,Exit Decision,2026-02-13T13:58:03.013Z,2026-02-13T21:58:03.013+08:00,SDM:Straddle,close_runner,,,,nearest_exit_decision_symbol,3768,done,1,ai_logs
717195478587933427,80806f0b-2e97-4774-910e-e812430273ed,2026-02-13T14:25:27.021Z,2026-02-13T22:25:27.021+08:00,Exit Execution,SDM:Straddle,cmt_adausdt,SHORT,SHORT_SIDE,400.0,0.2606,,True,17215f34-bd77-413a-8e91-81ee8b3efac7,Exit Decision,2026-02-13T14:25:23.441Z,2026-02-13T22:25:23.441+08:00,SDM:Straddle,close_runner,,,,nearest_exit_decision_symbol,3580,done,1,ai_logs
717202358861300467,b899ff76-bfaf-4d84-a71d-34d7b422848d,2026-02-13T14:52:47.407Z,2026-02-13T22:52:47.407+08:00,Exit Execution,SDM:Straddle,cmt_adausdt,SHORT,SHORT_SIDE,400.0,0.2606,,True,44ec77d7-a743-4b69-a5e3-fe752d0c79f2,Exit Decision,2026-02-13T14:52:43.817Z,2026-02-13T22:52:43.817+08:00,SDM:Straddle,close_runner,,,,nearest_exit_decision_symbol,3590,done,1,ai_logs
717209260139741939,89fb9680-8d3b-4280-a8c7-b64bccbdb281,2026-02-13T15:20:12.801Z,2026-02-13T23:20:12.801+08:00,Exit Execution,SDM:Straddle,cmt_adausdt,SHORT,SHORT_SIDE,400.0,0.2606,,True,018ab080-6b9f-40e6-8e94-d675b8ae7c9b,Exit Decision,2026-02-13T15:20:09.144Z,2026-02-13T23:20:09.144+08:00,SDM:Straddle,close_runner,,,,nearest_exit_decision_symbol,3657,done,1,ai_logs
717216131319857907,b40947b3-c1bc-4d67-b51b-00ffdcc2a886,2026-02-13T15:47:31.019Z,2026-02-13T23:47:31.019+08:00,Exit Execution,SDM:Straddle,cmt_adausdt,SHORT,SHORT_SIDE,400.0,0.2606,,True,4d1a0ced-692e-4b90-a424-6300d5c145d3,Exit Decision,2026-02-13T15:47:27.428Z,2026-02-13T23:47:27.428+08:00,SDM:Straddle,close_runner,,,,nearest_exit_decision_symbol,3591,done,1,ai_logs
717223000704811763,a6e76aa3-dbbd-46ed-ac43-c14e859ebde8,2026-02-13T16:14:48.806Z,2026-02-14T00:14:48.806+08:00,Exit Execution,SDM:Straddle,cmt_adausdt,SHORT,SHORT_SIDE,400.0,0.2606,,True,8d33c62f-1a2c-464c-9fba-877e82c8e3ed,Exit Decision,2026-02-13T16:14:45.183Z,2026-02-14T00:14:45.183+08:00,SDM:Straddle,close_runner,,,,nearest_exit_decision_symbol,3623,done,1,ai_logs
717229882592985843,fce69f77-9987-48b7-a638-173b2b8f5b29,2026-02-13T16:42:09.577Z,2026-02-14T00:42:09.577+08:00,Exit Execution,SDM:Straddle,cmt_adausdt,SHORT,SHORT_SIDE,400.0,0.2606,,True,063ff79e-1937-4fbc-ae54-ada15f3178ee,Exit Decision,2026-02-13T16:42:05.844Z,2026-02-14T00:42:05.844+08:00,SDM:Straddle,close_runner,,,,nearest_exit_decision_symbol,3733,done,1,ai_logs
717236768692241139,40d05514-a41d-4ed5-8579-e574f3a83591,2026-02-13T17:09:31.350Z,2026-02-14T01:09:31.350+08:00,Exit Execution,SDM:Straddle,cmt_adausdt,SHORT,SHORT_SIDE,400.0,0.2606,,True,f283afc2-0076-4006-9eab-429b88e889cc,Exit Decision,2026-02-13T17:09:27.720Z,2026-02-14T01:09:27.720+08:00,SDM:Straddle,close_runner,,,,nearest_exit_decision_symbol,3630,done,1,ai_logs
717243648646841075,3763a6a5-2ab5-4096-98ba-3ef5a40d1864,2026-02-13T17:36:51.660Z,2026-02-14T01:36:51.660+08:00,Exit Execution,SDM:Straddle,cmt_adausdt,SHORT,SHORT_SIDE,400.0,0.2606,,True,d88018e0-69b6-418e-932f-794908844ff0,Exit Decision,2026-02-13T17:36:48.053Z,2026-02-14T01:36:48.053+08:00,SDM:Straddle,close_runner,,,,nearest_exit_decision_symbol,3607,done,1,ai_logs
717250530824422131,cc0841de-a946-4668-8e93-f4184c117a42,2026-02-13T18:04:12.500Z,2026-02-14T02:04:12.500+08:00,Exit Execution,SDM:Straddle,cmt_adausdt,SHORT,SHORT_SIDE,400.0,0.2606,,True,42863adf-af07-4ed8-a006-2767792e1ba0,Exit Decision,2026-02-13T18:04:08.884Z,2026-02-14T02:04:08.884+08:00,SDM:Straddle,close_runner,,,,nearest_exit_decision_symbol,3616,done,1,ai_logs
717257400125489907,0a69ca1c-e3a0-4c99-be76-8708197569a3,2026-02-13T18:31:30.267Z,2026-02-14T02:31:30.267+08:00,Exit Execution,SDM:Straddle,cmt_adausdt,SHORT,SHORT_SIDE,400.0,0.2606,,True,3fe4afbf-8512-441a-9e5c-8c9d8239bf8e,Exit Decision,2026-02-13T18:31:26.677Z,2026-02-14T02:31:26.677+08:00,SDM:Straddle,close_runner,,,,nearest_exit_decision_symbol,3590,done,1,ai_logs
717264273629250291,8a18be43-92be-47d0-a5cb-73f09233b121,2026-02-13T18:58:49.039Z,2026-02-14T02:58:49.039+08:00,Exit Execution,SDM:Straddle,cmt_adausdt,SHORT,SHORT_SIDE,400.0,0.2606,,True,3c195303-ae31-4ca1-ac4c-ccc4ef7576b6,Exit Decision,2026-02-13T18:58:45.397Z,2026-02-14T02:58:45.397+08:00,SDM:Straddle,close_runner,,,,nearest_exit_decision_symbol,3642,done,1,ai_logs
717271208789279475,0eafafac-0768-448e-8afd-11b252e3f878,2026-02-13T19:26:22.511Z,2026-02-14T03:26:22.511+08:00,Exit Execution,SDM:Straddle,cmt_adausdt,SHORT,SHORT_SIDE,400.0,0.2606,,True,0892659e-6786-4e13-a026-892a7fc2e8cd,Exit Decision,2026-02-13T19:26:18.939Z,2026-02-14T03:26:18.939+08:00,SDM:Straddle,close_runner,,,,nearest_exit_decision_symbol,3572,done,1,ai_logs
717278112768852723,0e85e0cf-d1d2-4742-8dd3-5fb21cb1c960,2026-02-13T19:53:48.545Z,2026-02-14T03:53:48.545+08:00,Exit Execution,SDM:Straddle,cmt_adausdt,SHORT,SHORT_SIDE,400.0,0.2606,,True,c6b2e911-f556-457f-8427-1d8ea591efcf,Exit Decision,2026-02-13T19:53:44.947Z,2026-02-14T03:53:44.947+08:00,SDM:Straddle,close_runner,,,,nearest_exit_decision_symbol,3598,done,1,ai_logs
717284989875520243,c145e57e-3fbe-4f8c-bf56-a260e08a7fb3,2026-02-13T20:21:08.176Z,2026-02-14T04:21:08.176+08:00,Exit Execution,SDM:Straddle,cmt_adausdt,SHORT,SHORT_SIDE,400.0,0.2606,,True,8ae55aa0-dcd8-457d-a984-d114af9d08cb,Exit Decision,2026-02-13T20:21:04.412Z,2026-02-14T04:21:04.412+08:00,SDM:Straddle,close_runner,,,,nearest_exit_decision_symbol,3764,done,1,ai_logs
717291855175222003,523aa076-e79e-4949-b7c3-2eda2ce1c0bd,2026-02-13T20:48:24.992Z,2026-02-14T04:48:24.992+08:00,Exit Execution,SDM:Straddle,cmt_adausdt,SHORT,SHORT_SIDE,400.0,0.2606,,True,c7f85c70-5f71-4fa3-a214-f0e463f6d4ca,Exit Decision,2026-02-13T20:48:21.429Z,2026-02-14T04:48:21.429+08:00,SDM:Straddle,close_runner,,,,nearest_exit_decision_symbol,3563,done,1,ai_logs
717298703446049523,43b9b58c-86ca-4de9-9ae4-1992789664f1,2026-02-13T21:15:37.749Z,2026-02-14T05:15:37.749+08:00,Exit Execution,SDM:Straddle,cmt_adausdt,SHORT,SHORT_SIDE,400.0,0.2606,,True,4b911071-8acf-443b-bc0b-d97542e6f3aa,Exit Decision,2026-02-13T21:15:34.125Z,2026-02-14T05:15:34.125+08:00,SDM:Straddle,close_runner,,,,nearest_exit_decision_symbol,3624,done,1,ai_logs
717305486830994163,be3abf99-baa5-4a0a-8cd1-9e1b1dff5868,2026-02-13T21:42:35.032Z,2026-02-14T05:42:35.032+08:00,Exit Execution,SDM:Straddle,cmt_adausdt,SHORT,SHORT_SIDE,400.0,0.2606,,True,e9f5212b-941d-4141-85ac-4111146b6ee2,Exit Decision,2026-02-13T21:42:31.455Z,2026-02-14T05:42:31.455+08:00,SDM:Straddle,close_runner,,,,nearest_exit_decision_symbol,3577,done,1,ai_logs
717312378064077555,141a41c1-182f-4617-9006-638bd293bc04,2026-02-13T22:09:58.030Z,2026-02-14T06:09:58.030+08:00,Exit Execution,SDM:Straddle,cmt_adausdt,SHORT,SHORT_SIDE,400.0,0.2606,,True,2cb1cc9d-e89a-4472-a61e-957cbd73dd02,Exit Decision,2026-02-13T22:09:54.410Z,2026-02-14T06:09:54.410+08:00,SDM:Straddle,close_runner,,,,nearest_exit_decision_symbol,3620,done,1,ai_logs
717319187051053811,968659b1-dcc4-4356-92aa-a5a341b701e1,2026-02-13T22:37:01.420Z,2026-02-14T06:37:01.420+08:00,Exit Execution,SDM:Straddle,cmt_adausdt,SHORT,SHORT_SIDE,400.0,0.2606,,True,cfa47fe9-c21a-4191-8084-9454faeaeae2,Exit Decision,2026-02-13T22:36:57.819Z,2026-02-14T06:36:57.819+08:00,SDM:Straddle,close_runner,,,,nearest_exit_decision_symbol,3601,done,1,ai_logs
717325897249587955,fa26412d-e5d4-4815-9a38-ebee52c6db44,2026-02-13T23:03:41.254Z,2026-02-14T07:03:41.254+08:00,Exit Execution,SDM:Straddle,cmt_adausdt,SHORT,SHORT_SIDE,400.0,0.2606,,True,686ce569-c292-4a51-b215-e781b783c474,Exit Decision,2026-02-13T23:03:37.692Z,2026-02-14T07:03:37.692+08:00,SDM:Straddle,close_runner,,,,nearest_exit_decision_symbol,3562,done,1,ai_logs
717332454599295731,a41ce59c-7a92-4793-ba12-cabc4736a8ee,2026-02-13T23:29:44.651Z,2026-02-14T07:29:44.651+08:00,Exit Execution,SDM:Straddle,cmt_adausdt,SHORT,SHORT_SIDE,400.0,0.2606,,True,9562784a-f5b1-4a59-bade-36f4b91f2111,Exit Decision,2026-02-13T23:29:41.071Z,2026-02-14T07:29:41.071+08:00,SDM:Straddle,close_runner,,,,nearest_exit_decision_symbol,3580,done,1,ai_logs
717338955619500787,1c4a54ed-f4d9-4fd4-bc90-a7e1dcf7e441,2026-02-13T23:55:34.612Z,2026-02-14T07:55:34.612+08:00,Exit Execution,SDM:Straddle,cmt_adausdt,SHORT,SHORT_SIDE,360.0,0.2606,,True,47ab2507-fa2f-4020-ac45-67f232d0b9d0,Exit Decision,2026-02-13T23:55:31.048Z,2026-02-14T07:55:31.048+08:00,SDM:Straddle,close_runner,,,,nearest_exit_decision_symbol,3564,done,1,ai_logs
716303210565862131,06bbff35-1106-496c-9591-50684a15b02a,2026-02-13T23:55:38.417Z,2026-02-14T07:55:38.417+08:00,Exit Decision,PositionMonitor,cmt_adausdt,,UNKNOWN,360.0,0.2606,,,06bbff35-1106-496c-9591-50684a15b02a,Exit Decision,2026-02-13T23:55:38.417Z,2026-02-14T07:55:38.417+08:00,PositionMonitor,,,,,exact_order_id,0,done,1,ai_logs
717388084051706611,affa1f94-089b-488b-89ab-a766337316e8,2026-02-14T03:10:47.745Z,2026-02-14T11:10:47.745+08:00,Order Execution,SDM:momentum,cmt_ethusdt,1,OPEN_LONG,0.09,2049.8,,True,3387616a-9256-4ce1-bb97-7d5f3ec9786f,Decision Making,2026-02-14T03:10:47.068Z,2026-02-14T11:10:47.068+08:00,AlphaGenesis-SDM-v1,LONG,,HOLD,LONG,nearest_decision_symbol,677,done,1,ai_logs
717415384453481203,517ccbca-4f52-4c39-823b-297cc3d90680,2026-02-14T04:59:16.667Z,2026-02-14T12:59:16.667+08:00,Order Execution,SDM:momentum,cmt_ethusdt,1,OPEN_LONG,0.09,2052.64,,True,19b56129-8dde-49b3-a068-a274755c4ccc,Decision Making,2026-02-14T04:59:15.989Z,2026-02-14T12:59:15.989+08:00,AlphaGenesis-SDM-v1,LONG,,HOLD,LONG,nearest_decision_symbol,678,done,1,ai_logs
717442725162517235,8918c112-37da-4470-918d-311c54689d28,2026-02-14T06:47:55.200Z,2026-02-14T14:47:55.200+08:00,Order Execution,SDM:momentum,cmt_ethusdt,1,OPEN_LONG,0.09,2052.08,,True,2d13ccbd-be24-41ee-965c-3a7574194116,Decision Making,2026-02-14T06:47:54.525Z,2026-02-14T14:47:54.525+08:00,AlphaGenesis-SDM-v1,LONG,,HOLD,LONG,nearest_decision_symbol,675,done,1,ai_logs
717540476692988659,4085d2b3-d080-4aa2-bf26-c350d06449ae,2026-02-14T13:16:20.980Z,2026-02-14T21:16:20.980+08:00,Order Execution,SDM:momentum,cmt_solusdt,1,OPEN_LONG,2.8,86.61,,True,03d1f2a1-06d8-479d-880f-530fa19f0705,Decision Making,2026-02-14T13:16:20.307Z,2026-02-14T21:16:20.307+08:00,AlphaGenesis-SDM-v1,LONG,,HOLD,LONG,nearest_decision_symbol,673,done,1,ai_logs
717553557934441203,d3b38823-2ad7-4ee4-99b6-f924bb9a5cf6,2026-02-14T14:08:19.791Z,2026-02-14T22:08:19.791+08:00,Order Execution,SDM:momentum,cmt_solusdt,1,OPEN_LONG,2.8,86.47,,True,15024c90-e54b-4e51-91ce-2f94f227cc36,Decision Making,2026-02-14T14:08:19.111Z,2026-02-14T22:08:19.111+08:00,AlphaGenesis-SDM-v1,LONG,,HOLD,LONG,nearest_decision_symbol,680,done,1,ai_logs
718285057260782323,76354296-2522-4be6-bc1a-0ef07e254ba7,2026-02-16T14:35:02.823Z,2026-02-16T22:35:02.823+08:00,Exit Execution,SDM:Straddle,cmt_adausdt,SHORT,SHORT_SIDE,7130.0,0.2794,,True,a809ad20-41db-458c-9470-2c4e894196a2,Exit Decision,2026-02-16T14:35:02.076Z,2026-02-16T22:35:02.076+08:00,SDM:Straddle,close_short,,,,nearest_exit_decision_symbol,747,done,1,ai_logs
718292498635555571,caeb110d-4bf3-4f6d-9dc5-b84c87f8763c,2026-02-16T15:04:36.985Z,2026-02-16T23:04:36.985+08:00,Exit Execution,SDM:Straddle,cmt_dogeusdt,SHORT,SHORT_SIDE,21800.0,0.09964,,True,e7be7edf-f5df-40cb-a1a1-548a7d63dfc2,Exit Decision,2026-02-16T15:04:36.309Z,2026-02-16T23:04:36.309+08:00,SDM:Straddle,close_short,,,,nearest_exit_decision_symbol,676,done,1,ai_logs
718296940609012467,8dc86cbf-2e78-46b3-9818-c3981883443b,2026-02-16T15:22:16.034Z,2026-02-16T23:22:16.034+08:00,Exit Execution,SDM:Straddle,cmt_adausdt,LONG,LONG_SIDE,7130.0,0.2794,,True,5826a17b-418b-4af9-b78b-ac9c3b107355,Exit Decision,2026-02-16T15:22:15.322Z,2026-02-16T23:22:15.322+08:00,SDM:Straddle,close_long,,,,nearest_exit_decision_symbol,712,done,1,ai_logs
718300344655807219,a95dfed1-1de6-45d4-a2c6-3ecced9a9211,2026-02-16T15:35:47.624Z,2026-02-16T23:35:47.624+08:00,Exit Execution,SDM:Straddle,cmt_ltcusdt,LONG,LONG_SIDE,37.9,54.13,,True,d62aab7c-c871-4786-b515-11e6f96ffcfc,Exit Decision,2026-02-16T15:35:46.944Z,2026-02-16T23:35:46.944+08:00,SDM:Straddle,close_long,,,,nearest_exit_decision_symbol,680,done,1,ai_logs
718300380693267187,ea9625b9-daa7-4647-a48c-0fca6bb9837d,2026-02-16T15:35:56.213Z,2026-02-16T23:35:56.213+08:00,Exit Execution,SDM:Straddle,cmt_adausdt,LONG,LONG_SIDE,4750.0,0.2826,,True,af0cecf9-1fa9-4f62-a59f-7672b2c475b1,Exit Decision,2026-02-16T15:35:55.528Z,2026-02-16T23:35:55.528+08:00,SDM:Straddle,close_long,,,,nearest_exit_decision_symbol,685,done,1,ai_logs
718315995462107891,6cb0f49b-b420-467e-be23-2e8520b6367e,2026-02-16T16:37:59.068Z,2026-02-17T00:37:59.068+08:00,Exit Execution,SDM:Straddle,cmt_adausdt,LONG,LONG_SIDE,5121.468361331234,0.2801,,True,e11a6a89-a7f7-4d7f-8325-2dcf94ca9ded,Exit Decision,2026-02-16T16:37:58.344Z,2026-02-17T00:37:58.344+08:00,SDM:Straddle,close_hedge,,,,nearest_exit_decision_symbol,724,done,1,ai_logs
718315998561698547,472cb0a2-b8ac-4071-979f-7e01e721e395,2026-02-16T16:37:59.804Z,2026-02-17T00:37:59.804+08:00,Exit Execution,SDM:Straddle,cmt_adausdt,SHORT,SHORT_SIDE,5121.468361331234,0.2801,,True,e11a6a89-a7f7-4d7f-8325-2dcf94ca9ded,Exit Decision,2026-02-16T16:37:58.344Z,2026-02-17T00:37:58.344+08:00,SDM:Straddle,close_hedge,,,,nearest_exit_decision_symbol,1460,done,1,ai_logs
718320699776697075,3bdf46b6-c58d-4524-aa8d-400937ec336e,2026-02-16T16:56:40.660Z,2026-02-17T00:56:40.660+08:00,Exit Execution,SDM:Straddle,cmt_adausdt,LONG,LONG_SIDE,4959.303791463768,0.2793,,True,c8f1846c-2ebe-401b-b319-c146a2715ac3,Exit Decision,2026-02-16T16:56:39.982Z,2026-02-17T00:56:39.982+08:00,SDM:Straddle,close_hedge,,,,nearest_exit_decision_symbol,678,done,1,ai_logs
718320702670766835,38d372fa-f549-45a9-ae79-1b6efb5a3836,2026-02-16T16:56:41.349Z,2026-02-17T00:56:41.349+08:00,Exit Execution,SDM:Straddle,cmt_adausdt,SHORT,SHORT_SIDE,4959.303791463768,0.2793,,True,c8f1846c-2ebe-401b-b319-c146a2715ac3,Exit Decision,2026-02-16T16:56:39.982Z,2026-02-17T00:56:39.982+08:00,SDM:Straddle,close_hedge,,,,nearest_exit_decision_symbol,1367,done,1,ai_logs
718325376379519731,e9df06d0-0634-4311-833e-d61048960728,2026-02-16T17:15:15.650Z,2026-02-17T01:15:15.650+08:00,Exit Execution,SDM:Straddle,cmt_adausdt,LONG,LONG_SIDE,6912.594273275554,0.2806,,True,8d69f351-a076-44cb-97cb-5112441c2465,Exit Decision,2026-02-16T17:15:14.946Z,2026-02-17T01:15:14.946+08:00,SDM:Straddle,close_hedge,,,,nearest_exit_decision_symbol,704,done,1,ai_logs
718325379281978099,9e8341f4-2bd3-45be-8fb6-cf8eb9c47e01,2026-02-16T17:15:16.340Z,2026-02-17T01:15:16.340+08:00,Exit Execution,SDM:Straddle,cmt_adausdt,SHORT,SHORT_SIDE,6912.594273275554,0.2806,,True,8d69f351-a076-44cb-97cb-5112441c2465,Exit Decision,2026-02-16T17:15:14.946Z,2026-02-17T01:15:14.946+08:00,SDM:Straddle,close_hedge,,,,nearest_exit_decision_symbol,1394,done,1,ai_logs
718581970564547315,4fc78d50-f350-43d7-94af-5aa658fb842f,2026-02-17T10:14:52.469Z,2026-02-17T18:14:52.469+08:00,Exit Execution,SDM:Straddle,cmt_ethusdt,LONG,LONG_SIDE,0.8870178447261364,1971.76,,True,c3d5688e-fb11-4225-81b9-b65c982cb431,Exit Decision,2026-02-17T10:14:51.784Z,2026-02-17T18:14:51.784+08:00,SDM:Straddle,close_hedge,,,,nearest_exit_decision_symbol,685,done,1,ai_logs
718581973462811379,934858ac-715d-4006-81fb-0ebebaba2364,2026-02-17T10:14:53.160Z,2026-02-17T18:14:53.160+08:00,Exit Execution,SDM:Straddle,cmt_ethusdt,SHORT,SHORT_SIDE,0.8870178447261364,1971.76,,True,c3d5688e-fb11-4225-81b9-b65c982cb431,Exit Decision,2026-02-17T10:14:51.784Z,2026-02-17T18:14:51.784+08:00,SDM:Straddle,close_hedge,,,,nearest_exit_decision_symbol,1376,done,1,ai_logs
718602916302160627,f41984c9-68e2-47ba-86bd-d2e80742fdf1,2026-02-17T11:38:06.393Z,2026-02-17T19:38:06.393+08:00,Exit Execution,SDM:Straddle,cmt_btcusdt,LONG,LONG_SIDE,0.028764802517521188,67754.0,,True,ef08ec1f-398b-4649-9a2e-b584f6eaeff3,Exit Decision,2026-02-17T11:38:05.615Z,2026-02-17T19:38:05.615+08:00,SDM:Straddle,close_hedge,,,,nearest_exit_decision_symbol,778,done,1,ai_logs
718602919397556979,c28ba1d3-08db-4b11-98bc-d6e93e57e18b,2026-02-17T11:38:07.060Z,2026-02-17T19:38:07.060+08:00,Exit Execution,SDM:Straddle,cmt_btcusdt,SHORT,SHORT_SIDE,0.028764802517521188,67754.0,,True,ef08ec1f-398b-4649-9a2e-b584f6eaeff3,Exit Decision,2026-02-17T11:38:05.615Z,2026-02-17T19:38:05.615+08:00,SDM:Straddle,close_hedge,,,,nearest_exit_decision_symbol,1445,done,1,ai_logs
718611156264026867,9a9d9049-92ad-40e3-95ec-4ead62a01bed,2026-02-17T12:10:50.884Z,2026-02-17T20:10:50.884+08:00,Exit Execution,SDM:Straddle,cmt_btcusdt,LONG,LONG_SIDE,0.02861469087959999,67772.5,,True,5063d428-f728-41d0-8b51-7e768fea5680,Exit Decision,2026-02-17T12:10:50.198Z,2026-02-17T20:10:50.198+08:00,SDM:Straddle,close_hedge,,,,nearest_exit_decision_symbol,686,done,1,ai_logs
718611159107764979,cdefab6b-2185-4b7f-9242-fd470096ece7,2026-02-17T12:10:51.562Z,2026-02-17T20:10:51.562+08:00,Exit Execution,SDM:Straddle,cmt_btcusdt,SHORT,SHORT_SIDE,0.02861469087959999,67772.5,,True,5063d428-f728-41d0-8b51-7e768fea5680,Exit Decision,2026-02-17T12:10:50.198Z,2026-02-17T20:10:50.198+08:00,SDM:Straddle,close_hedge,,,,nearest_exit_decision_symbol,1364,done,1,ai_logs
718634563999367923,94d248aa-4d61-492a-b32a-b236abfd5d1e,2026-02-17T13:43:51.721Z,2026-02-17T21:43:51.721+08:00,Order Execution,SDM:momentum,cmt_btcusdt,2,OPEN_SHORT,0.001,67989.6,,True,22878a18-08fe-46cb-a71a-a744d7c66f0d,Decision Making,2026-02-17T13:43:51.056Z,2026-02-17T21:43:51.056+08:00,AlphaGenesis-SDM-v1,SHORT,,HOLD,SHORT,nearest_decision_symbol,665,done,1,ai_logs
718682637383762675,35efc183-8921-493a-ae3f-e834d4869480,2026-02-17T16:54:53.310Z,2026-02-18T00:54:53.310+08:00,Exit Execution,SDM:Straddle,cmt_btcusdt,LONG,LONG_SIDE,0.01907711903890899,67594.2,,True,6f229dd9-9417-473a-986c-741f5fb725ce,Exit Decision,2026-02-17T16:54:52.625Z,2026-02-18T00:54:52.625+08:00,SDM:Straddle,close_hedge_force_unblock,,,,nearest_exit_decision_symbol,685,done,1,ai_logs
718682640290415347,8e7aa825-6398-4220-8590-c6a6c6f72ed4,2026-02-17T16:54:54.004Z,2026-02-18T00:54:54.004+08:00,Exit Execution,SDM:Straddle,cmt_btcusdt,SHORT,SHORT_SIDE,0.01907711903890899,67594.2,,True,6f229dd9-9417-473a-986c-741f5fb725ce,Exit Decision,2026-02-17T16:54:52.625Z,2026-02-18T00:54:52.625+08:00,SDM:Straddle,close_hedge_force_unblock,,,,nearest_exit_decision_symbol,1379,done,1,ai_logs
718700769720664819,1bd11017-2987-487a-9544-013a1043a86d,2026-02-17T18:06:56.397Z,2026-02-18T02:06:56.397+08:00,Exit Execution,SDM:Straddle,cmt_btcusdt,LONG,LONG_SIDE,0.025690985072252596,67118.3,,True,8beb039e-9fde-453e-ae3d-c412038cd282,Exit Decision,2026-02-17T18:06:55.721Z,2026-02-18T02:06:55.721+08:00,SDM:Straddle,close_hedge_force_unblock,,,,nearest_exit_decision_symbol,676,done,1,ai_logs
718700772719592179,052945c5-bcb9-40bc-aef8-2c073ecebe24,2026-02-17T18:06:57.112Z,2026-02-18T02:06:57.112+08:00,Exit Execution,SDM:Straddle,cmt_btcusdt,SHORT,SHORT_SIDE,0.025690985072252596,67118.3,,True,8beb039e-9fde-453e-ae3d-c412038cd282,Exit Decision,2026-02-17T18:06:55.721Z,2026-02-18T02:06:55.721+08:00,SDM:Straddle,close_hedge_force_unblock,,,,nearest_exit_decision_symbol,1391,done,1,ai_logs
718703822129595123,fd646ebf-07dd-4590-8c32-079ad866e1f1,2026-02-17T18:19:04.147Z,2026-02-18T02:19:04.147+08:00,Exit Execution,SDM:Straddle,cmt_btcusdt,LONG,LONG_SIDE,0.02623259094632775,67250.9,,True,b571808b-58ae-44dc-b880-6b86ea7ee7be,Exit Decision,2026-02-17T18:19:03.472Z,2026-02-18T02:19:03.472+08:00,SDM:Straddle,close_hedge_force_unblock,,,,nearest_exit_decision_symbol,675,done,1,ai_logs
718703824994304755,80376363-2f7e-4b42-9775-9c6620476c01,2026-02-17T18:19:04.830Z,2026-02-18T02:19:04.830+08:00,Exit Execution,SDM:Straddle,cmt_btcusdt,SHORT,SHORT_SIDE,0.02623259094632775,67250.9,,True,b571808b-58ae-44dc-b880-6b86ea7ee7be,Exit Decision,2026-02-17T18:19:03.472Z,2026-02-18T02:19:03.472+08:00,SDM:Straddle,close_hedge_force_unblock,,,,nearest_exit_decision_symbol,1358,done,1,ai_logs
718705428552221427,a0c837e1-b9d6-433f-8bfb-05bf8aadca88,2026-02-17T18:25:27.147Z,2026-02-18T02:25:27.147+08:00,Exit Execution,SDM:Straddle,cmt_btcusdt,LONG,LONG_SIDE,0.02455045872407698,67235.9,,True,8ef8788f-295d-4950-917c-c36918501bb3,Exit Decision,2026-02-17T18:25:26.465Z,2026-02-18T02:25:26.465+08:00,SDM:Straddle,close_hedge_force_unblock,,,,nearest_exit_decision_symbol,682,done,1,ai_logs
718705431412736755,a646414e-487a-41e8-9c41-4f1812410d66,2026-02-17T18:25:27.829Z,2026-02-18T02:25:27.829+08:00,Exit Execution,SDM:Straddle,cmt_btcusdt,SHORT,SHORT_SIDE,0.02455045872407698,67235.9,,True,8ef8788f-295d-4950-917c-c36918501bb3,Exit Decision,2026-02-17T18:25:26.465Z,2026-02-18T02:25:26.465+08:00,SDM:Straddle,close_hedge_force_unblock,,,,nearest_exit_decision_symbol,1364,done,1,ai_logs
718708802290975475,2506200f-d7c8-4a0d-9e70-136cc23e1a94,2026-02-17T18:38:51.511Z,2026-02-18T02:38:51.511+08:00,Exit Execution,SDM:Straddle,cmt_btcusdt,LONG,LONG_SIDE,0.026505805283160006,67745.1,,True,190273f9-73fc-44e1-8d96-9418123a3d1a,Exit Decision,2026-02-17T18:38:50.839Z,2026-02-18T02:38:50.839+08:00,SDM:Straddle,close_hedge_force_unblock,,,,nearest_exit_decision_symbol,672,done,1,ai_logs
718708805138907891,a2311e0b-902e-4103-832a-975e647aca81,2026-02-17T18:38:52.189Z,2026-02-18T02:38:52.189+08:00,Exit Execution,SDM:Straddle,cmt_btcusdt,SHORT,SHORT_SIDE,0.026505805283160006,67745.1,,True,190273f9-73fc-44e1-8d96-9418123a3d1a,Exit Decision,2026-02-17T18:38:50.839Z,2026-02-18T02:38:50.839+08:00,SDM:Straddle,close_hedge_force_unblock,,,,nearest_exit_decision_symbol,1350,done,1,ai_logs
718712170229007091,1c282679-9a7f-46eb-95ca-5bba0caa0d01,2026-02-17T18:52:14.488Z,2026-02-18T02:52:14.488+08:00,Exit Execution,SDM:Straddle,cmt_ethusdt,LONG,LONG_SIDE,0.6216254169259465,1999.43,,True,30e1fd30-8cd7-4564-b036-f38b20ddfcc9,Exit Decision,2026-02-17T18:52:13.815Z,2026-02-18T02:52:13.815+08:00,SDM:Straddle,close_hedge_force_unblock,,,,nearest_exit_decision_symbol,673,done,1,ai_logs
718712173051773683,edd49eba-2057-4726-8d62-b3c9d5b37eec,2026-02-17T18:52:15.160Z,2026-02-18T02:52:15.160+08:00,Exit Execution,SDM:Straddle,cmt_ethusdt,SHORT,SHORT_SIDE,0.6216254169259465,1999.43,,True,30e1fd30-8cd7-4564-b036-f38b20ddfcc9,Exit Decision,2026-02-17T18:52:13.815Z,2026-02-18T02:52:13.815+08:00,SDM:Straddle,close_hedge_force_unblock,,,,nearest_exit_decision_symbol,1345,done,1,ai_logs
718718639242478323,910e6c32-e55c-4ebe-bea1-69a309d4f809,2026-02-17T19:17:56.823Z,2026-02-18T03:17:56.823+08:00,Exit Execution,SDM:Straddle,cmt_btcusdt,LONG,LONG_SIDE,0.02520203664938186,68017.9,,True,bea8393b-9df3-4d7d-9421-0f42bb89be45,Exit Decision,2026-02-17T19:17:56.115Z,2026-02-18T03:17:56.115+08:00,SDM:Straddle,close_hedge_force_unblock,,,,nearest_exit_decision_symbol,708,done,1,ai_logs
718718642253988595,be9a5425-a328-428b-9adb-538b4b4ce91d,2026-02-17T19:17:57.541Z,2026-02-18T03:17:57.541+08:00,Exit Execution,SDM:Straddle,cmt_btcusdt,SHORT,SHORT_SIDE,0.02520203664938186,68017.9,,True,bea8393b-9df3-4d7d-9421-0f42bb89be45,Exit Decision,2026-02-17T19:17:56.115Z,2026-02-18T03:17:56.115+08:00,SDM:Straddle,close_hedge_force_unblock,,,,nearest_exit_decision_symbol,1426,done,1,ai_logs
718718864870867699,0e7e153e-a165-4294-9ca5-ba1fb1b51320,2026-02-17T19:18:50.615Z,2026-02-18T03:18:50.615+08:00,Exit Execution,SDM:Straddle,cmt_btcusdt,LONG,LONG_SIDE,0.026005439812799385,67988.9,,True,5f4219df-f841-4940-b366-906a008d4b13,Exit Decision,2026-02-17T19:18:49.939Z,2026-02-18T03:18:49.939+08:00,SDM:Straddle,close_hedge_force_unblock,,,,nearest_exit_decision_symbol,676,done,1,ai_logs
718718867777520371,d699e570-716f-4a39-a82f-c987bc92c621,2026-02-17T19:18:51.309Z,2026-02-18T03:18:51.309+08:00,Exit Execution,SDM:Straddle,cmt_btcusdt,SHORT,SHORT_SIDE,0.026005439812799385,67988.9,,True,5f4219df-f841-4940-b366-906a008d4b13,Exit Decision,2026-02-17T19:18:49.939Z,2026-02-18T03:18:49.939+08:00,SDM:Straddle,close_hedge_force_unblock,,,,nearest_exit_decision_symbol,1370,done,1,ai_logs
718721943133487859,dc418230-4ef4-431b-bcc3-dfcbcb60083b,2026-02-17T19:31:04.530Z,2026-02-18T03:31:04.530+08:00,Exit Execution,SDM:Straddle,cmt_btcusdt,LONG,LONG_SIDE,0.02711154842561028,68022.3,,True,f8dac17f-d363-4dec-8c35-3f5385eee45d,Exit Decision,2026-02-17T19:31:03.835Z,2026-02-18T03:31:03.835+08:00,SDM:Straddle,close_hedge_force_unblock,,,,nearest_exit_decision_symbol,695,done,1,ai_logs
718721945956254451,31f52a54-c75b-49d9-b3ac-07c011bb8cb7,2026-02-17T19:31:05.204Z,2026-02-18T03:31:05.204+08:00,Exit Execution,SDM:Straddle,cmt_btcusdt,SHORT,SHORT_SIDE,0.02711154842561028,68022.3,,True,f8dac17f-d363-4dec-8c35-3f5385eee45d,Exit Decision,2026-02-17T19:31:03.835Z,2026-02-18T03:31:03.835+08:00,SDM:Straddle,close_hedge_force_unblock,,,,nearest_exit_decision_symbol,1369,done,1,ai_logs
718722087740506867,62f91d8f-0086-4fff-a233-1ad5725b9af9,2026-02-17T19:31:39.007Z,2026-02-18T03:31:39.007+08:00,Exit Execution,SDM:Straddle,cmt_ltcusdt,LONG,LONG_SIDE,30.47638704814873,54.18,,True,1e7c4f4d-62a6-460c-bcb8-16cf4176a4aa,Exit Decision,2026-02-17T19:31:38.332Z,2026-02-18T03:31:38.332+08:00,SDM:Straddle,close_hedge_force_unblock,,,,nearest_exit_decision_symbol,675,done,1,ai_logs
718722090571662067,9e892c23-58a4-4bf0-8ffa-e96bd84319ae,2026-02-17T19:31:39.683Z,2026-02-18T03:31:39.683+08:00,Exit Execution,SDM:Straddle,cmt_ltcusdt,SHORT,SHORT_SIDE,30.47638704814873,54.18,,True,1e7c4f4d-62a6-460c-bcb8-16cf4176a4aa,Exit Decision,2026-02-17T19:31:38.332Z,2026-02-18T03:31:38.332+08:00,SDM:Straddle,close_hedge_force_unblock,,,,nearest_exit_decision_symbol,1351,done,1,ai_logs
718725142603105011,20ae1cf5-4ec5-4def-b5a6-86129e56d93b,2026-02-17T19:43:47.345Z,2026-02-18T03:43:47.345+08:00,Exit Execution,SDM:Straddle,cmt_ltcusdt,LONG,LONG_SIDE,31.346857534080332,54.18,,True,bfca319d-509a-4b52-b467-71338e8645de,Exit Decision,2026-02-17T19:43:46.669Z,2026-02-18T03:43:46.669+08:00,SDM:Straddle,close_hedge_force_unblock,,,,nearest_exit_decision_symbol,676,done,1,ai_logs
718725145501369075,75930b4b-18e8-48b9-a895-5a156c29a830,2026-02-17T19:43:48.035Z,2026-02-18T03:43:48.035+08:00,Exit Execution,SDM:Straddle,cmt_ltcusdt,SHORT,SHORT_SIDE,31.346857534080332,54.18,,True,bfca319d-509a-4b52-b467-71338e8645de,Exit Decision,2026-02-17T19:43:46.669Z,2026-02-18T03:43:46.669+08:00,SDM:Straddle,close_hedge_force_unblock,,,,nearest_exit_decision_symbol,1366,done,1,ai_logs
718725221762204403,156426b0-b799-4eea-91aa-53237cbdc0c4,2026-02-17T19:44:06.218Z,2026-02-18T03:44:06.218+08:00,Exit Execution,SDM:Straddle,cmt_btcusdt,LONG,LONG_SIDE,0.026487633787708898,67805.2,,True,d89a8912-347f-486b-9543-807a09b7f7c1,Exit Decision,2026-02-17T19:44:05.517Z,2026-02-18T03:44:05.517+08:00,SDM:Straddle,close_hedge_force_unblock,,,,nearest_exit_decision_symbol,701,done,1,ai_logs
718725224677245683,9e79b9a9-33f6-4b41-83be-3f844eec901f,2026-02-17T19:44:06.913Z,2026-02-18T03:44:06.913+08:00,Exit Execution,SDM:Straddle,cmt_btcusdt,SHORT,SHORT_SIDE,0.026487633787708898,67805.2,,True,d89a8912-347f-486b-9543-807a09b7f7c1,Exit Decision,2026-02-17T19:44:05.517Z,2026-02-18T03:44:05.517+08:00,SDM:Straddle,close_hedge_force_unblock,,,,nearest_exit_decision_symbol,1396,done,1,ai_logs
718730414381859571,591d1d76-9415-4000-8337-3e149dea5734,2026-02-17T20:04:44.234Z,2026-02-18T04:04:44.234+08:00,Exit Execution,SDM:Straddle,cmt_ltcusdt,LONG,LONG_SIDE,32.97022804335628,54.23,,True,0151ae81-2443-4fb1-a757-27bb3c7f6146,Exit Decision,2026-02-17T20:04:43.524Z,2026-02-18T04:04:43.524+08:00,SDM:Straddle,close_hedge_force_unblock,,,,nearest_exit_decision_symbol,710,done,1,ai_logs
718730417267540723,6ca98e9b-210a-4777-8ea0-4bea691a2bc1,2026-02-17T20:04:44.923Z,2026-02-18T04:04:44.923+08:00,Exit Execution,SDM:Straddle,cmt_ltcusdt,SHORT,SHORT_SIDE,32.97022804335628,54.23,,True,0151ae81-2443-4fb1-a757-27bb3c7f6146,Exit Decision,2026-02-17T20:04:43.524Z,2026-02-18T04:04:43.524+08:00,SDM:Straddle,close_hedge_force_unblock,,,,nearest_exit_decision_symbol,1399,done,1,ai_logs
718730492723069683,89c16002-bf33-49ae-ae49-1fcc43ada797,2026-02-17T20:05:02.913Z,2026-02-18T04:05:02.913+08:00,Exit Execution,SDM:Straddle,cmt_btcusdt,LONG,LONG_SIDE,0.026413486122948006,67781.0,,True,7484f121-92ea-4471-abcd-cbf7dfcc80f8,Exit Decision,2026-02-17T20:05:02.230Z,2026-02-18T04:05:02.230+08:00,SDM:Straddle,close_hedge_force_unblock,,,,nearest_exit_decision_symbol,683,done,1,ai_logs
718730495608750835,860fe009-59e9-472a-b3ec-55708d8cacaf,2026-02-17T20:05:03.600Z,2026-02-18T04:05:03.600+08:00,Exit Execution,SDM:Straddle,cmt_btcusdt,SHORT,SHORT_SIDE,0.026413486122948006,67781.0,,True,7484f121-92ea-4471-abcd-cbf7dfcc80f8,Exit Decision,2026-02-17T20:05:02.230Z,2026-02-18T04:05:02.230+08:00,SDM:Straddle,close_hedge_force_unblock,,,,nearest_exit_decision_symbol,1370,done,1,ai_logs
718733916864774899,a98fccd1-dc15-43c6-8dd0-924afc3346f5,2026-02-17T20:18:39.289Z,2026-02-18T04:18:39.289+08:00,Exit Execution,SDM:Straddle,cmt_btcusdt,LONG,LONG_SIDE,0.02724493668679254,67562.6,,True,e64b43b1-c166-4f87-ac3a-e085e4d22486,Exit Decision,2026-02-17T20:18:38.625Z,2026-02-18T04:18:38.625+08:00,SDM:Straddle,close_hedge_force_unblock,,,,nearest_exit_decision_symbol,664,done,1,ai_logs
718733919691735795,14c145bd-16e2-49e1-a6ac-144b1964dfbf,2026-02-17T20:18:39.963Z,2026-02-18T04:18:39.963+08:00,Exit Execution,SDM:Straddle,cmt_btcusdt,SHORT,SHORT_SIDE,0.02724493668679254,67562.6,,True,e64b43b1-c166-4f87-ac3a-e085e4d22486,Exit Decision,2026-02-17T20:18:38.625Z,2026-02-18T04:18:38.625+08:00,SDM:Straddle,close_hedge_force_unblock,,,,nearest_exit_decision_symbol,1338,done,1,ai_logs
718735257053954803,bf45206e-9e1d-4cb5-bf51-497db7dd88a4,2026-02-17T20:23:58.816Z,2026-02-18T04:23:58.816+08:00,Exit Execution,SDM:Straddle,cmt_ltcusdt,LONG,LONG_SIDE,30.902171864769688,53.94,,True,322a9acf-f21c-444a-a512-01392743e2da,Exit Decision,2026-02-17T20:23:58.137Z,2026-02-18T04:23:58.137+08:00,SDM:Straddle,close_hedge_force_unblock,,,,nearest_exit_decision_symbol,679,done,1,ai_logs
718735259872527091,403a0762-8021-4f46-b85d-08d11c6922c8,2026-02-17T20:23:59.488Z,2026-02-18T04:23:59.488+08:00,Exit Execution,SDM:Straddle,cmt_ltcusdt,SHORT,SHORT_SIDE,30.902171864769688,53.94,,True,322a9acf-f21c-444a-a512-01392743e2da,Exit Decision,2026-02-17T20:23:58.137Z,2026-02-18T04:23:58.137+08:00,SDM:Straddle,close_hedge_force_unblock,,,,nearest_exit_decision_symbol,1351,done,1,ai_logs
718743920346923763,7f47888e-e2cb-403e-a046-4a28308ed87c,2026-02-17T20:58:24.308Z,2026-02-18T04:58:24.308+08:00,Exit Execution,SDM:Straddle,cmt_ltcusdt,LONG,LONG_SIDE,31.59395141306509,54.13,,True,94bb0dbc-287c-4145-9091-6794f4375f64,Exit Decision,2026-02-17T20:58:23.632Z,2026-02-18T04:58:23.632+08:00,SDM:Straddle,close_hedge_force_unblock,,,,nearest_exit_decision_symbol,676,done,1,ai_logs
718743923157107443,028dd299-9367-4077-8dc6-d27ccffc330c,2026-02-17T20:58:24.977Z,2026-02-18T04:58:24.977+08:00,Exit Execution,SDM:Straddle,cmt_ltcusdt,SHORT,SHORT_SIDE,31.59395141306509,54.13,,True,94bb0dbc-287c-4145-9091-6794f4375f64,Exit Decision,2026-02-17T20:58:23.632Z,2026-02-18T04:58:23.632+08:00,SDM:Straddle,close_hedge_force_unblock,,,,nearest_exit_decision_symbol,1345,done,1,ai_logs
718745525850997491,cec21a2f-c1ec-41dd-8600-132ac6f6157d,2026-02-17T21:04:47.090Z,2026-02-18T05:04:47.090+08:00,Exit Execution,SDM:Straddle,cmt_ltcusdt,LONG,LONG_SIDE,34.06990181665509,54.12,,True,4f9cf471-d6ee-4c0a-ae17-dfe645a9b23b,Exit Decision,2026-02-17T21:04:46.404Z,2026-02-18T05:04:46.404+08:00,SDM:Straddle,close_hedge_force_unblock,,,,nearest_exit_decision_symbol,686,done,1,ai_logs
718745528875090675,c3af0817-6ec0-4fa7-baa5-cd2e5916c510,2026-02-17T21:04:47.809Z,2026-02-18T05:04:47.809+08:00,Exit Execution,SDM:Straddle,cmt_ltcusdt,SHORT,SHORT_SIDE,34.06990181665509,54.12,,True,4f9cf471-d6ee-4c0a-ae17-dfe645a9b23b,Exit Decision,2026-02-17T21:04:46.404Z,2026-02-18T05:04:46.404+08:00,SDM:Straddle,close_hedge_force_unblock,,,,nearest_exit_decision_symbol,1405,done,1,ai_logs
718747135184470771,404465d4-4f8c-490b-acd1-42c5bb6d8466,2026-02-17T21:11:10.785Z,2026-02-18T05:11:10.785+08:00,Exit Execution,SDM:Straddle,cmt_ltcusdt,LONG,LONG_SIDE,31.577115554462793,54.15,,True,b2dec299-63d4-4d28-81a4-f84664469a1c,Exit Decision,2026-02-17T21:11:10.104Z,2026-02-18T05:11:10.104+08:00,SDM:Straddle,close_hedge_force_unblock,,,,nearest_exit_decision_symbol,681,done,1,ai_logs
718747138057569011,bdaf7dcd-76a7-4778-ba88-eaa0dbaaa644,2026-02-17T21:11:11.468Z,2026-02-18T05:11:11.468+08:00,Exit Execution,SDM:Straddle,cmt_ltcusdt,SHORT,SHORT_SIDE,31.577115554462793,54.15,,True,b2dec299-63d4-4d28-81a4-f84664469a1c,Exit Decision,2026-02-17T21:11:10.104Z,2026-02-18T05:11:10.104+08:00,SDM:Straddle,close_hedge_force_unblock,,,,nearest_exit_decision_symbol,1364,done,1,ai_logs
718751742224761587,3e228e8f-86a4-456b-9a92-bf65f1607c7d,2026-02-17T21:29:29.188Z,2026-02-18T05:29:29.188+08:00,Exit Execution,SDM:Straddle,cmt_ltcusdt,LONG,LONG_SIDE,32.4321527966238,54.25,,True,1b85a843-c8af-41b1-9401-5d0775c14fdf,Exit Decision,2026-02-17T21:29:28.507Z,2026-02-18T05:29:28.507+08:00,SDM:Straddle,close_hedge_force_unblock,,,,nearest_exit_decision_symbol,681,done,1,ai_logs
718751745097859827,caa13bcc-6710-40a7-b876-1e5f3318ffd7,2026-02-17T21:29:29.871Z,2026-02-18T05:29:29.871+08:00,Exit Execution,SDM:Straddle,cmt_ltcusdt,SHORT,SHORT_SIDE,32.4321527966238,54.25,,True,1b85a843-c8af-41b1-9401-5d0775c14fdf,Exit Decision,2026-02-17T21:29:28.507Z,2026-02-18T05:29:28.507+08:00,SDM:Straddle,close_hedge_force_unblock,,,,nearest_exit_decision_symbol,1364,done,1,ai_logs
718753352531313395,8690ee7c-e5ac-4a4c-a690-7af9fdd27daa,2026-02-17T21:35:53.115Z,2026-02-18T05:35:53.115+08:00,Exit Execution,SDM:Straddle,cmt_ltcusdt,LONG,LONG_SIDE,30.690889815963047,54.26,,True,47b1a611-fa3e-4d40-97e4-c63995d99fc0,Exit Decision,2026-02-17T21:35:52.439Z,2026-02-18T05:35:52.439+08:00,SDM:Straddle,close_hedge_force_unblock,,,,nearest_exit_decision_symbol,676,done,1,ai_logs
718753355379245811,b1823335-770e-4f2f-aa67-7408b58b6317,2026-02-17T21:35:53.793Z,2026-02-18T05:35:53.793+08:00,Exit Execution,SDM:Straddle,cmt_ltcusdt,SHORT,SHORT_SIDE,30.690889815963047,54.26,,True,47b1a611-fa3e-4d40-97e4-c63995d99fc0,Exit Decision,2026-02-17T21:35:52.439Z,2026-02-18T05:35:52.439+08:00,SDM:Straddle,close_hedge_force_unblock,,,,nearest_exit_decision_symbol,1354,done,1,ai_logs
718753628201943795,ccb9b4c7-5339-4ec5-b3c2-f582b26e8174,2026-02-17T21:36:58.840Z,2026-02-18T05:36:58.840+08:00,Exit Execution,SDM:Straddle,cmt_btcusdt,LONG,LONG_SIDE,0.025519198508543433,67560.0,,True,d66d4e22-6e9c-416e-8f7e-72a559e4bc24,Exit Decision,2026-02-17T21:36:58.162Z,2026-02-18T05:36:58.162+08:00,SDM:Straddle,close_hedge_force_unblock,,,,nearest_exit_decision_symbol,678,done,1,ai_logs
718753631058264819,eb47a318-f2d0-4310-acc9-7bc3963df8d4,2026-02-17T21:36:59.521Z,2026-02-18T05:36:59.521+08:00,Exit Execution,SDM:Straddle,cmt_btcusdt,SHORT,SHORT_SIDE,0.025519198508543433,67560.0,,True,d66d4e22-6e9c-416e-8f7e-72a559e4bc24,Exit Decision,2026-02-17T21:36:58.162Z,2026-02-18T05:36:58.162+08:00,SDM:Straddle,close_hedge_force_unblock,,,,nearest_exit_decision_symbol,1359,done,1,ai_logs
718755182606811891,d59147be-a731-4d9c-85a7-3627e854fa0b,2026-02-17T21:43:09.437Z,2026-02-18T05:43:09.437+08:00,Exit Execution,SDM:Straddle,cmt_ltcusdt,LONG,LONG_SIDE,31.20861194064762,54.31,,True,674e0402-c576-4f22-bd8d-f730d64dcea8,Exit Decision,2026-02-17T21:43:08.707Z,2026-02-18T05:43:08.707+08:00,SDM:Straddle,close_hedge_force_unblock,,,,nearest_exit_decision_symbol,730,done,1,ai_logs
718755185437967091,556609c5-4493-4824-be30-dc6e37afcbc4,2026-02-17T21:43:10.113Z,2026-02-18T05:43:10.113+08:00,Exit Execution,SDM:Straddle,cmt_ltcusdt,SHORT,SHORT_SIDE,31.20861194064762,54.31,,True,674e0402-c576-4f22-bd8d-f730d64dcea8,Exit Decision,2026-02-17T21:43:08.707Z,2026-02-18T05:43:08.707+08:00,SDM:Straddle,close_hedge_force_unblock,,,,nearest_exit_decision_symbol,1406,done,1,ai_logs
718755663244690163,a07c2ecb-127d-4230-803b-64a71b97ba7b,2026-02-17T21:45:04.032Z,2026-02-18T05:45:04.032+08:00,Exit Execution,SDM:Straddle,cmt_ltcusdt,LONG,LONG_SIDE,31.190423366430746,54.31,,True,226c9ab2-b556-4442-8e73-b68d379cfc73,Exit Decision,2026-02-17T21:45:03.346Z,2026-02-18T05:45:03.346+08:00,SDM:Straddle,close_hedge_force_unblock,,,,nearest_exit_decision_symbol,686,done,1,ai_logs
718755666138759923,31c7240e-1340-4592-a68d-081c8ba692d0,2026-02-17T21:45:04.722Z,2026-02-18T05:45:04.722+08:00,Exit Execution,SDM:Straddle,cmt_ltcusdt,SHORT,SHORT_SIDE,31.190423366430746,54.31,,True,226c9ab2-b556-4442-8e73-b68d379cfc73,Exit Decision,2026-02-17T21:45:03.346Z,2026-02-18T05:45:03.346+08:00,SDM:Straddle,close_hedge_force_unblock,,,,nearest_exit_decision_symbol,1376,done,1,ai_logs
718755727786640115,95d059c7-8918-47b7-81c8-66e7bd31280f,2026-02-17T21:45:19.419Z,2026-02-18T05:45:19.419+08:00,Exit Execution,SDM:Straddle,cmt_btcusdt,LONG,LONG_SIDE,0.026421940482708343,67566.9,,True,337176fa-6d47-4388-a42f-69ad1a4bf104,Exit Decision,2026-02-17T21:45:18.728Z,2026-02-18T05:45:18.728+08:00,SDM:Straddle,close_hedge_force_unblock,,,,nearest_exit_decision_symbol,691,done,1,ai_logs
718755730668126963,3550d8a0-84bc-4089-b282-9a840a9a646e,2026-02-17T21:45:20.106Z,2026-02-18T05:45:20.106+08:00,Exit Execution,SDM:Straddle,cmt_btcusdt,SHORT,SHORT_SIDE,0.026421940482708343,67566.9,,True,337176fa-6d47-4388-a42f-69ad1a4bf104,Exit Decision,2026-02-17T21:45:18.728Z,2026-02-18T05:45:18.728+08:00,SDM:Straddle,close_hedge_force_unblock,,,,nearest_exit_decision_symbol,1378,done,1,ai_logs
718758730543399667,30ee730b-2a61-4490-bc82-78eaa0efe8f5,2026-02-17T21:57:15.333Z,2026-02-18T05:57:15.333+08:00,Exit Execution,SDM:Straddle,cmt_btcusdt,LONG,LONG_SIDE,0.024996695965790083,67605.1,,True,d25bea09-6aab-4b62-903a-21ea37791b7e,Exit Decision,2026-02-17T21:57:14.627Z,2026-02-18T05:57:14.627+08:00,SDM:Straddle,close_hedge_force_unblock,,,,nearest_exit_decision_symbol,706,done,1,ai_logs
718758733387137779,89a14c6b-6804-40da-af72-9ea04217a43f,2026-02-17T21:57:16.010Z,2026-02-18T05:57:16.010+08:00,Exit Execution,SDM:Straddle,cmt_btcusdt,SHORT,SHORT_SIDE,0.024996695965790083,67605.1,,True,d25bea09-6aab-4b62-903a-21ea37791b7e,Exit Decision,2026-02-17T21:57:14.627Z,2026-02-18T05:57:14.627+08:00,SDM:Straddle,close_hedge_force_unblock,,,,nearest_exit_decision_symbol,1383,done,1,ai_logs
718760329911206643,4ce27f1b-e073-4b5a-96f3-4d7c29aca37a,2026-02-17T22:03:36.651Z,2026-02-18T06:03:36.651+08:00,Exit Execution,SDM:Straddle,cmt_btcusdt,LONG,LONG_SIDE,0.024471377041865836,67628.6,,True,4fd99455-2feb-431b-a0fb-7a185ec3a37f,Exit Decision,2026-02-17T22:03:35.963Z,2026-02-18T06:03:35.963+08:00,SDM:Straddle,close_hedge_force_unblock,,,,nearest_exit_decision_symbol,688,done,1,ai_logs
718760332746556147,0974f952-baeb-4c53-a86c-79eb464caaeb,2026-02-17T22:03:37.327Z,2026-02-18T06:03:37.327+08:00,Exit Execution,SDM:Straddle,cmt_btcusdt,SHORT,SHORT_SIDE,0.024471377041865836,67628.6,,True,4fd99455-2feb-431b-a0fb-7a185ec3a37f,Exit Decision,2026-02-17T22:03:35.963Z,2026-02-18T06:03:35.963+08:00,SDM:Straddle,close_hedge_force_unblock,,,,nearest_exit_decision_symbol,1364,done,1,ai_logs
718761854767203059,c9b6be0a-1e2e-45d8-95dc-919188d163c8,2026-02-17T22:09:40.206Z,2026-02-18T06:09:40.206+08:00,Exit Execution,SDM:Straddle,cmt_ltcusdt,LONG,LONG_SIDE,31.14390062616159,54.44,,True,fb9582ae-a10d-4eb4-a15e-883094dd0069,Exit Decision,2026-02-17T22:09:39.489Z,2026-02-18T06:09:39.489+08:00,SDM:Straddle,close_hedge_force_unblock,,,,nearest_exit_decision_symbol,717,done,1,ai_logs
718761857640301299,dcabab2a-1448-4ea9-82fe-8edb75a5cf4a,2026-02-17T22:09:40.890Z,2026-02-18T06:09:40.890+08:00,Exit Execution,SDM:Straddle,cmt_ltcusdt,SHORT,SHORT_SIDE,31.14390062616159,54.44,,True,fb9582ae-a10d-4eb4-a15e-883094dd0069,Exit Decision,2026-02-17T22:09:39.489Z,2026-02-18T06:09:39.489+08:00,SDM:Straddle,close_hedge_force_unblock,,,,nearest_exit_decision_symbol,1401,done,1,ai_logs
718763480223580915,cddb5d6a-47b5-4860-968c-86ea562166dd,2026-02-17T22:16:07.745Z,2026-02-18T06:16:07.745+08:00,Exit Execution,SDM:Straddle,cmt_ltcusdt,LONG,LONG_SIDE,32.06341598166821,54.37,,True,daa1225e-6d45-4900-b33d-c04579fc1807,Exit Decision,2026-02-17T22:16:07.065Z,2026-02-18T06:16:07.065+08:00,SDM:Straddle,close_hedge_force_unblock,,,,nearest_exit_decision_symbol,680,done,1,ai_logs
718763483071513331,c45419aa-d667-4dd6-9ad1-446f1c620027,2026-02-17T22:16:08.423Z,2026-02-18T06:16:08.423+08:00,Exit Execution,SDM:Straddle,cmt_ltcusdt,SHORT,SHORT_SIDE,32.06341598166821,54.37,,True,daa1225e-6d45-4900-b33d-c04579fc1807,Exit Decision,2026-02-17T22:16:07.065Z,2026-02-18T06:16:07.065+08:00,SDM:Straddle,close_hedge_force_unblock,,,,nearest_exit_decision_symbol,1358,done,1,ai_logs
718763693667517171,3dea2cd4-758b-469d-bc96-a6a20082d14e,2026-02-17T22:16:58.633Z,2026-02-18T06:16:58.633+08:00,Exit Execution,SDM:Straddle,cmt_ltcusdt,LONG,LONG_SIDE,30.68258334047326,54.33,,True,53100472-1aa3-4167-a8a0-71fa0806f684,Exit Decision,2026-02-17T22:16:57.958Z,2026-02-18T06:16:57.958+08:00,SDM:Straddle,close_hedge_force_unblock,,,,nearest_exit_decision_symbol,675,done,1,ai_logs
718763696490283763,ab2110de-5351-4e8f-8c63-f361b42df744,2026-02-17T22:16:59.307Z,2026-02-18T06:16:59.307+08:00,Exit Execution,SDM:Straddle,cmt_ltcusdt,SHORT,SHORT_SIDE,30.68258334047326,54.33,,True,53100472-1aa3-4167-a8a0-71fa0806f684,Exit Decision,2026-02-17T22:16:57.958Z,2026-02-18T06:16:57.958+08:00,SDM:Straddle,close_hedge_force_unblock,,,,nearest_exit_decision_symbol,1349,done,1,ai_logs
718768466571559667,9833a1ef-5b6c-4e1b-986e-ab7092a1704e,2026-02-17T22:35:56.583Z,2026-02-18T06:35:56.583+08:00,Exit Execution,SDM:Straddle,cmt_ltcusdt,LONG,LONG_SIDE,31.467476502673758,54.15,,True,095b7a3d-4f27-4c94-9d4c-6730a1de45c9,Exit Decision,2026-02-17T22:35:55.907Z,2026-02-18T06:35:55.907+08:00,SDM:Straddle,close_hedge_force_unblock,,,,nearest_exit_decision_symbol,676,done,1,ai_logs
718768469440463603,936d77e5-ce2b-43e1-a83e-9e17170a3a84,2026-02-17T22:35:57.266Z,2026-02-18T06:35:57.266+08:00,Exit Execution,SDM:Straddle,cmt_ltcusdt,SHORT,SHORT_SIDE,31.467476502673758,54.15,,True,095b7a3d-4f27-4c94-9d4c-6730a1de45c9,Exit Decision,2026-02-17T22:35:55.907Z,2026-02-18T06:35:55.907+08:00,SDM:Straddle,close_hedge_force_unblock,,,,nearest_exit_decision_symbol,1359,done,1,ai_logs
718771938834514675,a2c589eb-bee8-4be0-82c2-492151c491e8,2026-02-17T22:49:44.435Z,2026-02-18T06:49:44.435+08:00,Exit Execution,SDM:Straddle,cmt_ltcusdt,LONG,LONG_SIDE,31.07280010468467,54.2,,True,e003ba12-551f-44b5-aea5-497a4713a684,Exit Decision,2026-02-17T22:49:43.761Z,2026-02-18T06:49:43.761+08:00,SDM:Straddle,close_hedge_force_unblock,,,,nearest_exit_decision_symbol,674,done,1,ai_logs
718771941724390131,86f90489-5bdb-4dfe-bb63-b7969258ac5c,2026-02-17T22:49:45.125Z,2026-02-18T06:49:45.125+08:00,Exit Execution,SDM:Straddle,cmt_ltcusdt,SHORT,SHORT_SIDE,31.07280010468467,54.2,,True,e003ba12-551f-44b5-aea5-497a4713a684,Exit Decision,2026-02-17T22:49:43.761Z,2026-02-18T06:49:43.761+08:00,SDM:Straddle,close_hedge_force_unblock,,,,nearest_exit_decision_symbol,1364,done,1,ai_logs
718773539074736883,48f20648-9b11-4c23-8cb6-5fd3444f0508,2026-02-17T22:56:06.005Z,2026-02-18T06:56:06.005+08:00,Exit Execution,SDM:Straddle,cmt_ltcusdt,LONG,LONG_SIDE,30.20887251146863,54.12,,True,be6c08c5-14fa-450f-b33c-05257bb09aa5,Exit Decision,2026-02-17T22:56:05.273Z,2026-02-18T06:56:05.273+08:00,SDM:Straddle,close_hedge_force_unblock,,,,nearest_exit_decision_symbol,732,done,1,ai_logs
718773542107218675,350e62dd-e107-42fc-901d-270f347b5728,2026-02-17T22:56:06.685Z,2026-02-18T06:56:06.685+08:00,Exit Execution,SDM:Straddle,cmt_ltcusdt,SHORT,SHORT_SIDE,30.20887251146863,54.12,,True,be6c08c5-14fa-450f-b33c-05257bb09aa5,Exit Decision,2026-02-17T22:56:05.273Z,2026-02-18T06:56:05.273+08:00,SDM:Straddle,close_hedge_force_unblock,,,,nearest_exit_decision_symbol,1412,done,1,ai_logs
718773752254431987,1a5af891-34cf-4769-8887-fd84ce6d15f4,2026-02-17T22:56:56.790Z,2026-02-18T06:56:56.790+08:00,Exit Execution,SDM:Straddle,cmt_ltcusdt,LONG,LONG_SIDE,29.33536344529042,53.99,,True,342ba3b1-05d4-495f-9d7f-d2543e1449ab,Exit Decision,2026-02-17T22:56:56.099Z,2026-02-18T06:56:56.099+08:00,SDM:Straddle,close_hedge_force_unblock,,,,nearest_exit_decision_symbol,691,done,1,ai_logs
718773755106558707,648896ee-d62d-4ee2-b88f-699cc8f26483,2026-02-17T22:56:57.468Z,2026-02-18T06:56:57.468+08:00,Exit Execution,SDM:Straddle,cmt_ltcusdt,SHORT,SHORT_SIDE,29.33536344529042,53.99,,True,342ba3b1-05d4-495f-9d7f-d2543e1449ab,Exit Decision,2026-02-17T22:56:56.099Z,2026-02-18T06:56:56.099+08:00,SDM:Straddle,close_hedge_force_unblock,,,,nearest_exit_decision_symbol,1369,done,1,ai_logs
718775351395746547,1475ce07-89af-48d3-8d9d-2765d42dd37b,2026-02-17T23:03:18.052Z,2026-02-18T07:03:18.052+08:00,Exit Execution,SDM:Straddle,cmt_ltcusdt,LONG,LONG_SIDE,32.24225030586598,53.91,,True,29b64d45-04df-40b1-90b2-a3cf380df8e7,Exit Decision,2026-02-17T23:03:17.343Z,2026-02-18T07:03:17.343+08:00,SDM:Straddle,close_hedge_force_unblock,,,,nearest_exit_decision_symbol,709,done,1,ai_logs
718775354176570099,54d4b8fc-872c-41d9-892d-f19c8d7c3945,2026-02-17T23:03:18.714Z,2026-02-18T07:03:18.714+08:00,Exit Execution,SDM:Straddle,cmt_ltcusdt,SHORT,SHORT_SIDE,32.24225030586598,53.91,,True,29b64d45-04df-40b1-90b2-a3cf380df8e7,Exit Decision,2026-02-17T23:03:17.343Z,2026-02-18T07:03:17.343+08:00,SDM:Straddle,close_hedge_force_unblock,,,,nearest_exit_decision_symbol,1371,done,1,ai_logs
718778368639632115,ee12d8cb-caab-4143-ad15-99d2e468b908,2026-02-17T23:15:17.420Z,2026-02-18T07:15:17.420+08:00,Exit Execution,SDM:Straddle,cmt_ltcusdt,LONG,LONG_SIDE,33.08453281206011,53.81,,True,f63dbfcb-78c0-4bc6-8c32-8a7af3ec4372,Exit Decision,2026-02-17T23:15:16.718Z,2026-02-18T07:15:16.718+08:00,SDM:Straddle,close_hedge_force_unblock,,,,nearest_exit_decision_symbol,702,done,1,ai_logs
718778371592422131,cf90ef63-95f7-49a1-8109-9c464457dbca,2026-02-17T23:15:18.125Z,2026-02-18T07:15:18.125+08:00,Exit Execution,SDM:Straddle,cmt_ltcusdt,SHORT,SHORT_SIDE,33.08453281206011,53.81,,True,f63dbfcb-78c0-4bc6-8c32-8a7af3ec4372,Exit Decision,2026-02-17T23:15:16.718Z,2026-02-18T07:15:16.718+08:00,SDM:Straddle,close_hedge_force_unblock,,,,nearest_exit_decision_symbol,1407,done,1,ai_logs
718781752142725875,a8860ffd-c9e7-4437-b896-bb52ddef6540,2026-02-17T23:28:44.110Z,2026-02-18T07:28:44.110+08:00,Exit Execution,SDM:Straddle,cmt_ltcusdt,LONG,LONG_SIDE,33.21747755982282,53.95,,True,b2a366b5-689c-4aa7-b8cf-f227480edff0,Exit Decision,2026-02-17T23:28:43.417Z,2026-02-18T07:28:43.417+08:00,SDM:Straddle,close_hedge_force_unblock,,,,nearest_exit_decision_symbol,693,done,1,ai_logs
718781754952909555,bec6d3f7-9a4e-435a-ab1f-ace7f96998c8,2026-02-17T23:28:44.780Z,2026-02-18T07:28:44.780+08:00,Exit Execution,SDM:Straddle,cmt_ltcusdt,SHORT,SHORT_SIDE,33.21747755982282,53.95,,True,b2a366b5-689c-4aa7-b8cf-f227480edff0,Exit Decision,2026-02-17T23:28:43.417Z,2026-02-18T07:28:43.417+08:00,SDM:Straddle,close_hedge_force_unblock,,,,nearest_exit_decision_symbol,1363,done,1,ai_logs
718783354563986163,38aa38ff-759b-4558-a3a1-40bba4f286c4,2026-02-17T23:35:06.156Z,2026-02-18T07:35:06.156+08:00,Exit Execution,SDM:Straddle,cmt_ltcusdt,LONG,LONG_SIDE,29.703679923416665,53.87,,True,b1056dd5-982b-4268-a63d-00dfcb4a69e8,Exit Decision,2026-02-17T23:35:05.481Z,2026-02-18T07:35:05.481+08:00,SDM:Straddle,close_hedge_force_unblock,,,,nearest_exit_decision_symbol,675,done,1,ai_logs
718783357374169843,7672ab1b-d9ae-4be2-ac99-c03eeebab65e,2026-02-17T23:35:06.825Z,2026-02-18T07:35:06.825+08:00,Exit Execution,SDM:Straddle,cmt_ltcusdt,SHORT,SHORT_SIDE,29.703679923416665,53.87,,True,b1056dd5-982b-4268-a63d-00dfcb4a69e8,Exit Decision,2026-02-17T23:35:05.481Z,2026-02-18T07:35:05.481+08:00,SDM:Straddle,close_hedge_force_unblock,,,,nearest_exit_decision_symbol,1344,done,1,ai_logs
718784960613319411,273e4b80-2061-45a3-bbec-307d17b2736e,2026-02-17T23:41:29.070Z,2026-02-18T07:41:29.070+08:00,Exit Execution,SDM:Straddle,cmt_ltcusdt,LONG,LONG_SIDE,29.829906752782144,53.96,,True,12ffc688-4456-4ae6-bcbd-1910f8bfa9fe,Exit Decision,2026-02-17T23:41:28.360Z,2026-02-18T07:41:28.360+08:00,SDM:Straddle,close_hedge_force_unblock,,,,nearest_exit_decision_symbol,710,done,1,ai_logs
718784963499000563,d8d63f88-b96e-4222-9066-56950ee855a3,2026-02-17T23:41:29.757Z,2026-02-18T07:41:29.757+08:00,Exit Execution,SDM:Straddle,cmt_ltcusdt,SHORT,SHORT_SIDE,29.829906752782144,53.96,,True,12ffc688-4456-4ae6-bcbd-1910f8bfa9fe,Exit Decision,2026-02-17T23:41:28.360Z,2026-02-18T07:41:28.360+08:00,SDM:Straddle,close_hedge_force_unblock,,,,nearest_exit_decision_symbol,1397,done,1,ai_logs
718789984840057587,5d2137b6-6d2d-4c4c-80cd-3f423a1f7b5b,2026-02-18T00:01:26.941Z,2026-02-18T08:01:26.941+08:00,Exit Execution,SDM:Straddle,cmt_ltcusdt,LONG,LONG_SIDE,33.46835597996342,53.8,,True,fa6485d6-5427-4662-9993-377b6e110c12,Exit Decision,2026-02-18T00:01:26.220Z,2026-02-18T08:01:26.220+08:00,SDM:Straddle,close_hedge_force_unblock,,,,nearest_exit_decision_symbol,721,done,1,ai_logs
718789987687990003,062cc161-c6f0-4409-8bd1-ddfe5fb5ab4e,2026-02-18T00:01:27.618Z,2026-02-18T08:01:27.618+08:00,Exit Execution,SDM:Straddle,cmt_ltcusdt,SHORT,SHORT_SIDE,33.46835597996342,53.8,,True,fa6485d6-5427-4662-9993-377b6e110c12,Exit Decision,2026-02-18T00:01:26.220Z,2026-02-18T08:01:26.220+08:00,SDM:Straddle,close_hedge_force_unblock,,,,nearest_exit_decision_symbol,1398,done,1,ai_logs
718793189959402227,cf6dcf7d-1519-4d32-b1a7-bfcc47972b66,2026-02-18T00:14:11.098Z,2026-02-18T08:14:11.098+08:00,Exit Execution,SDM:Straddle,cmt_ltcusdt,LONG,LONG_SIDE,33.694617192531744,53.89,,True,4694dd98-cecc-4302-b275-365875071715,Exit Decision,2026-02-18T00:14:10.424Z,2026-02-18T08:14:10.424+08:00,SDM:Straddle,close_hedge_force_unblock,,,,nearest_exit_decision_symbol,674,done,1,ai_logs
718793192794751731,612a4724-92d5-4150-a8ed-390f22e36095,2026-02-18T00:14:11.775Z,2026-02-18T08:14:11.775+08:00,Exit Execution,SDM:Straddle,cmt_ltcusdt,SHORT,SHORT_SIDE,33.694617192531744,53.89,,True,4694dd98-cecc-4302-b275-365875071715,Exit Decision,2026-02-18T00:14:10.424Z,2026-02-18T08:14:10.424+08:00,SDM:Straddle,close_hedge_force_unblock,,,,nearest_exit_decision_symbol,1351,done,1,ai_logs
718796373901705971,26a17ab0-1378-4d0e-be8d-be1a2cab8236,2026-02-18T00:26:50.209Z,2026-02-18T08:26:50.209+08:00,Exit Execution,SDM:Straddle,cmt_ltcusdt,LONG,LONG_SIDE,31.038779824734988,53.83,,True,9caed15b-df71-4bc8-9269-fb55d0ebf6eb,Exit Decision,2026-02-18T00:26:49.538Z,2026-02-18T08:26:49.538+08:00,SDM:Straddle,close_hedge_force_unblock,,,,nearest_exit_decision_symbol,671,done,1,ai_logs
718796376737055475,2398e687-17c6-4480-866f-7ec7c9b97fb0,2026-02-18T00:26:50.883Z,2026-02-18T08:26:50.883+08:00,Exit Execution,SDM:Straddle,cmt_ltcusdt,SHORT,SHORT_SIDE,31.038779824734988,53.83,,True,9caed15b-df71-4bc8-9269-fb55d0ebf6eb,Exit Decision,2026-02-18T00:26:49.538Z,2026-02-18T08:26:49.538+08:00,SDM:Straddle,close_hedge_force_unblock,,,,nearest_exit_decision_symbol,1345,done,1,ai_logs
718799559668531955,2ba8de05-b7fd-4a87-94f8-6e78050ce166,2026-02-18T00:39:29.754Z,2026-02-18T08:39:29.754+08:00,Exit Execution,SDM:Straddle,cmt_ltcusdt,LONG,LONG_SIDE,31.065003564691306,53.95,,True,a5746b1c-57bf-4d00-a12c-e71a18c71942,Exit Decision,2026-02-18T00:39:29.063Z,2026-02-18T08:39:29.063+08:00,SDM:Straddle,close_hedge_force_unblock,,,,nearest_exit_decision_symbol,691,done,1,ai_logs
718799562570990323,baf28e28-f779-4013-8c82-363b27e2a8ff,2026-02-18T00:39:30.446Z,2026-02-18T08:39:30.446+08:00,Exit Execution,SDM:Straddle,cmt_ltcusdt,SHORT,SHORT_SIDE,31.065003564691306,53.95,,True,a5746b1c-57bf-4d00-a12c-e71a18c71942,Exit Decision,2026-02-18T00:39:29.063Z,2026-02-18T08:39:29.063+08:00,SDM:Straddle,close_hedge_force_unblock,,,,nearest_exit_decision_symbol,1383,done,1,ai_logs
718816501037007603,5f6d92f7-f9cf-4128-918a-8e5c6e05cf85,2026-02-18T01:46:48.892Z,2026-02-18T09:46:48.892+08:00,Exit Execution,SDM:Straddle,cmt_ltcusdt,LONG,LONG_SIDE,31.48264466879859,53.85,,True,9085127f-e986-4199-946f-2785caf272bb,Exit Decision,2026-02-18T01:46:48.192Z,2026-02-18T09:46:48.192+08:00,SDM:Straddle,close_hedge_force_unblock,,,,nearest_exit_decision_symbol,700,done,1,ai_logs
718816503901717235,5ccf83d7-d6f1-45f3-a56b-b28bd783105b,2026-02-18T01:46:49.577Z,2026-02-18T09:46:49.577+08:00,Exit Execution,SDM:Straddle,cmt_ltcusdt,SHORT,SHORT_SIDE,31.48264466879859,53.85,,True,9085127f-e986-4199-946f-2785caf272bb,Exit Decision,2026-02-18T01:46:48.192Z,2026-02-18T09:46:48.192+08:00,SDM:Straddle,close_hedge_force_unblock,,,,nearest_exit_decision_symbol,1385,done,1,ai_logs
718819686162105075,ba07d75d-fe6d-40dd-a40d-47fb8a4be9a5,2026-02-18T01:59:28.285Z,2026-02-18T09:59:28.285+08:00,Exit Execution,SDM:Straddle,cmt_ltcusdt,LONG,LONG_SIDE,30.62890302746256,53.81,,True,c145c997-48d4-4e03-aedd-084336ef084e,Exit Decision,2026-02-18T01:59:27.622Z,2026-02-18T09:59:27.622+08:00,SDM:Straddle,close_hedge_force_unblock,,,,nearest_exit_decision_symbol,663,done,1,ai_logs
718819689014231795,0ca89cb7-d7b0-4152-b941-74ac3abad93d,2026-02-18T01:59:28.965Z,2026-02-18T09:59:28.965+08:00,Exit Execution,SDM:Straddle,cmt_ltcusdt,SHORT,SHORT_SIDE,30.62890302746256,53.81,,True,c145c997-48d4-4e03-aedd-084336ef084e,Exit Decision,2026-02-18T01:59:27.622Z,2026-02-18T09:59:27.622+08:00,SDM:Straddle,close_hedge_force_unblock,,,,nearest_exit_decision_symbol,1343,done,1,ai_logs
718821350155748083,45ddf100-3b69-47c6-b6ec-426a80ad077c,2026-02-18T02:06:05.013Z,2026-02-18T10:06:05.013+08:00,Exit Execution,SDM:Straddle,cmt_btcusdt,LONG,LONG_SIDE,0.024524969340431302,67193.2,,True,b1766ad7-3ede-4d79-901a-2d14edfc87cd,Exit Decision,2026-02-18T02:06:04.315Z,2026-02-18T10:06:04.315+08:00,SDM:Straddle,close_hedge_force_unblock,,,,nearest_exit_decision_symbol,698,done,1,ai_logs
718821352995291891,3686aa1b-4a9d-498d-9d79-03ae275e064a,2026-02-18T02:06:05.689Z,2026-02-18T10:06:05.689+08:00,Exit Execution,SDM:Straddle,cmt_btcusdt,SHORT,SHORT_SIDE,0.024524969340431302,67193.2,,True,b1766ad7-3ede-4d79-901a-2d14edfc87cd,Exit Decision,2026-02-18T02:06:04.315Z,2026-02-18T10:06:04.315+08:00,SDM:Straddle,close_hedge_force_unblock,,,,nearest_exit_decision_symbol,1374,done,1,ai_logs
718824385812628211,b668c7e1-daef-4265-a762-bd3b8fbe7c38,2026-02-18T02:18:08.770Z,2026-02-18T10:18:08.770+08:00,Exit Execution,SDM:Straddle,cmt_btcusdt,LONG,LONG_SIDE,0.02340156721786497,67297.9,,True,f86a14f7-7dea-4c21-8e17-1d7ecd359c07,Exit Decision,2026-02-18T02:18:08.066Z,2026-02-18T10:18:08.066+08:00,SDM:Straddle,close_hedge_force_unblock,,,,nearest_exit_decision_symbol,704,done,1,ai_logs
718824388832527091,f5c714d1-78ae-47ef-8c92-25dd1751bae4,2026-02-18T02:18:09.489Z,2026-02-18T10:18:09.489+08:00,Exit Execution,SDM:Straddle,cmt_btcusdt,SHORT,SHORT_SIDE,0.02340156721786497,67297.9,,True,f86a14f7-7dea-4c21-8e17-1d7ecd359c07,Exit Decision,2026-02-18T02:18:08.066Z,2026-02-18T10:18:08.066+08:00,SDM:Straddle,close_hedge_force_unblock,,,,nearest_exit_decision_symbol,1423,done,1,ai_logs
718825923696132851,21d23075-8d14-4fba-998b-067dbbc0a084,2026-02-18T02:24:15.429Z,2026-02-18T10:24:15.429+08:00,Exit Execution,SDM:Straddle,cmt_ltcusdt,LONG,LONG_SIDE,30.23215460479511,54.14,,True,0977a96a-3028-4a8b-835a-f42c533a7132,Exit Decision,2026-02-18T02:24:14.745Z,2026-02-18T10:24:14.745+08:00,SDM:Straddle,close_hedge_force_unblock,,,,nearest_exit_decision_symbol,684,done,1,ai_logs
718825926586008307,6e98ad1b-9e89-4c8b-969e-b2c6c33645ca,2026-02-18T02:24:16.118Z,2026-02-18T10:24:16.118+08:00,Exit Execution,SDM:Straddle,cmt_ltcusdt,SHORT,SHORT_SIDE,30.23215460479511,54.14,,True,0977a96a-3028-4a8b-835a-f42c533a7132,Exit Decision,2026-02-18T02:24:14.745Z,2026-02-18T10:24:14.745+08:00,SDM:Straddle,close_hedge_force_unblock,,,,nearest_exit_decision_symbol,1373,done,1,ai_logs
718829800357102323,0f3000aa-3042-4b0b-ad6d-7126b68688cf,2026-02-18T02:39:39.699Z,2026-02-18T10:39:39.699+08:00,Exit Execution,SDM:Straddle,cmt_ltcusdt,LONG,LONG_SIDE,30.20095310310706,54.11,,True,a84e007e-5546-452e-8876-5c7cc3857c26,Exit Decision,2026-02-18T02:39:39.006Z,2026-02-18T10:39:39.006+08:00,SDM:Straddle,close_hedge_force_unblock,,,,nearest_exit_decision_symbol,693,done,1,ai_logs
718829803238589171,0bd8c709-06fc-4bd5-864e-4344944612cc,2026-02-18T02:39:40.383Z,2026-02-18T10:39:40.383+08:00,Exit Execution,SDM:Straddle,cmt_ltcusdt,SHORT,SHORT_SIDE,30.20095310310706,54.11,,True,a84e007e-5546-452e-8876-5c7cc3857c26,Exit Decision,2026-02-18T02:39:39.006Z,2026-02-18T10:39:39.006+08:00,SDM:Straddle,close_hedge_force_unblock,,,,nearest_exit_decision_symbol,1377,done,1,ai_logs
718829864567702259,521ba7cf-39e5-4204-80fd-445d1f952f64,2026-02-18T02:39:55.006Z,2026-02-18T10:39:55.006+08:00,Exit Execution,SDM:Straddle,cmt_btcusdt,LONG,LONG_SIDE,0.024328139805968346,67349.8,,True,5d29493e-6bd1-4fe0-a5e4-e4dc6ecc0152,Exit Decision,2026-02-18T02:39:54.330Z,2026-02-18T10:39:54.330+08:00,SDM:Straddle,close_hedge_force_unblock,,,,nearest_exit_decision_symbol,676,done,1,ai_logs
718829867444994803,19b8d262-6c74-4cd2-bb18-1145e274d371,2026-02-18T02:39:55.692Z,2026-02-18T10:39:55.692+08:00,Exit Execution,SDM:Straddle,cmt_btcusdt,SHORT,SHORT_SIDE,0.024328139805968346,67349.8,,True,5d29493e-6bd1-4fe0-a5e4-e4dc6ecc0152,Exit Decision,2026-02-18T02:39:54.330Z,2026-02-18T10:39:54.330+08:00,SDM:Straddle,close_hedge_force_unblock,,,,nearest_exit_decision_symbol,1362,done,1,ai_logs
718832876174443251,57616c49-0999-4e05-acf8-cb8e6cc69d7c,2026-02-18T02:51:53.029Z,2026-02-18T10:51:53.029+08:00,Exit Execution,SDM:Straddle,cmt_btcusdt,LONG,LONG_SIDE,0.0229283278594634,67325.4,,True,4fc03494-d6cc-47e5-9cd0-e3bdc353939e,Exit Decision,2026-02-18T02:51:52.351Z,2026-02-18T10:51:52.351+08:00,SDM:Straddle,close_hedge_force_unblock,,,,nearest_exit_decision_symbol,678,done,1,ai_logs
718832879164982003,b675acf2-39b7-481a-be6e-b99d23081314,2026-02-18T02:51:53.743Z,2026-02-18T10:51:53.743+08:00,Exit Execution,SDM:Straddle,cmt_btcusdt,SHORT,SHORT_SIDE,0.0229283278594634,67325.4,,True,4fc03494-d6cc-47e5-9cd0-e3bdc353939e,Exit Decision,2026-02-18T02:51:52.351Z,2026-02-18T10:51:52.351+08:00,SDM:Straddle,close_hedge_force_unblock,,,,nearest_exit_decision_symbol,1392,done,1,ai_logs
718833022081696499,85a75a92-8456-4839-b923-7e0fa7fc1b4f,2026-02-18T02:52:27.816Z,2026-02-18T10:52:27.816+08:00,Exit Execution,SDM:Straddle,cmt_ltcusdt,LONG,LONG_SIDE,31.202407506290612,54.07,,True,fecb8ed6-4d56-4160-a504-532f750a8cf6,Exit Decision,2026-02-18T02:52:27.155Z,2026-02-18T10:52:27.155+08:00,SDM:Straddle,close_hedge_force_unblock,,,,nearest_exit_decision_symbol,661,done,1,ai_logs
718833024925434611,0e9bc263-50ba-4806-9ea3-9a659b50c6ce,2026-02-18T02:52:28.494Z,2026-02-18T10:52:28.494+08:00,Exit Execution,SDM:Straddle,cmt_ltcusdt,SHORT,SHORT_SIDE,31.202407506290612,54.07,,True,fecb8ed6-4d56-4160-a504-532f750a8cf6,Exit Decision,2026-02-18T02:52:27.155Z,2026-02-18T10:52:27.155+08:00,SDM:Straddle,close_hedge_force_unblock,,,,nearest_exit_decision_symbol,1339,done,1,ai_logs
718834630349816563,3b257bcc-79a2-4581-9e8d-a820051ce880,2026-02-18T02:58:51.256Z,2026-02-18T10:58:51.256+08:00,Exit Execution,SDM:Straddle,cmt_ltcusdt,LONG,LONG_SIDE,30.32403216633034,54.05,,True,692e4a0e-2748-463d-b9f6-4a1024242e57,Exit Decision,2026-02-18T02:58:50.576Z,2026-02-18T10:58:50.576+08:00,SDM:Straddle,close_hedge_force_unblock,,,,nearest_exit_decision_symbol,680,done,1,ai_logs
718834633231303411,efa60825-cd8c-4430-a51d-2c031d14ebb0,2026-02-18T02:58:51.944Z,2026-02-18T10:58:51.944+08:00,Exit Execution,SDM:Straddle,cmt_ltcusdt,SHORT,SHORT_SIDE,30.32403216633034,54.05,,True,692e4a0e-2748-463d-b9f6-4a1024242e57,Exit Decision,2026-02-18T02:58:50.576Z,2026-02-18T10:58:50.576+08:00,SDM:Straddle,close_hedge_force_unblock,,,,nearest_exit_decision_symbol,1368,done,1,ai_logs
718836110368703219,97ced08c-6cb3-4fce-a94a-e0a8d13e7085,2026-02-18T03:04:44.120Z,2026-02-18T11:04:44.120+08:00,Exit Execution,SDM:Straddle,cmt_btcusdt,LONG,LONG_SIDE,0.0229054529495873,67311.9,,True,32236cd4-5a12-4fef-8c2c-1f9c605b5241,Exit Decision,2026-02-18T03:04:43.443Z,2026-02-18T11:04:43.443+08:00,SDM:Straddle,close_hedge_force_unblock,,,,nearest_exit_decision_symbol,677,done,1,ai_logs
718836113287938803,7ed8839e-cc9b-4ff2-8494-e56b06e785d0,2026-02-18T03:04:44.817Z,2026-02-18T11:04:44.817+08:00,Exit Execution,SDM:Straddle,cmt_btcusdt,SHORT,SHORT_SIDE,0.0229054529495873,67311.9,,True,32236cd4-5a12-4fef-8c2c-1f9c605b5241,Exit Decision,2026-02-18T03:04:43.443Z,2026-02-18T11:04:43.443+08:00,SDM:Straddle,close_hedge_force_unblock,,,,nearest_exit_decision_symbol,1374,done,1,ai_logs
718836253985866483,587e182f-cd09-4fed-a9b8-419376378652,2026-02-18T03:05:18.360Z,2026-02-18T11:05:18.360+08:00,Exit Execution,SDM:Straddle,cmt_ltcusdt,LONG,LONG_SIDE,28.29618635765184,54.11,,True,029331ee-1dcb-4309-92cb-2321d07042ff,Exit Decision,2026-02-18T03:05:17.676Z,2026-02-18T11:05:17.676+08:00,SDM:Straddle,close_hedge_force_unblock,,,,nearest_exit_decision_symbol,684,done,1,ai_logs
718836256867353331,357178c2-0356-42b1-a3d5-ee12df5b8611,2026-02-18T03:05:19.048Z,2026-02-18T11:05:19.048+08:00,Exit Execution,SDM:Straddle,cmt_ltcusdt,SHORT,SHORT_SIDE,28.29618635765184,54.11,,True,029331ee-1dcb-4309-92cb-2321d07042ff,Exit Decision,2026-02-18T03:05:17.676Z,2026-02-18T11:05:17.676+08:00,SDM:Straddle,close_hedge_force_unblock,,,,nearest_exit_decision_symbol,1372,done,1,ai_logs
718840432502506227,de259973-5ccb-42c5-b630-5cfa6e7a7829,2026-02-18T03:21:54.598Z,2026-02-18T11:21:54.598+08:00,Exit Execution,SDM:Straddle,cmt_bnbusdt,LONG,LONG_SIDE,2.6605676981265454,616.96,,True,2c9785b9-6e27-47c2-8c5a-5812883f271e,Exit Decision,2026-02-18T03:21:53.917Z,2026-02-18T11:21:53.917+08:00,SDM:Straddle,close_hedge_force_unblock,,,,nearest_exit_decision_symbol,681,done,1,ai_logs
718840435371410163,36cb14c2-b654-46cb-bd28-160ac2dc3e0a,2026-02-18T03:21:55.280Z,2026-02-18T11:21:55.280+08:00,Exit Execution,SDM:Straddle,cmt_bnbusdt,SHORT,SHORT_SIDE,2.6605676981265454,616.96,,True,2c9785b9-6e27-47c2-8c5a-5812883f271e,Exit Decision,2026-02-18T03:21:53.917Z,2026-02-18T11:21:53.917+08:00,SDM:Straddle,close_hedge_force_unblock,,,,nearest_exit_decision_symbol,1363,done,1,ai_logs
718863936685867763,f775b0cd-8d2b-4aa4-8520-c66babf1341c,2026-02-18T04:55:18.431Z,2026-02-18T12:55:18.431+08:00,Exit Execution,SDM:Straddle,cmt_btcusdt,LONG,LONG_SIDE,0.021875632976146815,67632.9,,True,e29da356-b0b9-4a1e-8f11-9611398f9b93,Exit Decision,2026-02-18T04:55:17.699Z,2026-02-18T12:55:17.699+08:00,SDM:Straddle,close_hedge,,,,nearest_exit_decision_symbol,732,done,1,ai_logs
718863939512828659,8ffd91d6-4953-47a7-a8cc-5242bb9aafaa,2026-02-18T04:55:19.108Z,2026-02-18T12:55:19.108+08:00,Exit Execution,SDM:Straddle,cmt_btcusdt,SHORT,SHORT_SIDE,0.021875632976146815,67632.9,,True,e29da356-b0b9-4a1e-8f11-9611398f9b93,Exit Decision,2026-02-18T04:55:17.699Z,2026-02-18T12:55:17.699+08:00,SDM:Straddle,close_hedge,,,,nearest_exit_decision_symbol,1409,done,1,ai_logs
718866894043480819,148ca739-f92f-44ea-9753-4ea8e27d8e4a,2026-02-18T05:07:03.520Z,2026-02-18T13:07:03.520+08:00,Exit Execution,SDM:Straddle,cmt_ltcusdt,LONG,LONG_SIDE,27.6235636571573,54.13,,True,dc041aa8-42bb-4872-9daa-e378021d524a,Exit Decision,2026-02-18T05:07:02.844Z,2026-02-18T13:07:02.844+08:00,SDM:Straddle,close_hedge,,,,nearest_exit_decision_symbol,676,done,1,ai_logs
718866896899801843,97dabd4a-5015-4cb8-b1d0-e2598b181df1,2026-02-18T05:07:04.201Z,2026-02-18T13:07:04.201+08:00,Exit Execution,SDM:Straddle,cmt_ltcusdt,SHORT,SHORT_SIDE,27.6235636571573,54.13,,True,dc041aa8-42bb-4872-9daa-e378021d524a,Exit Decision,2026-02-18T05:07:02.844Z,2026-02-18T13:07:02.844+08:00,SDM:Straddle,close_hedge,,,,nearest_exit_decision_symbol,1357,done,1,ai_logs
718881406490510067,89757f17-934a-436d-8683-c4565fd0e2f3,2026-02-18T06:04:43.558Z,2026-02-18T14:04:43.558+08:00,Exit Execution,SDM:Straddle,cmt_btcusdt,LONG,LONG_SIDE,0.022278755765663946,67664.2,,True,870fcbf2-cc26-4286-8f20-b5f3d77afaf7,Exit Decision,2026-02-18T06:04:42.874Z,2026-02-18T14:04:42.874+08:00,SDM:Straddle,close_hedge,,,,nearest_exit_decision_symbol,684,done,1,ai_logs
718881409384579827,f79202bc-e091-467d-9091-0b07e8feab24,2026-02-18T06:04:44.247Z,2026-02-18T14:04:44.247+08:00,Exit Execution,SDM:Straddle,cmt_btcusdt,SHORT,SHORT_SIDE,0.022278755765663946,67664.2,,True,870fcbf2-cc26-4286-8f20-b5f3d77afaf7,Exit Decision,2026-02-18T06:04:42.874Z,2026-02-18T14:04:42.874+08:00,SDM:Straddle,close_hedge,,,,nearest_exit_decision_symbol,1373,done,1,ai_logs
718907434583720691,d1697d05-2f14-43a1-bbe2-9d06e23892c2,2026-02-18T07:48:09.138Z,2026-02-18T15:48:09.138+08:00,Exit Execution,SDM:Straddle,cmt_btcusdt,LONG,LONG_SIDE,0.02066408158857874,67726.4,,True,4b33a94b-f4cc-48bb-a827-3df06e258647,Exit Decision,2026-02-18T07:48:08.425Z,2026-02-18T15:48:08.425+08:00,SDM:Straddle,close_hedge,,,,nearest_exit_decision_symbol,713,done,1,ai_logs
718907437356155635,ae42c7ff-dd72-43f0-ae6b-1cf6bf5a77c0,2026-02-18T07:48:09.800Z,2026-02-18T15:48:09.800+08:00,Exit Execution,SDM:Straddle,cmt_btcusdt,SHORT,SHORT_SIDE,0.02066408158857874,67726.4,,True,4b33a94b-f4cc-48bb-a827-3df06e258647,Exit Decision,2026-02-18T07:48:08.425Z,2026-02-18T15:48:08.425+08:00,SDM:Straddle,close_hedge,,,,nearest_exit_decision_symbol,1375,done,1,ai_logs
718939728874832627,f08f4967-9fdd-4fe5-8747-4d9d75f4fa5e,2026-02-18T09:56:28.697Z,2026-02-18T17:56:28.697+08:00,Exit Execution,SDM:Straddle,cmt_dogeusdt,LONG,LONG_SIDE,14173.678580979587,0.10136,,True,415e9a53-57b4-436d-91fc-f0edc0b27476,Exit Decision,2026-02-18T09:56:28.019Z,2026-02-18T17:56:28.019+08:00,SDM:Straddle,close_hedge,,,,nearest_exit_decision_symbol,678,done,1,ai_logs
718939731672433395,5996ba20-a97c-4773-9e9b-278354fd78ae,2026-02-18T09:56:29.364Z,2026-02-18T17:56:29.364+08:00,Exit Execution,SDM:Straddle,cmt_dogeusdt,SHORT,SHORT_SIDE,14173.678580979587,0.10136,,True,415e9a53-57b4-436d-91fc-f0edc0b27476,Exit Decision,2026-02-18T09:56:28.019Z,2026-02-18T17:56:28.019+08:00,SDM:Straddle,close_hedge,,,,nearest_exit_decision_symbol,1345,done,1,ai_logs
718949613519766259,d94a82c0-8c06-48b2-a8de-894107eeab6e,2026-02-18T10:35:45.380Z,2026-02-18T18:35:45.380+08:00,Exit Execution,SDM:Straddle,cmt_dogeusdt,LONG,LONG_SIDE,14105.51543736842,0.10146,,True,8fa16c06-a541-4763-8299-eb1b1de3e9ba,Exit Decision,2026-02-18T10:35:44.689Z,2026-02-18T18:35:44.689+08:00,SDM:Straddle,close_long,,,,nearest_exit_decision_symbol,691,done,1,ai_logs
719009526509994739,f50814d4-3aac-4c10-80cd-7b937b2f5f04,2026-02-18T14:33:49.751Z,2026-02-18T22:33:49.751+08:00,Order Execution,SDM:momentum,cmt_solusdt,2,OPEN_SHORT,6.8,82.6,,True,91b1173a-735c-48ea-b7e9-6daa36a08db8,Exit Decision,2026-02-19T11:13:11.655Z,2026-02-19T19:13:11.655+08:00,PositionMonitor,,,,,exact_order_id,-74361904,done,1,ai_logs
719009526509994739,91b1173a-735c-48ea-b7e9-6daa36a08db8,2026-02-19T11:13:11.655Z,2026-02-19T19:13:11.655+08:00,Exit Decision,PositionMonitor,cmt_solusdt,,UNKNOWN,6.8,82.6,,,91b1173a-735c-48ea-b7e9-6daa36a08db8,Exit Decision,2026-02-19T11:13:11.655Z,2026-02-19T19:13:11.655+08:00,PositionMonitor,,,,,exact_order_id,0,done,20,ai_logs
719333649257857779,1ea3432d-f96e-445a-aaff-a2d34aca37e8,2026-02-19T12:01:46.636Z,2026-02-19T20:01:46.636+08:00,Order Execution,SDM:momentum,cmt_solusdt,2,OPEN_SHORT,7.1,81.15,,True,b77e7f4f-78bd-44be-905b-b598debf0ca5,Exit Decision,2026-02-19T13:40:33.635Z,2026-02-19T21:40:33.635+08:00,PositionMonitor,,,,,exact_order_id,-5926999,done,1,ai_logs
719333649257857779,b77e7f4f-78bd-44be-905b-b598debf0ca5,2026-02-19T13:40:33.635Z,2026-02-19T21:40:33.635+08:00,Exit Decision,PositionMonitor,cmt_solusdt,,UNKNOWN,13.9,81.15,,,b77e7f4f-78bd-44be-905b-b598debf0ca5,Exit Decision,2026-02-19T13:40:33.635Z,2026-02-19T21:40:33.635+08:00,PositionMonitor,,,,,exact_order_id,0,dead,30,ai_logs
719690360103633651,33ca8556-fbd8-48d5-bfe2-e2dc356a236a,2026-02-20T11:39:13.128Z,2026-02-20T19:39:13.128+08:00,Order Execution,SDM:momentum,cmt_solusdt,2,OPEN_SHORT,6.9,83.65,,True,56baf911-b9be-4ce1-a193-b68414bc8b29,Decision Making,2026-02-20T11:39:12.441Z,2026-02-20T19:39:12.441+08:00,AlphaGenesis-SDM-v1,SHORT,,HOLD,SHORT,nearest_decision_symbol,687,done,1,ai_logs
720650808491770611,e1367e4e-7955-4d28-86ec-5a0a07613c15,2026-02-23T03:15:41.870Z,2026-02-23T11:15:41.870+08:00,Order Execution,SDM:momentum,cmt_solusdt,2,OPEN_SHORT,6.9,77.9,,True,295dd7c7-406f-4f5a-a87d-0b1260286aab,Decision Making,2026-02-23T03:15:41.194Z,2026-02-23T11:15:41.194+08:00,AlphaGenesis-SDM-v1,SHORT,,HOLD,SHORT,nearest_decision_symbol,676,done,1,ai_logs
720652121468306163,c8f5d26e-0e8e-4de6-92a3-ea73cc3a2e95,2026-02-23T03:20:54.907Z,2026-02-23T11:20:54.907+08:00,Order Execution,SDM:momentum,cmt_solusdt,2,OPEN_SHORT,6.9,77.65,,True,b7b9d1f2-bcad-47d8-885d-4c267a64e4f4,Decision Making,2026-02-23T03:20:54.231Z,2026-02-23T11:20:54.231+08:00,AlphaGenesis-SDM-v1,SHORT,,HOLD,SHORT,nearest_decision_symbol,676,done,1,ai_logs
720653434121880307,5f8c68f3-6ddd-4e82-9b87-2f5d1a2d64f6,2026-02-23T03:26:07.868Z,2026-02-23T11:26:07.868+08:00,Order Execution,SDM:momentum,cmt_solusdt,2,OPEN_SHORT,6.9,77.47,,True,1d320908-2305-4b7e-a9cc-1c471e57b5a5,Decision Making,2026-02-23T03:26:07.170Z,2026-02-23T11:26:07.170+08:00,AlphaGenesis-SDM-v1,SHORT,,HOLD,SHORT,nearest_decision_symbol,698,done,1,ai_logs
720693750489154291,34e5ff2e-b2a3-4094-aace-a508da58063b,2026-02-23T06:06:20.038Z,2026-02-23T14:06:20.038+08:00,Order Execution,BreakoutStraddle,cmt_btcusdt,1,OPEN_LONG,0.03157268325974692,,breakout_straddle,True,f9595b69-322e-4efd-820d-0841996624c3,Decision Making,2026-02-23T06:06:27.361Z,2026-02-23T14:06:27.361+08:00,AlphaGenesis-SDM-v1,HOLD,STRADDLE_BLOCKED,,NO_TRADE,nearest_decision_symbol_bidirectional,-7323,done,1,ai_logs
720693753345475315,ec92102a-42ba-494e-977f-fe90b9ef047b,2026-02-23T06:06:20.721Z,2026-02-23T14:06:20.721+08:00,Order Execution,BreakoutStraddle,cmt_btcusdt,2,OPEN_SHORT,0.03157268325974692,,breakout_straddle,True,f9595b69-322e-4efd-820d-0841996624c3,Decision Making,2026-02-23T06:06:27.361Z,2026-02-23T14:06:27.361+08:00,AlphaGenesis-SDM-v1,HOLD,STRADDLE_BLOCKED,,NO_TRADE,nearest_decision_symbol_bidirectional,-6640,done,1,ai_logs
720701883097809651,4010dfe2-dd6c-4ab0-a70c-03e956031a80,2026-02-23T06:38:39.003Z,2026-02-23T14:38:39.003+08:00,Order Execution,BreakoutStraddle,cmt_btcusdt,3,CLOSE_LONG,0.03157268325974692,,breakout_straddle,True,abc4ce39-9ef4-4102-b88f-eefcc16cef0b,Exit Decision,2026-02-23T06:38:38.333Z,2026-02-23T14:38:38.333+08:00,SDM:Straddle,close_hedge,,,,nearest_exit_decision_symbol,670,done,1,ai_logs
720701883097809651,e170d68a-59dd-425a-86d9-35a7dfb8b8aa,2026-02-23T06:38:39.009Z,2026-02-23T14:38:39.009+08:00,Exit Execution,SDM:Straddle,cmt_btcusdt,LONG,LONG_SIDE,0.03157268325974692,65095.8,,True,abc4ce39-9ef4-4102-b88f-eefcc16cef0b,Exit Decision,2026-02-23T06:38:38.333Z,2026-02-23T14:38:38.333+08:00,SDM:Straddle,close_hedge,,,,nearest_exit_decision_symbol,676,done,1,ai_logs
720701885958324979,aa48dd1d-7c00-4de8-8a57-33f0c59e3f05,2026-02-23T06:38:39.684Z,2026-02-23T14:38:39.684+08:00,Order Execution,BreakoutStraddle,cmt_btcusdt,4,CLOSE_SHORT,0.03157268325974692,,breakout_straddle,True,abc4ce39-9ef4-4102-b88f-eefcc16cef0b,Exit Decision,2026-02-23T06:38:38.333Z,2026-02-23T14:38:38.333+08:00,SDM:Straddle,close_hedge,,,,nearest_exit_decision_symbol,1351,done,1,ai_logs
720701885958324979,3a2e10a5-378d-478f-9797-06579022bb94,2026-02-23T06:38:39.690Z,2026-02-23T14:38:39.690+08:00,Exit Execution,SDM:Straddle,cmt_btcusdt,SHORT,SHORT_SIDE,0.03157268325974692,65095.8,,True,abc4ce39-9ef4-4102-b88f-eefcc16cef0b,Exit Decision,2026-02-23T06:38:38.333Z,2026-02-23T14:38:38.333+08:00,SDM:Straddle,close_hedge,,,,nearest_exit_decision_symbol,1357,done,1,ai_logs
720706279638565619,2e570cfc-4406-45f7-b170-1a2b848dc5f0,2026-02-23T06:56:07.221Z,2026-02-23T14:56:07.221+08:00,Order Execution,SDM:momentum,cmt_btcusdt,2,OPEN_SHORT,0.001,65734.8,,True,1be07353-0d05-49bf-88a7-a258793708d9,Decision Making,2026-02-23T06:56:06.546Z,2026-02-23T14:56:06.546+08:00,AlphaGenesis-SDM-v1,SHORT,,HOLD,SHORT,nearest_decision_symbol,675,done,1,ai_logs
720706301880959731,d69fd328-8d06-445a-bfad-0c32a525a3cf,2026-02-23T06:56:12.524Z,2026-02-23T14:56:12.524+08:00,Order Execution,SDM:momentum,cmt_ethusdt,2,OPEN_SHORT,0.21,1878.59,,True,7d865fee-3b29-40e6-acc3-f13a8dcf6faa,Decision Making,2026-02-23T06:56:11.848Z,2026-02-23T14:56:11.848+08:00,AlphaGenesis-SDM-v1,SHORT,,HOLD,SHORT,nearest_decision_symbol,676,done,1,ai_logs
720716258642756339,25589bd3-bed5-4b58-870c-601c732838dd,2026-02-23T07:35:46.401Z,2026-02-23T15:35:46.401+08:00,Order Execution,SDM:momentum,cmt_solusdt,2,OPEN_SHORT,7.2,79.13,,True,8e9107eb-9d00-444d-868c-19919c1a227b,Decision Making,2026-02-23T07:35:45.717Z,2026-02-23T15:35:45.717+08:00,AlphaGenesis-SDM-v1,SHORT,,HOLD,SHORT,nearest_decision_symbol,684,done,1,ai_logs
720717571694789363,2b007f08-f855-42aa-bfff-076b0b8a0364,2026-02-23T07:40:59.457Z,2026-02-23T15:40:59.457+08:00,Order Execution,SDM:momentum,cmt_solusdt,2,OPEN_SHORT,5.8,79.54,,True,8399edbe-8644-4e5f-837a-49187f9fcf01,Exit Decision,2026-02-23T07:45:08.542Z,2026-02-23T15:45:08.542+08:00,PositionMonitor,,,,,exact_order_id,-249085,done,1,ai_logs
720717571694789363,8399edbe-8644-4e5f-837a-49187f9fcf01,2026-02-23T07:45:08.542Z,2026-02-23T15:45:08.542+08:00,Exit Decision,PositionMonitor,cmt_solusdt,,UNKNOWN,54.5,80.34543119266056,,,8399edbe-8644-4e5f-837a-49187f9fcf01,Exit Decision,2026-02-23T07:45:08.542Z,2026-02-23T15:45:08.542+08:00,PositionMonitor,,,,,exact_order_id,0,done,1,ai_logs
720720194774762227,ecc9fb75-e037-4c57-be61-1f1b5b2b1a79,2026-02-23T07:51:24.848Z,2026-02-23T15:51:24.848+08:00,Order Execution,SDM:momentum,cmt_solusdt,2,OPEN_SHORT,7.6,79.41,,True,00b77610-70f6-44d0-961f-a40c2f38e49e,Decision Making,2026-02-23T07:51:24.174Z,2026-02-23T15:51:24.174+08:00,AlphaGenesis-SDM-v1,SHORT,,HOLD,SHORT,nearest_decision_symbol,674,done,1,ai_logs
720721507260564211,c028fcd6-ccd1-4f57-bf35-396741480022,2026-02-23T07:56:37.767Z,2026-02-23T15:56:37.767+08:00,Order Execution,SDM:momentum,cmt_solusdt,2,OPEN_SHORT,5.6,79.37,,True,f798455d-64c1-45c4-9a3a-d3fdc32d158a,Exit Decision,2026-02-23T11:30:45.094Z,2026-02-23T19:30:45.094+08:00,PositionMonitor,,,,,exact_order_id,-12847327,done,1,ai_logs
720748449410056947,c3677804-b687-4260-b3fc-10e26739b3b8,2026-02-23T09:43:41.277Z,2026-02-23T17:43:41.277+08:00,Order Execution,SDM:momentum,cmt_ethusdt,2,OPEN_SHORT,0.2,1909.34,,True,526e1a75-7fd7-4700-a9d2-a9c6ab368315,Decision Making,2026-02-23T09:43:40.598Z,2026-02-23T17:43:40.598+08:00,AlphaGenesis-SDM-v1,SHORT,,HOLD,SHORT,nearest_decision_symbol,679,done,1,ai_logs
720721507260564211,f798455d-64c1-45c4-9a3a-d3fdc32d158a,2026-02-23T11:30:45.094Z,2026-02-23T19:30:45.094+08:00,Exit Decision,PositionMonitor,cmt_solusdt,,UNKNOWN,67.7,79.3930303030303,,,f798455d-64c1-45c4-9a3a-d3fdc32d158a,Exit Decision,2026-02-23T11:30:45.094Z,2026-02-23T19:30:45.094+08:00,PositionMonitor,,,,,exact_order_id,0,dead,30,ai_logs
